{"assets":{"C9C7F896EF9D83653D16AA4102DE8139":{"type":"texture","index":1,"assetRequest":{"type":"slide","state":"contents","slide":"none"},"url":{"native":"assets\/372786D8-24AB-4E35-965E-FBCD5AD902E4.pdf"},"width":1920,"height":1080},"0E008082EBE76C87CD5EB340A07C569B":{"type":"texture","index":0,"assetRequest":{"type":"slide","state":"contents","slide":"none"},"url":{"native":"assets\/372786D8-24AB-4E35-965E-FBCD5AD902E4.pdf"},"width":1920,"height":1080}},"events":[{"effects":[{"beginTime":0,"baseLayer":{"animations":[],"initialState":{"affineTransform":[1,0,0,1,0,0],"masksToBounds":false,"rotation":0,"scale":1,"position":{"pointX":960,"pointY":540},"width":1920,"sublayerTransform":[1,0,0,0,0,1,0,0,0,0,1,0,0,0,0,1],"contentsRect":{"y":0,"x":0,"width":1,"height":1},"opacity":1,"edgeAntialiasingMask":251658240,"height":1080,"hidden":false,"anchorPoint":{"pointX":0.5,"pointY":0.5}},"objectID":"0","layers":[{"animations":[],"initialState":{"affineTransform":[1,0,0,1,0,0],"masksToBounds":false,"rotation":0,"scale":1,"position":{"pointX":960,"pointY":540},"width":1920,"sublayerTransform":[1,0,0,0,0,1,0,0,0,0,1,-0.00035007912466775983,0,0,0,1],"contentsRect":{"y":0,"x":0,"width":1,"height":1},"opacity":1,"edgeAntialiasingMask":251658240,"height":1080,"hidden":false,"anchorPoint":{"pointX":0.5,"pointY":0.5}},"layers":[{"animations":[],"layers":[],"texturedRectangle":{"isBackgroundTexture":false,"singleTextureOpacity":1,"textureType":0,"textBaseline":0,"textXHeight":0,"isVerticalText":false},"initialState":{"affineTransform":[1,0,0,1,0,0],"masksToBounds":false,"rotation":0,"scale":1,"position":{"pointX":960,"pointY":540},"width":1920,"sublayerTransform":[1,0,0,0,0,1,0,0,0,0,1,0,0,0,0,1],"contentsRect":{"y":0,"x":0,"width":1,"height":1},"opacity":1,"edgeAntialiasingMask":0,"height":1080,"hidden":false,"anchorPoint":{"pointX":0.5,"pointY":0.5}},"texture":"C9C7F896EF9D83653D16AA4102DE8139"},{"animations":[{"additive":false,"timeOffset":0,"beginTime":0,"from":{"scalar":false},"repeatCount":0,"fillMode":"both","duration":0.01,"autoreverses":false,"property":"hidden","to":{"scalar":true},"removedOnCompletion":false}],"layers":[],"texturedRectangle":{"isBackgroundTexture":false,"singleTextureOpacity":1,"textureType":0,"textBaseline":0,"textXHeight":0,"isVerticalText":false},"initialState":{"affineTransform":[1,0,0,1,0,0],"masksToBounds":false,"rotation":0,"scale":1,"position":{"pointX":960,"pointY":540},"width":1920,"sublayerTransform":[1,0,0,0,0,1,0,0,0,0,1,0,0,0,0,1],"contentsRect":{"y":0,"x":0,"width":1,"height":1},"opacity":1,"edgeAntialiasingMask":0,"height":1080,"hidden":false,"anchorPoint":{"pointX":0.5,"pointY":0.5}},"texture":"0E008082EBE76C87CD5EB340A07C569B"}]}]},"effects":[],"duration":0.01,"type":"transition","attributes":{"direction":0},"name":"none","objectID":"0"}],"automaticPlay":false,"hyperlinks":[],"accessibility":[{"text":"Motivation          Speech+Audio          Pre Processing          Networks          Verification+Identification          Detection+Recognition          Conditional          STT          TTS       ","targetRectangle":{"y":1021.5224609375,"x":69.71484375,"width":1827.24609375,"height":27.21484375}},{"text":"References","targetRectangle":{"y":46.669271469116211,"x":714.53905344009399,"width":490.921875,"height":106.859375}},{"text":"Exploring architectures, data and units for streaming end-to-end speech recognition with RNN-transducer \\u2028• https:\/\/arxiv.org\/abs\/1801.00841 \\u2028","targetRectangle":{"y":226.61666870117188,"x":60.581621356764572,"width":542.10320597473549,"height":28.546970624811934}},{"text":"ESPnet: end-to-end speech processing toolkit \\u2028• https:\/\/arxiv.org\/abs\/1804.00015\\u2028• https:\/\/github.com\/espnet\/espnet \\u2028","targetRectangle":{"y":282.14240272018316,"x":60.581621356764572,"width":238.75575574897232,"height":42.546970624811934}},{"text":"Hybrid CTC-attention based end-to-end speech recognition using subword units \\u2028• https:\/\/arxiv.org\/abs\/1807.04978 \\u2028","targetRectangle":{"y":351.66813673919444,"x":60.581621356764572,"width":413.5343804571408,"height":28.067603110931827}},{"text":"Streaming end-to-end speech recognition for mobile devices \\u2028• https:\/\/arxiv.org\/abs\/1811.06621 \\u2028","targetRectangle":{"y":406.71450324432556,"x":60.581621356764572,"width":314.21926476094876,"height":28.067603110931827}},{"text":"Bytes are all you need: end-to-end multilingual speech recognition and synthesis with bytes \\u2028• https:\/\/arxiv.org\/abs\/1811.09021 \\u2028","targetRectangle":{"y":461.76086974945673,"x":60.581621356764572,"width":471.54399537399422,"height":28.067603110931827}},{"text":"Fully convolutional speech recognition \\u2028• https:\/\/arxiv.org\/abs\/1812.06864 \\u2028","targetRectangle":{"y":516.80723625458791,"x":60.581621356764572,"width":206.94541918687526,"height":28.067603110931714}},{"text":"A spelling correction model for end-to-end speech recognition \\u2028• https:\/\/arxiv.org\/abs\/1902.07178 \\u2028","targetRectangle":{"y":571.85360275971902,"x":60.581621356764572,"width":323.66526307933037,"height":28.54697062481182}},{"text":"SpecAugment: a simple data augmentation method for automatic speech recognition \\u2028• https:\/\/arxiv.org\/abs\/1904.08779 \\u2028","targetRectangle":{"y":627.37933677873025,"x":60.581621356764572,"width":435.5115372473374,"height":28.54697062481182}},{"text":"RWTH ASR systems for LibriSpeech: hybrid vs attention -- w\/o data augmentation \\u2028• https:\/\/arxiv.org\/abs\/1905.03072 \\u2028","targetRectangle":{"y":682.90507079774147,"x":60.581621356764572,"width":429.29205104161059,"height":28.54697062481182}},{"text":"A comparative study on transformer vs RNN in speech applications \\u2028• https:\/\/arxiv.org\/abs\/1909.06317 \\u2028","targetRectangle":{"y":738.4308048167527,"x":60.581621356764572,"width":350.25786862496284,"height":28.546970624811934}},{"text":"Improving RNN transducer modeling for end-to-end speech recognition \\u2028• https:\/\/arxiv.org\/abs\/1909.12415 \\u2028","targetRectangle":{"y":793.95653883576392,"x":60.581621356764572,"width":372.60376965660606,"height":28.546970624811934}},{"text":"State-of-the-art speech recognition using multi-stream self-attention with dilated 1D convolutions \\u2028• https:\/\/arxiv.org\/abs\/1910.00716 \\u2028","targetRectangle":{"y":849.48227285477515,"x":60.581621356764572,"width":501.94081234388068,"height":28.546970624811934}},{"text":"Transformer-based acoustic modeling for hybrid speech recognition \\u2028• https:\/\/arxiv.org\/abs\/1910.09799 \\u2028","targetRectangle":{"y":905.00800687378637,"x":60.581621356764572,"width":351.97867508504538,"height":28.546970624811934}},{"text":"End-to-end ASR: from supervised to semi-supervised learning with modern architectures \\u2028• https:\/\/arxiv.org\/abs\/1911.08460 ","targetRectangle":{"y":960.5337408927976,"x":60.581621356764572,"width":458.6133639739453,"height":28.067603110931827}}],"baseLayer":{"animations":[],"initialState":{"affineTransform":[1,0,0,1,0,0],"masksToBounds":false,"rotation":0,"scale":1,"position":{"pointX":960,"pointY":540},"width":1920,"sublayerTransform":[1,0,0,0,0,1,0,0,0,0,1,0,0,0,0,1],"contentsRect":{"y":0,"x":0,"width":1,"height":1},"opacity":1,"edgeAntialiasingMask":251658240,"height":1080,"hidden":false,"anchorPoint":{"pointX":0.5,"pointY":0.5}},"objectID":"0","layers":[{"animations":[],"initialState":{"affineTransform":[1,0,0,1,0,0],"masksToBounds":false,"rotation":0,"scale":1,"position":{"pointX":960,"pointY":540},"width":1920,"sublayerTransform":[1,0,0,0,0,1,0,0,0,0,1,-0.00035007912466775983,0,0,0,1],"contentsRect":{"y":0,"x":0,"width":1,"height":1},"opacity":1,"edgeAntialiasingMask":251658240,"height":1080,"hidden":false,"anchorPoint":{"pointX":0.5,"pointY":0.5}},"layers":[{"animations":[],"layers":[],"texturedRectangle":{"isBackgroundTexture":false,"singleTextureOpacity":1,"textureType":0,"textBaseline":0,"textXHeight":0,"isVerticalText":false},"initialState":{"affineTransform":[1,0,0,1,0,0],"masksToBounds":false,"rotation":0,"scale":1,"position":{"pointX":960,"pointY":540},"width":1920,"sublayerTransform":[1,0,0,0,0,1,0,0,0,0,1,0,0,0,0,1],"contentsRect":{"y":0,"x":0,"width":1,"height":1},"opacity":1,"edgeAntialiasingMask":0,"height":1080,"hidden":false,"anchorPoint":{"pointX":0.5,"pointY":0.5}},"texture":"0E008082EBE76C87CD5EB340A07C569B"}]}]}}]}