{"assets":{"29C21EB09B15C8AA1385CC13E9F1C782":{"type":"texture","index":1,"assetRequest":{"type":"slide","state":"contents","slide":"none"},"url":{"native":"assets\/DA290A21-BDF4-4421-B8B8-0C159C1EE50D.pdf"},"width":1920,"height":1080},"0D5A50F4A3BC28E134D3C013600DCDA0":{"type":"texture","index":0,"assetRequest":{"type":"slide","state":"contents","slide":"none"},"url":{"native":"assets\/DA290A21-BDF4-4421-B8B8-0C159C1EE50D.pdf"},"width":1920,"height":1080}},"events":[{"effects":[{"beginTime":0,"baseLayer":{"animations":[],"initialState":{"affineTransform":[1,0,0,1,0,0],"masksToBounds":false,"rotation":0,"scale":1,"position":{"pointX":960,"pointY":540},"width":1920,"sublayerTransform":[1,0,0,0,0,1,0,0,0,0,1,0,0,0,0,1],"contentsRect":{"y":0,"x":0,"width":1,"height":1},"opacity":1,"edgeAntialiasingMask":251658240,"height":1080,"hidden":false,"anchorPoint":{"pointX":0.5,"pointY":0.5}},"objectID":"0","layers":[{"animations":[],"initialState":{"affineTransform":[1,0,0,1,0,0],"masksToBounds":false,"rotation":0,"scale":1,"position":{"pointX":960,"pointY":540},"width":1920,"sublayerTransform":[1,0,0,0,0,1,0,0,0,0,1,-0.00035007912466775983,0,0,0,1],"contentsRect":{"y":0,"x":0,"width":1,"height":1},"opacity":1,"edgeAntialiasingMask":251658240,"height":1080,"hidden":false,"anchorPoint":{"pointX":0.5,"pointY":0.5}},"layers":[{"animations":[],"layers":[],"texturedRectangle":{"isBackgroundTexture":false,"singleTextureOpacity":1,"textureType":0,"textBaseline":0,"textXHeight":0,"isVerticalText":false},"initialState":{"affineTransform":[1,0,0,1,0,0],"masksToBounds":false,"rotation":0,"scale":1,"position":{"pointX":960,"pointY":540},"width":1920,"sublayerTransform":[1,0,0,0,0,1,0,0,0,0,1,0,0,0,0,1],"contentsRect":{"y":0,"x":0,"width":1,"height":1},"opacity":1,"edgeAntialiasingMask":0,"height":1080,"hidden":false,"anchorPoint":{"pointX":0.5,"pointY":0.5}},"texture":"29C21EB09B15C8AA1385CC13E9F1C782"},{"animations":[{"additive":false,"timeOffset":0,"beginTime":0,"from":{"scalar":false},"repeatCount":0,"fillMode":"both","duration":0.01,"autoreverses":false,"property":"hidden","to":{"scalar":true},"removedOnCompletion":false}],"layers":[],"texturedRectangle":{"isBackgroundTexture":false,"singleTextureOpacity":1,"textureType":0,"textBaseline":0,"textXHeight":0,"isVerticalText":false},"initialState":{"affineTransform":[1,0,0,1,0,0],"masksToBounds":false,"rotation":0,"scale":1,"position":{"pointX":960,"pointY":540},"width":1920,"sublayerTransform":[1,0,0,0,0,1,0,0,0,0,1,0,0,0,0,1],"contentsRect":{"y":0,"x":0,"width":1,"height":1},"opacity":1,"edgeAntialiasingMask":0,"height":1080,"hidden":false,"anchorPoint":{"pointX":0.5,"pointY":0.5}},"texture":"0D5A50F4A3BC28E134D3C013600DCDA0"}]}]},"effects":[],"duration":0.01,"type":"transition","attributes":{"direction":0},"name":"none","objectID":"0"}],"automaticPlay":false,"hyperlinks":[],"accessibility":[{"text":"When dealing with BOW features, our input dimensions were fixed ￼, giving us a direct means to evaluate our model on any given example ￼ using the NLL:","targetRectangle":{"y":132.6666717529298,"x":49.833266694212625,"width":1851.2062694704055,"height":124.69860359970653}},{"text":"In language modeling, ￼ represents the last word in a length ￼ sequence, ￼, while ￼ is replaced by the prefix of that word: ￼. In this case our interpretation of log likelihood is muddled by the fact that, all else being equal, longer sequences yield lower NLL:","targetRectangle":{"y":379.36527535263633,"x":49.833266694212625,"width":1795.4764715295967,"height":246.69860359970653}},{"text":"Perplexity offers a useful evaluation metric for LMs (lower is better):","targetRectangle":{"y":809.06387895234286,"x":85.833266694212625,"width":1462.3499999999999,"height":61}},{"text":"equation.pdf","targetRectangle":{"y":138.59062555891902,"x":1544.633266694213,"width":187.15626947040505,"height":56.425347993864079}},{"text":"equation.pdf","targetRectangle":{"y":901.43875122070312,"x":560.87502670288086,"width":798.24994670095612,"height":110.70000000000005}},{"text":"equation.pdf","targetRectangle":{"y":385.28922915862552,"x":1448.3386373593235,"width":31.372429906542038,"height":56.425347993864079}},{"text":"equation.pdf","targetRectangle":{"y":381.90606221593657,"x":584.78326669421256,"width":65.805370665110672,"height":59.808514936552967}},{"text":"equation.pdf","targetRectangle":{"y":298.50469970703125,"x":683.79544716421515,"width":552.40910582783772,"height":38.625480171661366}},{"text":"equation.pdf","targetRectangle":{"y":444.25536401578989,"x":1081.8143321147736,"width":325.97475897196273,"height":59.808514936552967}},{"text":"equation.pdf","targetRectangle":{"y":200.93992735877225,"x":1432.0832666942129,"width":15.686214953271019,"height":56.425347993864079}},{"text":"equation.pdf","targetRectangle":{"y":444.25536401578989,"x":177.68326669421265,"width":66.031065420560765,"height":59.808514936552967}},{"text":"￼","targetRectangle":{"y":1038.7800302505493,"x":1893.5739821628085,"width":14.91599999999994,"height":26}},{"text":"equation.pdf","targetRectangle":{"y":381.90606221593657,"x":1732.9110672658658,"width":87.998670957943887,"height":59.808514936552967}},{"text":"Language model evaluation","targetRectangle":{"y":4,"x":40,"width":877.86999999999989,"height":84}},{"text":"equation.pdf","targetRectangle":{"y":653.73907995223999,"x":565.9569798707962,"width":788.0860402854762,"height":101.98584024890897}}],"baseLayer":{"animations":[],"initialState":{"affineTransform":[1,0,0,1,0,0],"masksToBounds":false,"rotation":0,"scale":1,"position":{"pointX":960,"pointY":540},"width":1920,"sublayerTransform":[1,0,0,0,0,1,0,0,0,0,1,0,0,0,0,1],"contentsRect":{"y":0,"x":0,"width":1,"height":1},"opacity":1,"edgeAntialiasingMask":251658240,"height":1080,"hidden":false,"anchorPoint":{"pointX":0.5,"pointY":0.5}},"objectID":"0","layers":[{"animations":[],"initialState":{"affineTransform":[1,0,0,1,0,0],"masksToBounds":false,"rotation":0,"scale":1,"position":{"pointX":960,"pointY":540},"width":1920,"sublayerTransform":[1,0,0,0,0,1,0,0,0,0,1,-0.00035007912466775983,0,0,0,1],"contentsRect":{"y":0,"x":0,"width":1,"height":1},"opacity":1,"edgeAntialiasingMask":251658240,"height":1080,"hidden":false,"anchorPoint":{"pointX":0.5,"pointY":0.5}},"layers":[{"animations":[],"layers":[],"texturedRectangle":{"isBackgroundTexture":false,"singleTextureOpacity":1,"textureType":0,"textBaseline":0,"textXHeight":0,"isVerticalText":false},"initialState":{"affineTransform":[1,0,0,1,0,0],"masksToBounds":false,"rotation":0,"scale":1,"position":{"pointX":960,"pointY":540},"width":1920,"sublayerTransform":[1,0,0,0,0,1,0,0,0,0,1,0,0,0,0,1],"contentsRect":{"y":0,"x":0,"width":1,"height":1},"opacity":1,"edgeAntialiasingMask":0,"height":1080,"hidden":false,"anchorPoint":{"pointX":0.5,"pointY":0.5}},"texture":"0D5A50F4A3BC28E134D3C013600DCDA0"}]}]}}]}