{"assets":{"1BB4E60D85E9451013DBBED3442CBF49":{"type":"texture","index":0,"assetRequest":{"type":"slide","state":"contents","slide":"none"},"url":{"native":"assets\/34B7BFB6-EC26-4C20-BBD7-F956FBEB2D5E.pdf"},"width":1920,"height":1080},"0E008082EBE76C87CD5EB340A07C569B":{"type":"texture","index":1,"assetRequest":{"type":"slide","state":"contents","slide":"none"},"url":{"native":"assets\/34B7BFB6-EC26-4C20-BBD7-F956FBEB2D5E.pdf"},"width":1920,"height":1080}},"events":[{"effects":[{"beginTime":0,"baseLayer":{"animations":[],"initialState":{"affineTransform":[1,0,0,1,0,0],"masksToBounds":false,"rotation":0,"scale":1,"position":{"pointX":960,"pointY":540},"width":1920,"sublayerTransform":[1,0,0,0,0,1,0,0,0,0,1,0,0,0,0,1],"contentsRect":{"y":0,"x":0,"width":1,"height":1},"opacity":1,"edgeAntialiasingMask":251658240,"height":1080,"hidden":false,"anchorPoint":{"pointX":0.5,"pointY":0.5}},"objectID":"0","layers":[{"animations":[],"initialState":{"affineTransform":[1,0,0,1,0,0],"masksToBounds":false,"rotation":0,"scale":1,"position":{"pointX":960,"pointY":540},"width":1920,"sublayerTransform":[1,0,0,0,0,1,0,0,0,0,1,-0.00035007912466775983,0,0,0,1],"contentsRect":{"y":0,"x":0,"width":1,"height":1},"opacity":1,"edgeAntialiasingMask":251658240,"height":1080,"hidden":false,"anchorPoint":{"pointX":0.5,"pointY":0.5}},"layers":[{"animations":[],"layers":[],"texturedRectangle":{"isBackgroundTexture":false,"singleTextureOpacity":1,"textureType":0,"textBaseline":0,"textXHeight":0,"isVerticalText":false},"initialState":{"affineTransform":[1,0,0,1,0,0],"masksToBounds":false,"rotation":0,"scale":1,"position":{"pointX":960,"pointY":540},"width":1920,"sublayerTransform":[1,0,0,0,0,1,0,0,0,0,1,0,0,0,0,1],"contentsRect":{"y":0,"x":0,"width":1,"height":1},"opacity":1,"edgeAntialiasingMask":0,"height":1080,"hidden":false,"anchorPoint":{"pointX":0.5,"pointY":0.5}},"texture":"0E008082EBE76C87CD5EB340A07C569B"},{"animations":[{"additive":false,"timeOffset":0,"beginTime":0,"from":{"scalar":false},"repeatCount":0,"fillMode":"both","duration":0.01,"autoreverses":false,"property":"hidden","to":{"scalar":true},"removedOnCompletion":false}],"layers":[],"texturedRectangle":{"isBackgroundTexture":false,"singleTextureOpacity":1,"textureType":0,"textBaseline":0,"textXHeight":0,"isVerticalText":false},"initialState":{"affineTransform":[1,0,0,1,0,0],"masksToBounds":false,"rotation":0,"scale":1,"position":{"pointX":960,"pointY":540},"width":1920,"sublayerTransform":[1,0,0,0,0,1,0,0,0,0,1,0,0,0,0,1],"contentsRect":{"y":0,"x":0,"width":1,"height":1},"opacity":1,"edgeAntialiasingMask":0,"height":1080,"hidden":false,"anchorPoint":{"pointX":0.5,"pointY":0.5}},"texture":"1BB4E60D85E9451013DBBED3442CBF49"}]}]},"effects":[],"duration":0.01,"type":"transition","attributes":{"direction":0},"name":"none","objectID":"0"}],"automaticPlay":false,"hyperlinks":[],"accessibility":[{"text":"Efficient implementation of recurrent neural network transducer in TensorFlow \\u2028• https:\/\/ieeexplore.ieee.org\/document\/8639690 \\u2028","targetRectangle":{"y":226.61666870117188,"x":63.58162190618782,"width":489.7850646760686,"height":36.49551309507342}},{"text":"A comparison of sequence-to-sequence models for speech recognition \\u2028• https:\/\/www.isca-speech.org\/archive\/Interspeech_2017\/pdfs\/0233.PDF \\u2028","targetRectangle":{"y":295.7306938925833,"x":63.58162190618782,"width":448.52435486391187,"height":36.495513095073363}},{"text":"Hybrid CTC\/attention architecture for end-to-end speech recognition \\u2028• https:\/\/www.merl.com\/publications\/docs\/TR2017-190.pdf \\u2028","targetRectangle":{"y":364.84471908399468,"x":63.58162190618782,"width":428.00863358430564,"height":36.495513095073363}},{"text":"Improved vocal tract length perturbation for a state-of-the-art end-to-end speech recognition system \\u2028• https:\/\/www.isca-speech.org\/archive\/Interspeech_2019\/abstracts\/3227.html \\u2028","targetRectangle":{"y":433.95874427540605,"x":63.58162190618782,"width":615.14987772963866,"height":36}},{"text":"Sequence transduction with recurrent neural networks \\u2028• https:\/\/arxiv.org\/abs\/1211.3711 \\u2028","targetRectangle":{"y":502.57725637174406,"x":63.58162190618782,"width":337.5811915923282,"height":36.49551309507342}},{"text":"Listen, attend and spell \\u2028• https:\/\/arxiv.org\/abs\/1508.01211 \\u2028","targetRectangle":{"y":571.69128156315548,"x":63.58162190618782,"width":216.2248576063663,"height":36.49551309507342}},{"text":"Joint CTC-attention based end-to-end speech recognition using multi-task learning \\u2028• https:\/\/arxiv.org\/abs\/1609.06773 \\u2028","targetRectangle":{"y":640.80530675456691,"x":63.58162190618782,"width":512.18669400408862,"height":36.49551309507342}},{"text":"Wav2Letter: an end-to-end convnet-based speech recognition system \\u2028• https:\/\/arxiv.org\/abs\/1609.03193 \\u2028","targetRectangle":{"y":709.91933194597834,"x":63.58162190618782,"width":428.47456380803135,"height":36.49551309507342}},{"text":"Joint CTC-attention based end-to-end speech recognition using multi-task learning \\u2028• https:\/\/arxiv.org\/abs\/1609.06773 \\u2028","targetRectangle":{"y":779.03335713738977,"x":63.58162190618782,"width":512.18669400408862,"height":36.49551309507342}},{"text":"Attention-based end-to-end speech recognition on voice search \\u2028• https:\/\/arxiv.org\/abs\/1707.07167 \\u2028","targetRectangle":{"y":848.1473823288012,"x":63.58162190618782,"width":392.67189375951881,"height":36.49551309507342}},{"text":"Exploring neural transducers for end-to-end speech recognition \\u2028• https:\/\/arxiv.org\/abs\/1707.07413 ","targetRectangle":{"y":917.26140752021263,"x":63.58162190618782,"width":394.35811742633575,"height":36}},{"text":"Motivation          Speech+Audio          Pre Processing          Networks          Verification+Identification          Detection+Recognition          Conditional          STT          TTS       ","targetRectangle":{"y":1021.5224609375,"x":69.71484375,"width":1827.24609375,"height":27.21484375}},{"text":"References","targetRectangle":{"y":46.669271469116211,"x":714.53905344009399,"width":490.921875,"height":106.859375}}],"baseLayer":{"animations":[],"initialState":{"affineTransform":[1,0,0,1,0,0],"masksToBounds":false,"rotation":0,"scale":1,"position":{"pointX":960,"pointY":540},"width":1920,"sublayerTransform":[1,0,0,0,0,1,0,0,0,0,1,0,0,0,0,1],"contentsRect":{"y":0,"x":0,"width":1,"height":1},"opacity":1,"edgeAntialiasingMask":251658240,"height":1080,"hidden":false,"anchorPoint":{"pointX":0.5,"pointY":0.5}},"objectID":"0","layers":[{"animations":[],"initialState":{"affineTransform":[1,0,0,1,0,0],"masksToBounds":false,"rotation":0,"scale":1,"position":{"pointX":960,"pointY":540},"width":1920,"sublayerTransform":[1,0,0,0,0,1,0,0,0,0,1,-0.00035007912466775983,0,0,0,1],"contentsRect":{"y":0,"x":0,"width":1,"height":1},"opacity":1,"edgeAntialiasingMask":251658240,"height":1080,"hidden":false,"anchorPoint":{"pointX":0.5,"pointY":0.5}},"layers":[{"animations":[],"layers":[],"texturedRectangle":{"isBackgroundTexture":false,"singleTextureOpacity":1,"textureType":0,"textBaseline":0,"textXHeight":0,"isVerticalText":false},"initialState":{"affineTransform":[1,0,0,1,0,0],"masksToBounds":false,"rotation":0,"scale":1,"position":{"pointX":960,"pointY":540},"width":1920,"sublayerTransform":[1,0,0,0,0,1,0,0,0,0,1,0,0,0,0,1],"contentsRect":{"y":0,"x":0,"width":1,"height":1},"opacity":1,"edgeAntialiasingMask":0,"height":1080,"hidden":false,"anchorPoint":{"pointX":0.5,"pointY":0.5}},"texture":"1BB4E60D85E9451013DBBED3442CBF49"}]}]}}]}