{"assets":{"5F0EAA3A7D2DCEB1A5941AE4EA080396":{"type":"texture","index":0,"assetRequest":{"type":"slide","state":"contents","slide":"none"},"url":{"native":"assets\/D9038B9D-9DBC-4E48-A9EE-D836BE8181D7.pdf"},"width":1920,"height":1080},"108DAD8028FBAB68D05177B566382CBD":{"type":"texture","index":1,"assetRequest":{"type":"slide","state":"contents","slide":"none"},"url":{"native":"assets\/D9038B9D-9DBC-4E48-A9EE-D836BE8181D7.pdf"},"width":1920,"height":1080}},"events":[{"effects":[{"beginTime":0,"baseLayer":{"animations":[],"initialState":{"affineTransform":[1,0,0,1,0,0],"masksToBounds":false,"rotation":0,"scale":1,"position":{"pointX":960,"pointY":540},"width":1920,"sublayerTransform":[1,0,0,0,0,1,0,0,0,0,1,0,0,0,0,1],"contentsRect":{"y":0,"x":0,"width":1,"height":1},"opacity":1,"edgeAntialiasingMask":251658240,"height":1080,"hidden":false,"anchorPoint":{"pointX":0.5,"pointY":0.5}},"objectID":"0","layers":[{"animations":[],"initialState":{"affineTransform":[1,0,0,1,0,0],"masksToBounds":false,"rotation":0,"scale":1,"position":{"pointX":960,"pointY":540},"width":1920,"sublayerTransform":[1,0,0,0,0,1,0,0,0,0,1,-0.00035007912466775983,0,0,0,1],"contentsRect":{"y":0,"x":0,"width":1,"height":1},"opacity":1,"edgeAntialiasingMask":251658240,"height":1080,"hidden":false,"anchorPoint":{"pointX":0.5,"pointY":0.5}},"layers":[{"animations":[],"layers":[],"texturedRectangle":{"isBackgroundTexture":false,"singleTextureOpacity":1,"textureType":0,"textBaseline":0,"textXHeight":0,"isVerticalText":false},"initialState":{"affineTransform":[1,0,0,1,0,0],"masksToBounds":false,"rotation":0,"scale":1,"position":{"pointX":960,"pointY":540},"width":1920,"sublayerTransform":[1,0,0,0,0,1,0,0,0,0,1,0,0,0,0,1],"contentsRect":{"y":0,"x":0,"width":1,"height":1},"opacity":1,"edgeAntialiasingMask":0,"height":1080,"hidden":false,"anchorPoint":{"pointX":0.5,"pointY":0.5}},"texture":"108DAD8028FBAB68D05177B566382CBD"},{"animations":[{"additive":false,"timeOffset":0,"beginTime":0,"from":{"scalar":false},"repeatCount":0,"fillMode":"both","duration":0.01,"autoreverses":false,"property":"hidden","to":{"scalar":true},"removedOnCompletion":false}],"layers":[],"texturedRectangle":{"isBackgroundTexture":false,"singleTextureOpacity":1,"textureType":0,"textBaseline":0,"textXHeight":0,"isVerticalText":false},"initialState":{"affineTransform":[1,0,0,1,0,0],"masksToBounds":false,"rotation":0,"scale":1,"position":{"pointX":960,"pointY":540},"width":1920,"sublayerTransform":[1,0,0,0,0,1,0,0,0,0,1,0,0,0,0,1],"contentsRect":{"y":0,"x":0,"width":1,"height":1},"opacity":1,"edgeAntialiasingMask":0,"height":1080,"hidden":false,"anchorPoint":{"pointX":0.5,"pointY":0.5}},"texture":"5F0EAA3A7D2DCEB1A5941AE4EA080396"}]}]},"effects":[],"duration":0.01,"type":"transition","attributes":{"direction":0},"name":"none","objectID":"0"}],"automaticPlay":false,"hyperlinks":[{"url":"https:\/\/arxiv.org\/abs\/1711.07128","targetRectangle":{"y":981.97808784246445,"x":1690.6531982421875,"width":206.96875,"height":19}}],"accessibility":[{"text":"Screen Shot 2021-10-18 at 3.25.58 PM.png","targetRectangle":{"y":222.20921325683594,"x":809.60101318359375,"width":1064,"height":319}},{"text":"Motivation          Speech+Audio          Pre Processing          Networks          Verification+Identification          Detection+Recognition          Conditional          STT          TTS       ","targetRectangle":{"y":1021.5224609375,"x":69.71484375,"width":1827.24609375,"height":27.21484375}},{"text":"While wake word detection, key word spotting, and command recognition have been listed as 3 separate tasks","targetRectangle":{"y":689.39141845703125,"x":788.7862548828125,"width":921.79199999999992,"height":83}},{"text":"There’s a lot of similarity between them","targetRectangle":{"y":772.39141845703125,"x":873.35768413543701,"width":433.07999999999993,"height":34}},{"text":"Don’t worry about \/ get too hung up on the distinctions as there’s potentially a lot of blurring in a practical system","targetRectangle":{"y":806.39141845703125,"x":873.35768413543701,"width":932.80799999999977,"height":57.3038330078125}},{"text":"Figure from https:\/\/arxiv.org\/abs\/1711.07128","targetRectangle":{"y":981.97808784246445,"x":1609.7781982421875,"width":287.84375,"height":19}},{"text":"Command Recognition","targetRectangle":{"y":46.669271469116211,"x":471.74999094009399,"width":976.5,"height":106.859375}},{"text":"Like key word spotting but","targetRectangle":{"y":200.51803588867188,"x":147.00000143051147,"width":426.59999999999991,"height":49}},{"text":"Typically used when the system is in a command entry mode","targetRectangle":{"y":249.51803588867188,"x":195,"width":583.19999999999993,"height":78}},{"text":"So likely still need to do some alignment, but a higher density of positive vs background classes","targetRectangle":{"y":327.51803588867188,"x":195,"width":584.85599999999999,"height":78}},{"text":"Data","targetRectangle":{"y":466.51803588867188,"x":147.00000143051147,"width":75.995999999999981,"height":61}},{"text":"Free spoken digit dataset (FSDD)","targetRectangle":{"y":527.51803588867188,"x":195,"width":354.2639999999999,"height":45}},{"text":"Google command dataset","targetRectangle":{"y":572.51803588867188,"x":195,"width":280.48799999999994,"height":45}},{"text":"This is also a classification problem","targetRectangle":{"y":678.51803588867188,"x":147.00000143051147,"width":558.61199999999997,"height":61}}],"baseLayer":{"animations":[],"initialState":{"affineTransform":[1,0,0,1,0,0],"masksToBounds":false,"rotation":0,"scale":1,"position":{"pointX":960,"pointY":540},"width":1920,"sublayerTransform":[1,0,0,0,0,1,0,0,0,0,1,0,0,0,0,1],"contentsRect":{"y":0,"x":0,"width":1,"height":1},"opacity":1,"edgeAntialiasingMask":251658240,"height":1080,"hidden":false,"anchorPoint":{"pointX":0.5,"pointY":0.5}},"objectID":"0","layers":[{"animations":[],"initialState":{"affineTransform":[1,0,0,1,0,0],"masksToBounds":false,"rotation":0,"scale":1,"position":{"pointX":960,"pointY":540},"width":1920,"sublayerTransform":[1,0,0,0,0,1,0,0,0,0,1,-0.00035007912466775983,0,0,0,1],"contentsRect":{"y":0,"x":0,"width":1,"height":1},"opacity":1,"edgeAntialiasingMask":251658240,"height":1080,"hidden":false,"anchorPoint":{"pointX":0.5,"pointY":0.5}},"layers":[{"animations":[],"layers":[],"texturedRectangle":{"isBackgroundTexture":false,"singleTextureOpacity":1,"textureType":0,"textBaseline":0,"textXHeight":0,"isVerticalText":false},"initialState":{"affineTransform":[1,0,0,1,0,0],"masksToBounds":false,"rotation":0,"scale":1,"position":{"pointX":960,"pointY":540},"width":1920,"sublayerTransform":[1,0,0,0,0,1,0,0,0,0,1,0,0,0,0,1],"contentsRect":{"y":0,"x":0,"width":1,"height":1},"opacity":1,"edgeAntialiasingMask":0,"height":1080,"hidden":false,"anchorPoint":{"pointX":0.5,"pointY":0.5}},"texture":"5F0EAA3A7D2DCEB1A5941AE4EA080396"}]}]}}]}