{"assets":{"7D8CD7A6E2284BD7229A1548B55EB2F0":{"type":"texture","index":0,"assetRequest":{"type":"slide","state":"contents","slide":"none"},"url":{"native":"assets\/3B3BD006-A4E4-4477-AA46-71DC75614BC7.pdf"},"width":1920,"height":1080},"F21C0C0113920E22716F17050167CFFF":{"type":"texture","index":1,"assetRequest":{"type":"slide","state":"contents","slide":"none"},"url":{"native":"assets\/3B3BD006-A4E4-4477-AA46-71DC75614BC7.pdf"},"width":1920,"height":1080}},"events":[{"effects":[{"beginTime":0,"baseLayer":{"animations":[],"initialState":{"affineTransform":[1,0,0,1,0,0],"masksToBounds":false,"rotation":0,"scale":1,"position":{"pointX":960,"pointY":540},"width":1920,"sublayerTransform":[1,0,0,0,0,1,0,0,0,0,1,0,0,0,0,1],"contentsRect":{"y":0,"x":0,"width":1,"height":1},"opacity":1,"edgeAntialiasingMask":251658240,"height":1080,"hidden":false,"anchorPoint":{"pointX":0.5,"pointY":0.5}},"objectID":"0","layers":[{"animations":[],"initialState":{"affineTransform":[1,0,0,1,0,0],"masksToBounds":false,"rotation":0,"scale":1,"position":{"pointX":960,"pointY":540},"width":1920,"sublayerTransform":[1,0,0,0,0,1,0,0,0,0,1,-0.00035007912466775983,0,0,0,1],"contentsRect":{"y":0,"x":0,"width":1,"height":1},"opacity":1,"edgeAntialiasingMask":251658240,"height":1080,"hidden":false,"anchorPoint":{"pointX":0.5,"pointY":0.5}},"layers":[{"animations":[],"layers":[],"texturedRectangle":{"isBackgroundTexture":false,"singleTextureOpacity":1,"textureType":0,"textBaseline":0,"textXHeight":0,"isVerticalText":false},"initialState":{"affineTransform":[1,0,0,1,0,0],"masksToBounds":false,"rotation":0,"scale":1,"position":{"pointX":960,"pointY":540},"width":1920,"sublayerTransform":[1,0,0,0,0,1,0,0,0,0,1,0,0,0,0,1],"contentsRect":{"y":0,"x":0,"width":1,"height":1},"opacity":1,"edgeAntialiasingMask":0,"height":1080,"hidden":false,"anchorPoint":{"pointX":0.5,"pointY":0.5}},"texture":"F21C0C0113920E22716F17050167CFFF"},{"animations":[{"additive":false,"timeOffset":0,"beginTime":0,"from":{"scalar":false},"repeatCount":0,"fillMode":"both","duration":0.01,"autoreverses":false,"property":"hidden","to":{"scalar":true},"removedOnCompletion":false}],"layers":[],"texturedRectangle":{"isBackgroundTexture":false,"singleTextureOpacity":1,"textureType":0,"textBaseline":0,"textXHeight":0,"isVerticalText":false},"initialState":{"affineTransform":[1,0,0,1,0,0],"masksToBounds":false,"rotation":0,"scale":1,"position":{"pointX":960,"pointY":540},"width":1920,"sublayerTransform":[1,0,0,0,0,1,0,0,0,0,1,0,0,0,0,1],"contentsRect":{"y":0,"x":0,"width":1,"height":1},"opacity":1,"edgeAntialiasingMask":0,"height":1080,"hidden":false,"anchorPoint":{"pointX":0.5,"pointY":0.5}},"texture":"7D8CD7A6E2284BD7229A1548B55EB2F0"}]}]},"effects":[],"duration":0.01,"type":"transition","attributes":{"direction":0},"name":"none","objectID":"0"}],"automaticPlay":false,"hyperlinks":[],"accessibility":[{"text":"Network Properties","targetRectangle":{"y":46.669271469116211,"x":551.85936594009399,"width":816.28125,"height":106.859375}},{"text":"Motivation          Speech+Audio          Pre Processing          Networks          Verification+Identification          Detection+Recognition          Conditional          STT          TTS       ","targetRectangle":{"y":1021.5224609375,"x":69.71484375,"width":1827.24609375,"height":27.21484375}},{"text":"The specific network used to map from input features to output classes used in the original paper was a bidirectional LSTM","targetRectangle":{"y":237.33863830566406,"x":138.50917196273804,"width":1668.5999999999999,"height":98}},{"text":"A nice part of this is the forwards and backwards sequential combination of information to map from weak features (MFCC) to classes","targetRectangle":{"y":335.33863830566406,"x":186.50917053222656,"width":1421.8080000000002,"height":45}},{"text":"However, the use of this network is not a requirement and other networks can be used","targetRectangle":{"y":380.33863830566406,"x":186.50917053222656,"width":920.47200000000066,"height":45}},{"text":"Network output predictions are independent","targetRectangle":{"y":425.33863830566406,"x":138.50917196273804,"width":719.20799999999963,"height":61}},{"text":"This does not take advantage of the structure of language (Challenge 2)","targetRectangle":{"y":486.33863830566406,"x":186.50917053222656,"width":768.12000000000057,"height":45}},{"text":"This can be addressed in multiple ways, the most common being using beam search decoding on a N best list to include an external language model(s)","targetRectangle":{"y":531.33863830566406,"x":186.50917053222656,"width":1621.104000000001,"height":45}},{"text":"This makes adaptation to new domains easier as only the external language model changes","targetRectangle":{"y":576.33863830566406,"x":186.50917053222656,"width":980.13600000000065,"height":45}},{"text":"The output sequence length cannot be longer than the input sequence length","targetRectangle":{"y":621.33863830566406,"x":138.50917196273804,"width":1253.4840000000004,"height":61}},{"text":"This is not a big deal for speech to text as the number of speech frames is typically >> the number of output graphemes","targetRectangle":{"y":682.33863830566406,"x":186.50917053222656,"width":1286.6160000000013,"height":45}},{"text":"Alignments are monotonic from output classes to labels","targetRectangle":{"y":727.33863830566406,"x":138.50917196273804,"width":893.30399999999963,"height":61}},{"text":"This is reasonable for speech","targetRectangle":{"y":788.33863830566406,"x":186.50917053222656,"width":308.92799999999988,"height":45}},{"text":"But not valid for sequence to sequence modes (like language translation)","targetRectangle":{"y":833.33863830566406,"x":186.50917053222656,"width":780.09600000000023,"height":45}}],"baseLayer":{"animations":[],"initialState":{"affineTransform":[1,0,0,1,0,0],"masksToBounds":false,"rotation":0,"scale":1,"position":{"pointX":960,"pointY":540},"width":1920,"sublayerTransform":[1,0,0,0,0,1,0,0,0,0,1,0,0,0,0,1],"contentsRect":{"y":0,"x":0,"width":1,"height":1},"opacity":1,"edgeAntialiasingMask":251658240,"height":1080,"hidden":false,"anchorPoint":{"pointX":0.5,"pointY":0.5}},"objectID":"0","layers":[{"animations":[],"initialState":{"affineTransform":[1,0,0,1,0,0],"masksToBounds":false,"rotation":0,"scale":1,"position":{"pointX":960,"pointY":540},"width":1920,"sublayerTransform":[1,0,0,0,0,1,0,0,0,0,1,-0.00035007912466775983,0,0,0,1],"contentsRect":{"y":0,"x":0,"width":1,"height":1},"opacity":1,"edgeAntialiasingMask":251658240,"height":1080,"hidden":false,"anchorPoint":{"pointX":0.5,"pointY":0.5}},"layers":[{"animations":[],"layers":[],"texturedRectangle":{"isBackgroundTexture":false,"singleTextureOpacity":1,"textureType":0,"textBaseline":0,"textXHeight":0,"isVerticalText":false},"initialState":{"affineTransform":[1,0,0,1,0,0],"masksToBounds":false,"rotation":0,"scale":1,"position":{"pointX":960,"pointY":540},"width":1920,"sublayerTransform":[1,0,0,0,0,1,0,0,0,0,1,0,0,0,0,1],"contentsRect":{"y":0,"x":0,"width":1,"height":1},"opacity":1,"edgeAntialiasingMask":0,"height":1080,"hidden":false,"anchorPoint":{"pointX":0.5,"pointY":0.5}},"texture":"7D8CD7A6E2284BD7229A1548B55EB2F0"}]}]}}]}