{"assets":{"AF03B3EE380AEF54BF31E6729B504375":{"type":"texture","index":0,"assetRequest":{"type":"slide","state":"contents","slide":"none"},"url":{"native":"assets\/64ED270E-3041-4F25-BE1E-98B957EACED3.pdf"},"width":1920,"height":1080},"1904C95095EFE7E98030A5CAEBA9B22C":{"type":"texture","index":1,"assetRequest":{"type":"slide","state":"contents","slide":"none"},"url":{"native":"assets\/64ED270E-3041-4F25-BE1E-98B957EACED3.pdf"},"width":1920,"height":1080}},"events":[{"effects":[{"beginTime":0,"baseLayer":{"animations":[],"initialState":{"affineTransform":[1,0,0,1,0,0],"masksToBounds":false,"rotation":0,"scale":1,"position":{"pointX":960,"pointY":540},"width":1920,"sublayerTransform":[1,0,0,0,0,1,0,0,0,0,1,0,0,0,0,1],"contentsRect":{"y":0,"x":0,"width":1,"height":1},"opacity":1,"edgeAntialiasingMask":251658240,"height":1080,"hidden":false,"anchorPoint":{"pointX":0.5,"pointY":0.5}},"objectID":"0","layers":[{"animations":[],"initialState":{"affineTransform":[1,0,0,1,0,0],"masksToBounds":false,"rotation":0,"scale":1,"position":{"pointX":960,"pointY":540},"width":1920,"sublayerTransform":[1,0,0,0,0,1,0,0,0,0,1,-0.00035007912466775983,0,0,0,1],"contentsRect":{"y":0,"x":0,"width":1,"height":1},"opacity":1,"edgeAntialiasingMask":251658240,"height":1080,"hidden":false,"anchorPoint":{"pointX":0.5,"pointY":0.5}},"layers":[{"animations":[],"layers":[],"texturedRectangle":{"isBackgroundTexture":false,"singleTextureOpacity":1,"textureType":0,"textBaseline":0,"textXHeight":0,"isVerticalText":false},"initialState":{"affineTransform":[1,0,0,1,0,0],"masksToBounds":false,"rotation":0,"scale":1,"position":{"pointX":960,"pointY":540},"width":1920,"sublayerTransform":[1,0,0,0,0,1,0,0,0,0,1,0,0,0,0,1],"contentsRect":{"y":0,"x":0,"width":1,"height":1},"opacity":1,"edgeAntialiasingMask":0,"height":1080,"hidden":false,"anchorPoint":{"pointX":0.5,"pointY":0.5}},"texture":"1904C95095EFE7E98030A5CAEBA9B22C"},{"animations":[{"additive":false,"timeOffset":0,"beginTime":0,"from":{"scalar":false},"repeatCount":0,"fillMode":"both","duration":0.01,"autoreverses":false,"property":"hidden","to":{"scalar":true},"removedOnCompletion":false}],"layers":[],"texturedRectangle":{"isBackgroundTexture":false,"singleTextureOpacity":1,"textureType":0,"textBaseline":0,"textXHeight":0,"isVerticalText":false},"initialState":{"affineTransform":[1,0,0,1,0,0],"masksToBounds":false,"rotation":0,"scale":1,"position":{"pointX":960,"pointY":540},"width":1920,"sublayerTransform":[1,0,0,0,0,1,0,0,0,0,1,0,0,0,0,1],"contentsRect":{"y":0,"x":0,"width":1,"height":1},"opacity":1,"edgeAntialiasingMask":0,"height":1080,"hidden":false,"anchorPoint":{"pointX":0.5,"pointY":0.5}},"texture":"AF03B3EE380AEF54BF31E6729B504375"}]}]},"effects":[],"duration":0.01,"type":"transition","attributes":{"direction":0},"name":"none","objectID":"0"}],"automaticPlay":false,"hyperlinks":[],"accessibility":[{"text":"Method 1: Connectionist Temporal Classification (CTC)","targetRectangle":{"y":56.669271469116211,"x":23.498770236968994,"width":1873.00244140625,"height":86.48095703125}},{"text":"Motivation          Speech+Audio          Pre Processing          Networks          Verification+Identification          Detection+Recognition          Conditional          STT          TTS       ","targetRectangle":{"y":1021.5224609375,"x":69.71484375,"width":1827.24609375,"height":27.21484375}},{"text":"Pre processing to generate MFCCs or a variant is common","targetRectangle":{"y":217.41506958007812,"x":95.815803050994873,"width":936.07200000000012,"height":49}},{"text":"Other options are also possible","targetRectangle":{"y":266.41506958007812,"x":143.8158016204834,"width":334.63199999999989,"height":45}},{"text":"May 0 pad the input to a constant length","targetRectangle":{"y":311.41506958007812,"x":143.8158016204834,"width":437.80799999999999,"height":45}},{"text":"Encoder generates strong features from MFCCs","targetRectangle":{"y":401.41506958007812,"x":95.815803050994873,"width":766.0440000000001,"height":61}},{"text":"RNN, LSTM, bi directional, pyramidal, CNN, self attention, …","targetRectangle":{"y":462.41506958007812,"x":143.8158016204834,"width":655.08000000000027,"height":45}},{"text":"Possibly use transfer learning for low resource languages","targetRectangle":{"y":507.41506958007812,"x":143.8158016204834,"width":605.2800000000002,"height":45}},{"text":"Decoder does alignment and phoneme, grapheme (character) or word piece PMF prediction and assembly","targetRectangle":{"y":613.41506958007812,"x":95.815803050994873,"width":1712.2680000000016,"height":61}},{"text":"If doing phoneme prediction then a separate pronunciation model is required to generate words","targetRectangle":{"y":674.41506958007812,"x":143.8158016204834,"width":1032.0720000000003,"height":45}},{"text":"If doing word piece prediction then typically include graphemes as a subset such that there are no out of vocabulary words","targetRectangle":{"y":719.41506958007812,"x":143.8158016204834,"width":1312.1520000000007,"height":45}},{"text":"Possible to keep most likely predictions or a N best list of predictions which enables an external language model","targetRectangle":{"y":764.41506958007812,"x":143.8158016204834,"width":1203.4800000000007,"height":45}},{"text":"Post processing","targetRectangle":{"y":870.41506958007812,"x":95.815803050994873,"width":252.64799999999997,"height":61}},{"text":"Incorporation of an external language model to go from N best list to transcription","targetRectangle":{"y":931.41506958007812,"x":143.8158016204834,"width":883.03200000000015,"height":45}}],"baseLayer":{"animations":[],"initialState":{"affineTransform":[1,0,0,1,0,0],"masksToBounds":false,"rotation":0,"scale":1,"position":{"pointX":960,"pointY":540},"width":1920,"sublayerTransform":[1,0,0,0,0,1,0,0,0,0,1,0,0,0,0,1],"contentsRect":{"y":0,"x":0,"width":1,"height":1},"opacity":1,"edgeAntialiasingMask":251658240,"height":1080,"hidden":false,"anchorPoint":{"pointX":0.5,"pointY":0.5}},"objectID":"0","layers":[{"animations":[],"initialState":{"affineTransform":[1,0,0,1,0,0],"masksToBounds":false,"rotation":0,"scale":1,"position":{"pointX":960,"pointY":540},"width":1920,"sublayerTransform":[1,0,0,0,0,1,0,0,0,0,1,-0.00035007912466775983,0,0,0,1],"contentsRect":{"y":0,"x":0,"width":1,"height":1},"opacity":1,"edgeAntialiasingMask":251658240,"height":1080,"hidden":false,"anchorPoint":{"pointX":0.5,"pointY":0.5}},"layers":[{"animations":[],"layers":[],"texturedRectangle":{"isBackgroundTexture":false,"singleTextureOpacity":1,"textureType":0,"textBaseline":0,"textXHeight":0,"isVerticalText":false},"initialState":{"affineTransform":[1,0,0,1,0,0],"masksToBounds":false,"rotation":0,"scale":1,"position":{"pointX":960,"pointY":540},"width":1920,"sublayerTransform":[1,0,0,0,0,1,0,0,0,0,1,0,0,0,0,1],"contentsRect":{"y":0,"x":0,"width":1,"height":1},"opacity":1,"edgeAntialiasingMask":0,"height":1080,"hidden":false,"anchorPoint":{"pointX":0.5,"pointY":0.5}},"texture":"AF03B3EE380AEF54BF31E6729B504375"}]}]}}]}