{"assets":{"B00C99BB3C0992E920D6DF288B49EC31":{"type":"texture","index":0,"assetRequest":{"type":"slide","state":"contents","slide":"none"},"url":{"native":"assets\/A6BDA4A4-3144-49A6-BABA-260D244CFD01.pdf"},"width":1920,"height":1080},"63B2964A3628911A62487FC2187DED8C":{"type":"texture","index":1,"assetRequest":{"type":"slide","state":"contents","slide":"none"},"url":{"native":"assets\/A6BDA4A4-3144-49A6-BABA-260D244CFD01.pdf"},"width":1920,"height":1080}},"events":[{"effects":[{"beginTime":0,"baseLayer":{"animations":[],"initialState":{"affineTransform":[1,0,0,1,0,0],"masksToBounds":false,"rotation":0,"scale":1,"position":{"pointX":960,"pointY":540},"width":1920,"sublayerTransform":[1,0,0,0,0,1,0,0,0,0,1,0,0,0,0,1],"contentsRect":{"y":0,"x":0,"width":1,"height":1},"opacity":1,"edgeAntialiasingMask":251658240,"height":1080,"hidden":false,"anchorPoint":{"pointX":0.5,"pointY":0.5}},"objectID":"0","layers":[{"animations":[],"initialState":{"affineTransform":[1,0,0,1,0,0],"masksToBounds":false,"rotation":0,"scale":1,"position":{"pointX":960,"pointY":540},"width":1920,"sublayerTransform":[1,0,0,0,0,1,0,0,0,0,1,-0.00035007912466775983,0,0,0,1],"contentsRect":{"y":0,"x":0,"width":1,"height":1},"opacity":1,"edgeAntialiasingMask":251658240,"height":1080,"hidden":false,"anchorPoint":{"pointX":0.5,"pointY":0.5}},"layers":[{"animations":[],"layers":[],"texturedRectangle":{"isBackgroundTexture":false,"singleTextureOpacity":1,"textureType":0,"textBaseline":0,"textXHeight":0,"isVerticalText":false},"initialState":{"affineTransform":[1,0,0,1,0,0],"masksToBounds":false,"rotation":0,"scale":1,"position":{"pointX":960,"pointY":540},"width":1920,"sublayerTransform":[1,0,0,0,0,1,0,0,0,0,1,0,0,0,0,1],"contentsRect":{"y":0,"x":0,"width":1,"height":1},"opacity":1,"edgeAntialiasingMask":0,"height":1080,"hidden":false,"anchorPoint":{"pointX":0.5,"pointY":0.5}},"texture":"63B2964A3628911A62487FC2187DED8C"},{"animations":[{"additive":false,"timeOffset":0,"beginTime":0,"from":{"scalar":false},"repeatCount":0,"fillMode":"both","duration":0.01,"autoreverses":false,"property":"hidden","to":{"scalar":true},"removedOnCompletion":false}],"layers":[],"texturedRectangle":{"isBackgroundTexture":false,"singleTextureOpacity":1,"textureType":0,"textBaseline":0,"textXHeight":0,"isVerticalText":false},"initialState":{"affineTransform":[1,0,0,1,0,0],"masksToBounds":false,"rotation":0,"scale":1,"position":{"pointX":960,"pointY":540},"width":1920,"sublayerTransform":[1,0,0,0,0,1,0,0,0,0,1,0,0,0,0,1],"contentsRect":{"y":0,"x":0,"width":1,"height":1},"opacity":1,"edgeAntialiasingMask":0,"height":1080,"hidden":false,"anchorPoint":{"pointX":0.5,"pointY":0.5}},"texture":"B00C99BB3C0992E920D6DF288B49EC31"}]}]},"effects":[],"duration":0.01,"type":"transition","attributes":{"direction":0},"name":"none","objectID":"0"}],"automaticPlay":false,"hyperlinks":[{"url":"https:\/\/haythamfayek.com\/2016\/04\/21\/speech-processing-for-machine-learning.html","targetRectangle":{"y":988.9129633307457,"x":1364.9461669921875,"width":539.9765625,"height":19}}],"accessibility":[{"text":"Figure from https:\/\/haythamfayek.com\/2016\/04\/21\/speech-processing-for-machine-learning.html","targetRectangle":{"y":988.9129633307457,"x":1284.0711669921875,"width":620.8515625,"height":19}},{"text":"Window and Create a Spectrogram","targetRectangle":{"y":46.669271469116211,"x":210.30467844009399,"width":1499.390625,"height":106.859375}},{"text":"To better understand the speech or audio signal it’s useful to look at it in the frequency domain","targetRectangle":{"y":200.51803588867188,"x":147.00000143051147,"width":781.95600000000002,"height":98}},{"text":"But taking a DFT (Fourier transform) of the whole waveform would lose all temporal information","targetRectangle":{"y":298.51803588867188,"x":195,"width":763.96800000000007,"height":78}},{"text":"So the input waveform is blocked into frames of ~20-25 ms with ~10ms of overlap","targetRectangle":{"y":421.51803588867188,"x":147.00000143051147,"width":777.31200000000001,"height":110}},{"text":"Blocking is equivalent to windowing a rectangular function which has a sin() for a transform and results in spectral leakage (multiplication in time == convolution in frequency domain)","targetRectangle":{"y":531.51803588867188,"x":195,"width":778.94399999999996,"height":111}},{"text":"To reduce spectral leakage, a Hamming window is often applied (lower side lobes in freq domain)","targetRectangle":{"y":642.51803588867188,"x":195,"width":764.47199999999998,"height":78}},{"text":"The DFT of each frame is then taken and the magnitude is used to create a spectrogram","targetRectangle":{"y":765.51803588867188,"x":147.00000143051147,"width":724.8599999999999,"height":110}},{"text":"Motivation          Speech+Audio          Pre Processing          Networks          Verification+Identification          Detection+Recognition          Conditional          STT          TTS       ","targetRectangle":{"y":1021.5224609375,"x":69.71484375,"width":1827.24609375,"height":27.21484375}},{"text":"pasted-image.tiff","targetRectangle":{"y":248.91470336914062,"x":1060.2427978515625,"width":786.6041259765625,"height":656.6866455078125}}],"baseLayer":{"animations":[],"initialState":{"affineTransform":[1,0,0,1,0,0],"masksToBounds":false,"rotation":0,"scale":1,"position":{"pointX":960,"pointY":540},"width":1920,"sublayerTransform":[1,0,0,0,0,1,0,0,0,0,1,0,0,0,0,1],"contentsRect":{"y":0,"x":0,"width":1,"height":1},"opacity":1,"edgeAntialiasingMask":251658240,"height":1080,"hidden":false,"anchorPoint":{"pointX":0.5,"pointY":0.5}},"objectID":"0","layers":[{"animations":[],"initialState":{"affineTransform":[1,0,0,1,0,0],"masksToBounds":false,"rotation":0,"scale":1,"position":{"pointX":960,"pointY":540},"width":1920,"sublayerTransform":[1,0,0,0,0,1,0,0,0,0,1,-0.00035007912466775983,0,0,0,1],"contentsRect":{"y":0,"x":0,"width":1,"height":1},"opacity":1,"edgeAntialiasingMask":251658240,"height":1080,"hidden":false,"anchorPoint":{"pointX":0.5,"pointY":0.5}},"layers":[{"animations":[],"layers":[],"texturedRectangle":{"isBackgroundTexture":false,"singleTextureOpacity":1,"textureType":0,"textBaseline":0,"textXHeight":0,"isVerticalText":false},"initialState":{"affineTransform":[1,0,0,1,0,0],"masksToBounds":false,"rotation":0,"scale":1,"position":{"pointX":960,"pointY":540},"width":1920,"sublayerTransform":[1,0,0,0,0,1,0,0,0,0,1,0,0,0,0,1],"contentsRect":{"y":0,"x":0,"width":1,"height":1},"opacity":1,"edgeAntialiasingMask":0,"height":1080,"hidden":false,"anchorPoint":{"pointX":0.5,"pointY":0.5}},"texture":"B00C99BB3C0992E920D6DF288B49EC31"}]}]}}]}