{"assets":{"81FE88DB8A293D0DF483443008E16D14":{"type":"texture","index":0,"assetRequest":{"type":"slide","state":"contents","slide":"none"},"url":{"native":"assets\/AD40942E-656B-4CEC-B010-6B26B9D62A03.pdf"},"width":1920,"height":1080},"CF7E924F0B4FCE18010505F0F7D94FD5":{"type":"texture","index":1,"assetRequest":{"type":"slide","state":"contents","slide":"none"},"url":{"native":"assets\/AD40942E-656B-4CEC-B010-6B26B9D62A03.pdf"},"width":1920,"height":1080}},"events":[{"effects":[{"beginTime":0,"baseLayer":{"animations":[],"initialState":{"affineTransform":[1,0,0,1,0,0],"masksToBounds":false,"rotation":0,"scale":1,"position":{"pointX":960,"pointY":540},"width":1920,"sublayerTransform":[1,0,0,0,0,1,0,0,0,0,1,0,0,0,0,1],"contentsRect":{"y":0,"x":0,"width":1,"height":1},"opacity":1,"edgeAntialiasingMask":251658240,"height":1080,"hidden":false,"anchorPoint":{"pointX":0.5,"pointY":0.5}},"objectID":"0","layers":[{"animations":[],"initialState":{"affineTransform":[1,0,0,1,0,0],"masksToBounds":false,"rotation":0,"scale":1,"position":{"pointX":960,"pointY":540},"width":1920,"sublayerTransform":[1,0,0,0,0,1,0,0,0,0,1,-0.00035007912466775983,0,0,0,1],"contentsRect":{"y":0,"x":0,"width":1,"height":1},"opacity":1,"edgeAntialiasingMask":251658240,"height":1080,"hidden":false,"anchorPoint":{"pointX":0.5,"pointY":0.5}},"layers":[{"animations":[],"layers":[],"texturedRectangle":{"isBackgroundTexture":false,"singleTextureOpacity":1,"textureType":0,"textBaseline":0,"textXHeight":0,"isVerticalText":false},"initialState":{"affineTransform":[1,0,0,1,0,0],"masksToBounds":false,"rotation":0,"scale":1,"position":{"pointX":960,"pointY":540},"width":1920,"sublayerTransform":[1,0,0,0,0,1,0,0,0,0,1,0,0,0,0,1],"contentsRect":{"y":0,"x":0,"width":1,"height":1},"opacity":1,"edgeAntialiasingMask":0,"height":1080,"hidden":false,"anchorPoint":{"pointX":0.5,"pointY":0.5}},"texture":"CF7E924F0B4FCE18010505F0F7D94FD5"},{"animations":[{"additive":false,"timeOffset":0,"beginTime":0,"from":{"scalar":false},"repeatCount":0,"fillMode":"both","duration":0.01,"autoreverses":false,"property":"hidden","to":{"scalar":true},"removedOnCompletion":false}],"layers":[],"texturedRectangle":{"isBackgroundTexture":false,"singleTextureOpacity":1,"textureType":0,"textBaseline":0,"textXHeight":0,"isVerticalText":false},"initialState":{"affineTransform":[1,0,0,1,0,0],"masksToBounds":false,"rotation":0,"scale":1,"position":{"pointX":960,"pointY":540},"width":1920,"sublayerTransform":[1,0,0,0,0,1,0,0,0,0,1,0,0,0,0,1],"contentsRect":{"y":0,"x":0,"width":1,"height":1},"opacity":1,"edgeAntialiasingMask":0,"height":1080,"hidden":false,"anchorPoint":{"pointX":0.5,"pointY":0.5}},"texture":"81FE88DB8A293D0DF483443008E16D14"}]}]},"effects":[],"duration":0.01,"type":"transition","attributes":{"direction":0},"name":"none","objectID":"0"}],"automaticPlay":false,"hyperlinks":[],"accessibility":[{"text":"Conditional Model for Text to Audio\/Speech","targetRectangle":{"y":47.669271469116211,"x":62.065908908843994,"width":1795.8681640625,"height":104.9248046875}},{"text":"Motivation          Speech+Audio          Pre Processing          Networks          Verification+Identification          Detection+Recognition          Conditional          STT          TTS       ","targetRectangle":{"y":1021.5224609375,"x":69.71484375,"width":1827.24609375,"height":27.21484375}},{"text":"equation.pdf","targetRectangle":{"y":844.11077909380481,"x":654.559801620484,"width":252.91049473042688,"height":35.847854756863285}},{"text":"equation.pdf","targetRectangle":{"y":748.41506958007824,"x":698.81580162048442,"width":444.04933994428882,"height":35.847854756863285}},{"text":"Covered in the section after the next section","targetRectangle":{"y":217.41506958007812,"x":95.815801620483398,"width":474.64800000000002,"height":33}},{"text":"Learn a model for audio that can predict the next audio sample given previous audio samples","targetRectangle":{"y":250.41506958007812,"x":95.815803050994873,"width":1500.084000000001,"height":61}},{"text":"This model can be optimized for specific or general types of audio by training on that type of audio","targetRectangle":{"y":311.41506958007812,"x":143.8158016204834,"width":1062.1680000000001,"height":45}},{"text":"Ex: human speech, music genres, NY city cab quality radio, etc.","targetRectangle":{"y":356.41506958007812,"x":143.8158016204834,"width":676.58400000000006,"height":45}},{"text":"Then focus \/ bias the audio sample predictions via conditioning on features generated from a specific text","targetRectangle":{"y":446.41506958007812,"x":95.815803050994873,"width":1696.680000000001,"height":61}},{"text":"This creates a conditional model that produces audio (speech, music) corresponding to the given text (words, instruments)","targetRectangle":{"y":507.41506958007812,"x":143.8158016204834,"width":1304.0400000000011,"height":45}},{"text":"Note that it’s possible to condition on more than one thing (e.g. words + voice characteristics from a specific speaker to create a conditional model that produces speech corresponding to the specific words in the voice of the specific speaker)","targetRectangle":{"y":552.41506958007812,"x":143.8158016204834,"width":1731.0480000000002,"height":78}},{"text":"In equations (the network approximates this PMF)","targetRectangle":{"y":675.41506958007812,"x":95.815803050994873,"width":793.54799999999966,"height":61}},{"text":"Notation                                                                     ￼","targetRectangle":{"y":736.41506958007812,"x":143.8158016204834,"width":999.04933994428984,"height":47.847854756863285}},{"text":"Audio Model                                                                ￼","targetRectangle":{"y":784.26292433694141,"x":143.8158016204834,"width":797.56283117902603,"height":47.847854756863285}},{"text":"Conditioned on features from text                      ￼","targetRectangle":{"y":832.11077909380469,"x":143.8158016204834,"width":763.65449473042747,"height":47.847854756863285}},{"text":"Using previous predicted outputs                            ￼","targetRectangle":{"y":879.95863385066798,"x":143.8158016204834,"width":798.8926535891494,"height":47.847854756863285}},{"text":"equation.pdf","targetRectangle":{"y":891.95863385066809,"x":687.03180162048409,"width":255.67665358914871,"height":35.847854756863285}},{"text":"equation.pdf","targetRectangle":{"y":796.26292433694152,"x":711.31980162048444,"width":230.05883117902499,"height":35.847854756863285}}],"baseLayer":{"animations":[],"initialState":{"affineTransform":[1,0,0,1,0,0],"masksToBounds":false,"rotation":0,"scale":1,"position":{"pointX":960,"pointY":540},"width":1920,"sublayerTransform":[1,0,0,0,0,1,0,0,0,0,1,0,0,0,0,1],"contentsRect":{"y":0,"x":0,"width":1,"height":1},"opacity":1,"edgeAntialiasingMask":251658240,"height":1080,"hidden":false,"anchorPoint":{"pointX":0.5,"pointY":0.5}},"objectID":"0","layers":[{"animations":[],"initialState":{"affineTransform":[1,0,0,1,0,0],"masksToBounds":false,"rotation":0,"scale":1,"position":{"pointX":960,"pointY":540},"width":1920,"sublayerTransform":[1,0,0,0,0,1,0,0,0,0,1,-0.00035007912466775983,0,0,0,1],"contentsRect":{"y":0,"x":0,"width":1,"height":1},"opacity":1,"edgeAntialiasingMask":251658240,"height":1080,"hidden":false,"anchorPoint":{"pointX":0.5,"pointY":0.5}},"layers":[{"animations":[],"layers":[],"texturedRectangle":{"isBackgroundTexture":false,"singleTextureOpacity":1,"textureType":0,"textBaseline":0,"textXHeight":0,"isVerticalText":false},"initialState":{"affineTransform":[1,0,0,1,0,0],"masksToBounds":false,"rotation":0,"scale":1,"position":{"pointX":960,"pointY":540},"width":1920,"sublayerTransform":[1,0,0,0,0,1,0,0,0,0,1,0,0,0,0,1],"contentsRect":{"y":0,"x":0,"width":1,"height":1},"opacity":1,"edgeAntialiasingMask":0,"height":1080,"hidden":false,"anchorPoint":{"pointX":0.5,"pointY":0.5}},"texture":"81FE88DB8A293D0DF483443008E16D14"}]}]}}]}