{"assets":{"7FBDAD864AEF353C389B0ED8E08CAF7A":{"type":"texture","index":0,"assetRequest":{"type":"slide","state":"contents","slide":"none"},"url":{"native":"assets\/A6005B28-491D-4D9A-8274-AF4708798AE2.pdf"},"width":1920,"height":1080},"C9A37B194A7C721B3CEA5F43478341FD":{"type":"texture","index":1,"assetRequest":{"type":"slide","state":"contents","slide":"none"},"url":{"native":"assets\/A6005B28-491D-4D9A-8274-AF4708798AE2.pdf"},"width":1920,"height":1080}},"events":[{"effects":[{"beginTime":0,"baseLayer":{"animations":[],"initialState":{"affineTransform":[1,0,0,1,0,0],"masksToBounds":false,"rotation":0,"scale":1,"position":{"pointX":960,"pointY":540},"width":1920,"sublayerTransform":[1,0,0,0,0,1,0,0,0,0,1,0,0,0,0,1],"contentsRect":{"y":0,"x":0,"width":1,"height":1},"opacity":1,"edgeAntialiasingMask":251658240,"height":1080,"hidden":false,"anchorPoint":{"pointX":0.5,"pointY":0.5}},"objectID":"0","layers":[{"animations":[],"initialState":{"affineTransform":[1,0,0,1,0,0],"masksToBounds":false,"rotation":0,"scale":1,"position":{"pointX":960,"pointY":540},"width":1920,"sublayerTransform":[1,0,0,0,0,1,0,0,0,0,1,-0.00035007912466775983,0,0,0,1],"contentsRect":{"y":0,"x":0,"width":1,"height":1},"opacity":1,"edgeAntialiasingMask":251658240,"height":1080,"hidden":false,"anchorPoint":{"pointX":0.5,"pointY":0.5}},"layers":[{"animations":[],"layers":[],"texturedRectangle":{"isBackgroundTexture":false,"singleTextureOpacity":1,"textureType":0,"textBaseline":0,"textXHeight":0,"isVerticalText":false},"initialState":{"affineTransform":[1,0,0,1,0,0],"masksToBounds":false,"rotation":0,"scale":1,"position":{"pointX":960,"pointY":540},"width":1920,"sublayerTransform":[1,0,0,0,0,1,0,0,0,0,1,0,0,0,0,1],"contentsRect":{"y":0,"x":0,"width":1,"height":1},"opacity":1,"edgeAntialiasingMask":0,"height":1080,"hidden":false,"anchorPoint":{"pointX":0.5,"pointY":0.5}},"texture":"C9A37B194A7C721B3CEA5F43478341FD"},{"animations":[{"additive":false,"timeOffset":0,"beginTime":0,"from":{"scalar":false},"repeatCount":0,"fillMode":"both","duration":0.01,"autoreverses":false,"property":"hidden","to":{"scalar":true},"removedOnCompletion":false}],"layers":[],"texturedRectangle":{"isBackgroundTexture":false,"singleTextureOpacity":1,"textureType":0,"textBaseline":0,"textXHeight":0,"isVerticalText":false},"initialState":{"affineTransform":[1,0,0,1,0,0],"masksToBounds":false,"rotation":0,"scale":1,"position":{"pointX":960,"pointY":540},"width":1920,"sublayerTransform":[1,0,0,0,0,1,0,0,0,0,1,0,0,0,0,1],"contentsRect":{"y":0,"x":0,"width":1,"height":1},"opacity":1,"edgeAntialiasingMask":0,"height":1080,"hidden":false,"anchorPoint":{"pointX":0.5,"pointY":0.5}},"texture":"7FBDAD864AEF353C389B0ED8E08CAF7A"}]}]},"effects":[],"duration":0.01,"type":"transition","attributes":{"direction":0},"name":"none","objectID":"0"}],"automaticPlay":false,"hyperlinks":[{"url":"https:\/\/www.isca-speech.org\/archive\/Interspeech_2017\/pdfs\/0233.PDF","targetRectangle":{"y":987.5173334479332,"x":1458.8448486328125,"width":452.359375,"height":19}}],"accessibility":[{"text":"Figure from https:\/\/www.isca-speech.org\/archive\/Interspeech_2017\/pdfs\/0233.PDF","targetRectangle":{"y":987.5173334479332,"x":1377.9698486328125,"width":533.234375,"height":19}},{"text":"Screen Shot 2021-10-18 at 8.05.50 PM.png","targetRectangle":{"y":187.83599853515625,"x":1323.2486572265625,"width":551.84954833984375,"height":777.44842529296875}},{"text":"Method 3: Encoder -> Attention -> Decoder","targetRectangle":{"y":46.669271469116211,"x":44.789053440093994,"width":1830.421875,"height":106.859375}},{"text":"Motivation          Speech+Audio          Pre Processing          Networks          Verification+Identification          Detection+Recognition          Conditional          STT          TTS       ","targetRectangle":{"y":1021.5224609375,"x":69.71484375,"width":1827.24609375,"height":27.21484375}},{"text":"Attention","targetRectangle":{"y":237.33863830566406,"x":138.50917196273804,"width":150.58799999999997,"height":49}},{"text":"Sequence to sequence models encode a variable length input into hidden states","targetRectangle":{"y":286.33863830566406,"x":186.50917053222656,"width":862.77600000000052,"height":45}},{"text":"Attention allows a decoder to adaptively select hidden states to generate the output","targetRectangle":{"y":331.33863830566406,"x":186.50917053222656,"width":905.18400000000042,"height":45}},{"text":"Attention is a general strategy that applies to much more than just speech","targetRectangle":{"y":421.33863830566406,"x":138.50917053222656,"width":791.90400000000045,"height":45}},{"text":"Encoder -> attention -> Decoder structure","targetRectangle":{"y":466.33863830566406,"x":186.50917053222656,"width":453.21599999999989,"height":45}},{"text":"Different combinations of inputs are used to create each output (i.e. the network learns what part of the input to pay attention to to generate each output)","targetRectangle":{"y":511.33863830566406,"x":186.50917053222656,"width":1042.5839999999998,"height":78}},{"text":"Monotonic alignments are not required; this is especially beneficial for translation","targetRectangle":{"y":589.33863830566406,"x":186.50917053222656,"width":867.43200000000024,"height":45}},{"text":"Example speech to text system: listen attend spell","targetRectangle":{"y":679.33863830566406,"x":138.50917053222656,"width":535.05600000000004,"height":45}},{"text":"Listen - encoder generates features","targetRectangle":{"y":724.33863830566406,"x":186.50917053222656,"width":377.75999999999999,"height":45}},{"text":"Attend - attention creates a context vector from all the features appropriate for the specific \\u2028              decoder state","targetRectangle":{"y":769.33863830566406,"x":186.50917053222656,"width":983.68000000000052,"height":78}},{"text":"Spell - decoder outputs graphemes; the conditional dependence in graphemes creates an implicit  \\u2028           internal language model","targetRectangle":{"y":847.33863830566406,"x":186.50917053222656,"width":1068.7840000000008,"height":78}}],"baseLayer":{"animations":[],"initialState":{"affineTransform":[1,0,0,1,0,0],"masksToBounds":false,"rotation":0,"scale":1,"position":{"pointX":960,"pointY":540},"width":1920,"sublayerTransform":[1,0,0,0,0,1,0,0,0,0,1,0,0,0,0,1],"contentsRect":{"y":0,"x":0,"width":1,"height":1},"opacity":1,"edgeAntialiasingMask":251658240,"height":1080,"hidden":false,"anchorPoint":{"pointX":0.5,"pointY":0.5}},"objectID":"0","layers":[{"animations":[],"initialState":{"affineTransform":[1,0,0,1,0,0],"masksToBounds":false,"rotation":0,"scale":1,"position":{"pointX":960,"pointY":540},"width":1920,"sublayerTransform":[1,0,0,0,0,1,0,0,0,0,1,-0.00035007912466775983,0,0,0,1],"contentsRect":{"y":0,"x":0,"width":1,"height":1},"opacity":1,"edgeAntialiasingMask":251658240,"height":1080,"hidden":false,"anchorPoint":{"pointX":0.5,"pointY":0.5}},"layers":[{"animations":[],"layers":[],"texturedRectangle":{"isBackgroundTexture":false,"singleTextureOpacity":1,"textureType":0,"textBaseline":0,"textXHeight":0,"isVerticalText":false},"initialState":{"affineTransform":[1,0,0,1,0,0],"masksToBounds":false,"rotation":0,"scale":1,"position":{"pointX":960,"pointY":540},"width":1920,"sublayerTransform":[1,0,0,0,0,1,0,0,0,0,1,0,0,0,0,1],"contentsRect":{"y":0,"x":0,"width":1,"height":1},"opacity":1,"edgeAntialiasingMask":0,"height":1080,"hidden":false,"anchorPoint":{"pointX":0.5,"pointY":0.5}},"texture":"7FBDAD864AEF353C389B0ED8E08CAF7A"}]}]}}]}