{"assets":{"EAE634C49F66A512081C1186C9AF64ED":{"type":"texture","index":1,"assetRequest":{"type":"slide","state":"contents","slide":"none"},"url":{"native":"assets\/189CECE4-F16E-4E01-901C-8F332A20B817.pdf"},"width":1920,"height":1080},"2A2FD65B406C06099E0397817171CC7B":{"type":"texture","index":0,"assetRequest":{"type":"slide","state":"contents","slide":"none"},"url":{"native":"assets\/189CECE4-F16E-4E01-901C-8F332A20B817.pdf"},"width":1920,"height":1080}},"events":[{"effects":[{"beginTime":0,"baseLayer":{"animations":[],"initialState":{"affineTransform":[1,0,0,1,0,0],"masksToBounds":false,"rotation":0,"scale":1,"position":{"pointX":960,"pointY":540},"width":1920,"sublayerTransform":[1,0,0,0,0,1,0,0,0,0,1,0,0,0,0,1],"contentsRect":{"y":0,"x":0,"width":1,"height":1},"opacity":1,"edgeAntialiasingMask":251658240,"height":1080,"hidden":false,"anchorPoint":{"pointX":0.5,"pointY":0.5}},"objectID":"0","layers":[{"animations":[],"initialState":{"affineTransform":[1,0,0,1,0,0],"masksToBounds":false,"rotation":0,"scale":1,"position":{"pointX":960,"pointY":540},"width":1920,"sublayerTransform":[1,0,0,0,0,1,0,0,0,0,1,-0.00035007912466775983,0,0,0,1],"contentsRect":{"y":0,"x":0,"width":1,"height":1},"opacity":1,"edgeAntialiasingMask":251658240,"height":1080,"hidden":false,"anchorPoint":{"pointX":0.5,"pointY":0.5}},"layers":[{"animations":[],"layers":[],"texturedRectangle":{"isBackgroundTexture":false,"singleTextureOpacity":1,"textureType":0,"textBaseline":0,"textXHeight":0,"isVerticalText":false},"initialState":{"affineTransform":[1,0,0,1,0,0],"masksToBounds":false,"rotation":0,"scale":1,"position":{"pointX":960,"pointY":540},"width":1920,"sublayerTransform":[1,0,0,0,0,1,0,0,0,0,1,0,0,0,0,1],"contentsRect":{"y":0,"x":0,"width":1,"height":1},"opacity":1,"edgeAntialiasingMask":0,"height":1080,"hidden":false,"anchorPoint":{"pointX":0.5,"pointY":0.5}},"texture":"EAE634C49F66A512081C1186C9AF64ED"},{"animations":[{"additive":false,"timeOffset":0,"beginTime":0,"from":{"scalar":false},"repeatCount":0,"fillMode":"both","duration":0.01,"autoreverses":false,"property":"hidden","to":{"scalar":true},"removedOnCompletion":false}],"layers":[],"texturedRectangle":{"isBackgroundTexture":false,"singleTextureOpacity":1,"textureType":0,"textBaseline":0,"textXHeight":0,"isVerticalText":false},"initialState":{"affineTransform":[1,0,0,1,0,0],"masksToBounds":false,"rotation":0,"scale":1,"position":{"pointX":960,"pointY":540},"width":1920,"sublayerTransform":[1,0,0,0,0,1,0,0,0,0,1,0,0,0,0,1],"contentsRect":{"y":0,"x":0,"width":1,"height":1},"opacity":1,"edgeAntialiasingMask":0,"height":1080,"hidden":false,"anchorPoint":{"pointX":0.5,"pointY":0.5}},"texture":"2A2FD65B406C06099E0397817171CC7B"}]}]},"effects":[],"duration":0.01,"type":"transition","attributes":{"direction":0},"name":"none","objectID":"0"}],"automaticPlay":false,"hyperlinks":[{"url":"https:\/\/ai.googleblog.com\/2017\/12\/tacotron-2-generating-human-like-speech.html","targetRectangle":{"y":987.0008539557457,"x":1382.5594482421875,"width":523.8671875,"height":19}}],"accessibility":[{"text":"Figure from https:\/\/ai.googleblog.com\/2017\/12\/tacotron-2-generating-human-like-speech.html","targetRectangle":{"y":987.0008539557457,"x":1301.6844482421875,"width":604.7421875,"height":19}},{"text":"Thought chain","targetRectangle":{"y":216.98017883300781,"x":134.73491553147642,"width":223.80228000000005,"height":48}},{"text":"Tacotron 1 is a model for generating spectrograms from text (that was used with a classical model for generating speech from spectrograms)","targetRectangle":{"y":264.98017883300781,"x":182.73491287231445,"width":531.08664000000022,"height":107.64000034332275}},{"text":"WaveNet is a model for generating audio samples that can be conditioned on different inputs","targetRectangle":{"y":372.62017917633057,"x":182.73491287231445,"width":526.82640000000004,"height":75.640000343322754}},{"text":"Idea","targetRectangle":{"y":507.90017986297607,"x":134.73491553147642,"width":68.093999999999994,"height":59.640000343322754}},{"text":"Couple a modified version of Tacotron1 spectrogram prediction with a modified version of WaveNet audio sample generation","targetRectangle":{"y":567.54018020629883,"x":182.73491287231445,"width":524.98728000000006,"height":107.64000034332275}},{"text":"2 parts to Tacotron 2","targetRectangle":{"y":734.82018089294434,"x":134.73491553147642,"width":321.99732000000006,"height":59.640000343322754}},{"text":"Part 1: recurrent sequence to sequence feature prediction network that maps characters to Mel scale spectrograms","targetRectangle":{"y":794.46018123626709,"x":182.73491287231445,"width":496.98144000000002,"height":107.64000034332275}},{"text":"Part 2: modified WaveNet that maps Mel scale spectrograms to audio samples","targetRectangle":{"y":902.10018157958984,"x":182.73491287231445,"width":488.88000000000011,"height":75.640000343322754}},{"text":"Screen Shot 2021-10-19 at 2.24.25 PM.png","targetRectangle":{"y":242.757080078125,"x":754.75335693359375,"width":1171.819091796875,"height":667.08978271484375}},{"text":"Example Tacotron 2 ≈ Tacotron 1 + WaveNet","targetRectangle":{"y":46.669271469116211,"x":10.054678440093994,"width":1899.890625,"height":106.859375}},{"text":"Motivation          Speech+Audio          Pre Processing          Networks          Verification+Identification          Detection+Recognition          Conditional          STT          TTS       ","targetRectangle":{"y":1021.5224609375,"x":69.71484375,"width":1827.24609375,"height":27.21484375}}],"baseLayer":{"animations":[],"initialState":{"affineTransform":[1,0,0,1,0,0],"masksToBounds":false,"rotation":0,"scale":1,"position":{"pointX":960,"pointY":540},"width":1920,"sublayerTransform":[1,0,0,0,0,1,0,0,0,0,1,0,0,0,0,1],"contentsRect":{"y":0,"x":0,"width":1,"height":1},"opacity":1,"edgeAntialiasingMask":251658240,"height":1080,"hidden":false,"anchorPoint":{"pointX":0.5,"pointY":0.5}},"objectID":"0","layers":[{"animations":[],"initialState":{"affineTransform":[1,0,0,1,0,0],"masksToBounds":false,"rotation":0,"scale":1,"position":{"pointX":960,"pointY":540},"width":1920,"sublayerTransform":[1,0,0,0,0,1,0,0,0,0,1,-0.00035007912466775983,0,0,0,1],"contentsRect":{"y":0,"x":0,"width":1,"height":1},"opacity":1,"edgeAntialiasingMask":251658240,"height":1080,"hidden":false,"anchorPoint":{"pointX":0.5,"pointY":0.5}},"layers":[{"animations":[],"layers":[],"texturedRectangle":{"isBackgroundTexture":false,"singleTextureOpacity":1,"textureType":0,"textBaseline":0,"textXHeight":0,"isVerticalText":false},"initialState":{"affineTransform":[1,0,0,1,0,0],"masksToBounds":false,"rotation":0,"scale":1,"position":{"pointX":960,"pointY":540},"width":1920,"sublayerTransform":[1,0,0,0,0,1,0,0,0,0,1,0,0,0,0,1],"contentsRect":{"y":0,"x":0,"width":1,"height":1},"opacity":1,"edgeAntialiasingMask":0,"height":1080,"hidden":false,"anchorPoint":{"pointX":0.5,"pointY":0.5}},"texture":"2A2FD65B406C06099E0397817171CC7B"}]}]}}]}