{"assets":{"975CF09AABDE5A0CBE57BF2DBC1CB63D":{"type":"texture","index":0,"assetRequest":{"type":"slide","state":"contents","slide":"none"},"url":{"native":"assets\/0AEBCB66-753E-4855-8C46-46D5BCDD59D3.pdf"},"width":1920,"height":1080},"724BCFFFFACD522FEDD04AE642B31F5A":{"type":"texture","index":1,"assetRequest":{"type":"slide","state":"contents","slide":"none"},"url":{"native":"assets\/0AEBCB66-753E-4855-8C46-46D5BCDD59D3.pdf"},"width":1920,"height":1080}},"events":[{"effects":[{"beginTime":0,"baseLayer":{"animations":[],"initialState":{"affineTransform":[1,0,0,1,0,0],"masksToBounds":false,"rotation":0,"scale":1,"position":{"pointX":960,"pointY":540},"width":1920,"sublayerTransform":[1,0,0,0,0,1,0,0,0,0,1,0,0,0,0,1],"contentsRect":{"y":0,"x":0,"width":1,"height":1},"opacity":1,"edgeAntialiasingMask":251658240,"height":1080,"hidden":false,"anchorPoint":{"pointX":0.5,"pointY":0.5}},"objectID":"0","layers":[{"animations":[],"initialState":{"affineTransform":[1,0,0,1,0,0],"masksToBounds":false,"rotation":0,"scale":1,"position":{"pointX":960,"pointY":540},"width":1920,"sublayerTransform":[1,0,0,0,0,1,0,0,0,0,1,-0.00035007912466775983,0,0,0,1],"contentsRect":{"y":0,"x":0,"width":1,"height":1},"opacity":1,"edgeAntialiasingMask":251658240,"height":1080,"hidden":false,"anchorPoint":{"pointX":0.5,"pointY":0.5}},"layers":[{"animations":[],"layers":[],"texturedRectangle":{"isBackgroundTexture":false,"singleTextureOpacity":1,"textureType":0,"textBaseline":0,"textXHeight":0,"isVerticalText":false},"initialState":{"affineTransform":[1,0,0,1,0,0],"masksToBounds":false,"rotation":0,"scale":1,"position":{"pointX":960,"pointY":540},"width":1920,"sublayerTransform":[1,0,0,0,0,1,0,0,0,0,1,0,0,0,0,1],"contentsRect":{"y":0,"x":0,"width":1,"height":1},"opacity":1,"edgeAntialiasingMask":0,"height":1080,"hidden":false,"anchorPoint":{"pointX":0.5,"pointY":0.5}},"texture":"724BCFFFFACD522FEDD04AE642B31F5A"},{"animations":[{"additive":false,"timeOffset":0,"beginTime":0,"from":{"scalar":false},"repeatCount":0,"fillMode":"both","duration":0.01,"autoreverses":false,"property":"hidden","to":{"scalar":true},"removedOnCompletion":false}],"layers":[],"texturedRectangle":{"isBackgroundTexture":false,"singleTextureOpacity":1,"textureType":0,"textBaseline":0,"textXHeight":0,"isVerticalText":false},"initialState":{"affineTransform":[1,0,0,1,0,0],"masksToBounds":false,"rotation":0,"scale":1,"position":{"pointX":960,"pointY":540},"width":1920,"sublayerTransform":[1,0,0,0,0,1,0,0,0,0,1,0,0,0,0,1],"contentsRect":{"y":0,"x":0,"width":1,"height":1},"opacity":1,"edgeAntialiasingMask":0,"height":1080,"hidden":false,"anchorPoint":{"pointX":0.5,"pointY":0.5}},"texture":"975CF09AABDE5A0CBE57BF2DBC1CB63D"}]}]},"effects":[],"duration":0.01,"type":"transition","attributes":{"direction":0},"name":"none","objectID":"0"}],"automaticPlay":false,"hyperlinks":[{"url":"http:\/\/www.apple.com","targetRectangle":{"y":140.83978736400604,"x":1638.436580657959,"width":74.015998840332031,"height":38.760000467300415}}],"accessibility":[{"text":"BOW","targetRectangle":{"y":646.74689447879791,"x":363.64545464515686,"width":83.91599999999994,"height":47.639999270439148}},{"text":"Bag-of-words","targetRectangle":{"y":4,"x":40,"width":424.06,"height":84}},{"text":"Screen Shot 2021-08-07 at 1.42.51 PM.png","targetRectangle":{"y":647.66064453125,"x":534.48080444335938,"width":1067.59375,"height":45.8125}},{"text":"demo","targetRectangle":{"y":144.83978736400604,"x":1642.936580657959,"width":65.016000000000076,"height":30.759999513626099}},{"text":"Screen Shot 2021-08-07 at 1.42.51 PM.png","targetRectangle":{"y":523.77173614501953,"x":539.15267562866211,"width":1058.25,"height":78.005585512139533}},{"text":"￼","targetRectangle":{"y":1038.7800302505493,"x":1894.9049821272492,"width":12.253999999999905,"height":26}},{"text":"Screen Shot 2021-08-07 at 1.42.51 PM.png","targetRectangle":{"y":815.77771759033203,"x":539.15267562866211,"width":1058.25,"height":67.34375}},{"text":"BOW","targetRectangle":{"y":929.85041010379791,"x":363.64545464515686,"width":83.91599999999994,"height":47.639999270439148}},{"text":"Utterance","targetRectangle":{"y":538.95172846317291,"x":322.425457239151,"width":166.35599999999999,"height":47.639999270439148}},{"text":"Utterance","targetRectangle":{"y":825.62958490848541,"x":322.425457239151,"width":166.35599999999999,"height":47.639999270439148}},{"text":"Translation: represent text as a histogram of words","targetRectangle":{"y":134,"x":85.83333432674408,"width":1101.1499999999999,"height":61}},{"text":"Strips all syntactic and structural information from the text","targetRectangle":{"y":256,"x":85.83333432674408,"width":1249.7000000000003,"height":61}},{"text":"Examples:","targetRectangle":{"y":378,"x":85.83333432674408,"width":222.35000000000002,"height":61}},{"text":"Screen Shot 2021-08-07 at 1.42.51 PM.png","targetRectangle":{"y":920.71725463867188,"x":539.15267944335938,"width":1058.2591535975371,"height":65.90625}},{"text":"- Example taken from Wikipedia","targetRectangle":{"y":1028.2193650007248,"x":1205.3817567825317,"width":370.39200000000005,"height":30.759999513626099}}],"baseLayer":{"animations":[],"initialState":{"affineTransform":[1,0,0,1,0,0],"masksToBounds":false,"rotation":0,"scale":1,"position":{"pointX":960,"pointY":540},"width":1920,"sublayerTransform":[1,0,0,0,0,1,0,0,0,0,1,0,0,0,0,1],"contentsRect":{"y":0,"x":0,"width":1,"height":1},"opacity":1,"edgeAntialiasingMask":251658240,"height":1080,"hidden":false,"anchorPoint":{"pointX":0.5,"pointY":0.5}},"objectID":"0","layers":[{"animations":[],"initialState":{"affineTransform":[1,0,0,1,0,0],"masksToBounds":false,"rotation":0,"scale":1,"position":{"pointX":960,"pointY":540},"width":1920,"sublayerTransform":[1,0,0,0,0,1,0,0,0,0,1,-0.00035007912466775983,0,0,0,1],"contentsRect":{"y":0,"x":0,"width":1,"height":1},"opacity":1,"edgeAntialiasingMask":251658240,"height":1080,"hidden":false,"anchorPoint":{"pointX":0.5,"pointY":0.5}},"layers":[{"animations":[],"layers":[],"texturedRectangle":{"isBackgroundTexture":false,"singleTextureOpacity":1,"textureType":0,"textBaseline":0,"textXHeight":0,"isVerticalText":false},"initialState":{"affineTransform":[1,0,0,1,0,0],"masksToBounds":false,"rotation":0,"scale":1,"position":{"pointX":960,"pointY":540},"width":1920,"sublayerTransform":[1,0,0,0,0,1,0,0,0,0,1,0,0,0,0,1],"contentsRect":{"y":0,"x":0,"width":1,"height":1},"opacity":1,"edgeAntialiasingMask":0,"height":1080,"hidden":false,"anchorPoint":{"pointX":0.5,"pointY":0.5}},"texture":"975CF09AABDE5A0CBE57BF2DBC1CB63D"}]}]}}]}