{"assets":{"BF047750D49B14AAF453D64E9A81C15D":{"type":"texture","index":1,"assetRequest":{"type":"slide","state":"contents","slide":"none"},"url":{"native":"assets\/9E60F62E-0D1B-4423-8ADA-0F8BD7E018D4.pdf"},"width":1920,"height":1080},"76FB84BB541D81D1B5B6C43297237A78":{"type":"texture","index":0,"assetRequest":{"type":"slide","state":"contents","slide":"none"},"url":{"native":"assets\/9E60F62E-0D1B-4423-8ADA-0F8BD7E018D4.pdf"},"width":1920,"height":1080}},"events":[{"effects":[{"beginTime":0,"baseLayer":{"animations":[],"initialState":{"affineTransform":[1,0,0,1,0,0],"masksToBounds":false,"rotation":0,"scale":1,"position":{"pointX":960,"pointY":540},"width":1920,"sublayerTransform":[1,0,0,0,0,1,0,0,0,0,1,0,0,0,0,1],"contentsRect":{"y":0,"x":0,"width":1,"height":1},"opacity":1,"edgeAntialiasingMask":251658240,"height":1080,"hidden":false,"anchorPoint":{"pointX":0.5,"pointY":0.5}},"objectID":"0","layers":[{"animations":[],"initialState":{"affineTransform":[1,0,0,1,0,0],"masksToBounds":false,"rotation":0,"scale":1,"position":{"pointX":960,"pointY":540},"width":1920,"sublayerTransform":[1,0,0,0,0,1,0,0,0,0,1,-0.00035007912466775983,0,0,0,1],"contentsRect":{"y":0,"x":0,"width":1,"height":1},"opacity":1,"edgeAntialiasingMask":251658240,"height":1080,"hidden":false,"anchorPoint":{"pointX":0.5,"pointY":0.5}},"layers":[{"animations":[],"layers":[],"texturedRectangle":{"isBackgroundTexture":false,"singleTextureOpacity":1,"textureType":0,"textBaseline":0,"textXHeight":0,"isVerticalText":false},"initialState":{"affineTransform":[1,0,0,1,0,0],"masksToBounds":false,"rotation":0,"scale":1,"position":{"pointX":960,"pointY":540},"width":1920,"sublayerTransform":[1,0,0,0,0,1,0,0,0,0,1,0,0,0,0,1],"contentsRect":{"y":0,"x":0,"width":1,"height":1},"opacity":1,"edgeAntialiasingMask":0,"height":1080,"hidden":false,"anchorPoint":{"pointX":0.5,"pointY":0.5}},"texture":"BF047750D49B14AAF453D64E9A81C15D"},{"animations":[{"additive":false,"timeOffset":0,"beginTime":0,"from":{"scalar":false},"repeatCount":0,"fillMode":"both","duration":0.01,"autoreverses":false,"property":"hidden","to":{"scalar":true},"removedOnCompletion":false}],"layers":[],"texturedRectangle":{"isBackgroundTexture":false,"singleTextureOpacity":1,"textureType":0,"textBaseline":0,"textXHeight":0,"isVerticalText":false},"initialState":{"affineTransform":[1,0,0,1,0,0],"masksToBounds":false,"rotation":0,"scale":1,"position":{"pointX":960,"pointY":540},"width":1920,"sublayerTransform":[1,0,0,0,0,1,0,0,0,0,1,0,0,0,0,1],"contentsRect":{"y":0,"x":0,"width":1,"height":1},"opacity":1,"edgeAntialiasingMask":0,"height":1080,"hidden":false,"anchorPoint":{"pointX":0.5,"pointY":0.5}},"texture":"76FB84BB541D81D1B5B6C43297237A78"}]}]},"effects":[],"duration":0.01,"type":"transition","attributes":{"direction":0},"name":"none","objectID":"0"}],"automaticPlay":false,"hyperlinks":[],"accessibility":[{"text":"Neural language modeling provides a means to extract semantically rich features from text data. How is this then applied towards downstream tasks?","targetRectangle":{"y":132.66667175292969,"x":49.833261418971233,"width":829.75200000000007,"height":212}},{"text":"Transfer learning:","targetRectangle":{"y":344.66667175292969,"x":85.833261418971233,"width":332.99199999999996,"height":53}},{"text":"LMs are first trained on next-word or next-sentence prediction tasks on a very large corpus of text (e.g., wikitext 103).","targetRectangle":{"y":397.66667175292969,"x":137.83326141897123,"width":743.08000000000004,"height":212}},{"text":"The output layer, which is used to map onto the word prediction output space, is removed, and replaced with a randomly initialized projection matrix mapping to the output space of the particular prediction task of interest. It is trained on a much lower number of examples from that task.","targetRectangle":{"y":609.66667175292969,"x":137.83326141897123,"width":777.96400000000006,"height":424}},{"text":"equation.pdf","targetRectangle":{"y":866.68243408203125,"x":1248.018798828125,"width":44.011222409220863,"height":18.941120104904144}},{"text":"equation.pdf","targetRectangle":{"y":248.07478332519531,"x":1199.7242431640625,"width":44.011222409220863,"height":18.941120104904201}},{"text":"equation.pdf","targetRectangle":{"y":866.68243408203125,"x":1125.2696533203125,"width":28.969162409220871,"height":18.941120104904144}},{"text":"￼","targetRectangle":{"y":1038.7800302505493,"x":1890.9119822339271,"width":20.240000000000009,"height":26}},{"text":"Transfer learning","targetRectangle":{"y":4,"x":40,"width":537.18000000000006,"height":84}},{"text":"equation.pdf","targetRectangle":{"y":865.68243408203125,"x":1620.6146240234375,"width":44.011222409220863,"height":18.941120104904144}},{"text":"equation.pdf","targetRectangle":{"y":864.07452392578125,"x":1370.322509765625,"width":44.011222409220863,"height":18.941120104904144}},{"text":"equation.pdf","targetRectangle":{"y":866.68243408203125,"x":1494.953857421875,"width":44.011222409220863,"height":18.941120104904144}},{"text":"equation.pdf","targetRectangle":{"y":251.21380615234375,"x":1551.390869140625,"width":9.8999994099140167,"height":14.233999151587511}},{"text":"Some task (fine-tuning)","targetRectangle":{"y":183.25311744213104,"x":1426.4473824462891,"width":261.4079999999999,"height":30.759999513626099}},{"text":"LM task (pre-training)","targetRectangle":{"y":183.17496192455292,"x":1102.3298736572265,"width":238.80000000000018,"height":30.759999513626099}}],"baseLayer":{"animations":[],"initialState":{"affineTransform":[1,0,0,1,0,0],"masksToBounds":false,"rotation":0,"scale":1,"position":{"pointX":960,"pointY":540},"width":1920,"sublayerTransform":[1,0,0,0,0,1,0,0,0,0,1,0,0,0,0,1],"contentsRect":{"y":0,"x":0,"width":1,"height":1},"opacity":1,"edgeAntialiasingMask":251658240,"height":1080,"hidden":false,"anchorPoint":{"pointX":0.5,"pointY":0.5}},"objectID":"0","layers":[{"animations":[],"initialState":{"affineTransform":[1,0,0,1,0,0],"masksToBounds":false,"rotation":0,"scale":1,"position":{"pointX":960,"pointY":540},"width":1920,"sublayerTransform":[1,0,0,0,0,1,0,0,0,0,1,-0.00035007912466775983,0,0,0,1],"contentsRect":{"y":0,"x":0,"width":1,"height":1},"opacity":1,"edgeAntialiasingMask":251658240,"height":1080,"hidden":false,"anchorPoint":{"pointX":0.5,"pointY":0.5}},"layers":[{"animations":[],"layers":[],"texturedRectangle":{"isBackgroundTexture":false,"singleTextureOpacity":1,"textureType":0,"textBaseline":0,"textXHeight":0,"isVerticalText":false},"initialState":{"affineTransform":[1,0,0,1,0,0],"masksToBounds":false,"rotation":0,"scale":1,"position":{"pointX":960,"pointY":540},"width":1920,"sublayerTransform":[1,0,0,0,0,1,0,0,0,0,1,0,0,0,0,1],"contentsRect":{"y":0,"x":0,"width":1,"height":1},"opacity":1,"edgeAntialiasingMask":0,"height":1080,"hidden":false,"anchorPoint":{"pointX":0.5,"pointY":0.5}},"texture":"76FB84BB541D81D1B5B6C43297237A78"}]}]}}]}