{"assets":{"EAE634C49F66A512081C1186C9AF64ED":{"type":"texture","index":0,"assetRequest":{"type":"slide","state":"contents","slide":"none"},"url":{"native":"assets\/42E5F532-87D8-4953-BFA3-E1F1B3455CDB.pdf"},"width":1920,"height":1080},"9CE2E9050942D2A2A678CA2E9E2328A5":{"type":"texture","index":1,"assetRequest":{"type":"slide","state":"contents","slide":"none"},"url":{"native":"assets\/42E5F532-87D8-4953-BFA3-E1F1B3455CDB.pdf"},"width":1920,"height":1080}},"events":[{"effects":[{"beginTime":0,"baseLayer":{"animations":[],"initialState":{"affineTransform":[1,0,0,1,0,0],"masksToBounds":false,"rotation":0,"scale":1,"position":{"pointX":960,"pointY":540},"width":1920,"sublayerTransform":[1,0,0,0,0,1,0,0,0,0,1,0,0,0,0,1],"contentsRect":{"y":0,"x":0,"width":1,"height":1},"opacity":1,"edgeAntialiasingMask":251658240,"height":1080,"hidden":false,"anchorPoint":{"pointX":0.5,"pointY":0.5}},"objectID":"0","layers":[{"animations":[],"initialState":{"affineTransform":[1,0,0,1,0,0],"masksToBounds":false,"rotation":0,"scale":1,"position":{"pointX":960,"pointY":540},"width":1920,"sublayerTransform":[1,0,0,0,0,1,0,0,0,0,1,-0.00035007912466775983,0,0,0,1],"contentsRect":{"y":0,"x":0,"width":1,"height":1},"opacity":1,"edgeAntialiasingMask":251658240,"height":1080,"hidden":false,"anchorPoint":{"pointX":0.5,"pointY":0.5}},"layers":[{"animations":[],"layers":[],"texturedRectangle":{"isBackgroundTexture":false,"singleTextureOpacity":1,"textureType":0,"textBaseline":0,"textXHeight":0,"isVerticalText":false},"initialState":{"affineTransform":[1,0,0,1,0,0],"masksToBounds":false,"rotation":0,"scale":1,"position":{"pointX":960,"pointY":540},"width":1920,"sublayerTransform":[1,0,0,0,0,1,0,0,0,0,1,0,0,0,0,1],"contentsRect":{"y":0,"x":0,"width":1,"height":1},"opacity":1,"edgeAntialiasingMask":0,"height":1080,"hidden":false,"anchorPoint":{"pointX":0.5,"pointY":0.5}},"texture":"9CE2E9050942D2A2A678CA2E9E2328A5"},{"animations":[{"additive":false,"timeOffset":0,"beginTime":0,"from":{"scalar":false},"repeatCount":0,"fillMode":"both","duration":0.01,"autoreverses":false,"property":"hidden","to":{"scalar":true},"removedOnCompletion":false}],"layers":[],"texturedRectangle":{"isBackgroundTexture":false,"singleTextureOpacity":1,"textureType":0,"textBaseline":0,"textXHeight":0,"isVerticalText":false},"initialState":{"affineTransform":[1,0,0,1,0,0],"masksToBounds":false,"rotation":0,"scale":1,"position":{"pointX":960,"pointY":540},"width":1920,"sublayerTransform":[1,0,0,0,0,1,0,0,0,0,1,0,0,0,0,1],"contentsRect":{"y":0,"x":0,"width":1,"height":1},"opacity":1,"edgeAntialiasingMask":0,"height":1080,"hidden":false,"anchorPoint":{"pointX":0.5,"pointY":0.5}},"texture":"EAE634C49F66A512081C1186C9AF64ED"}]}]},"effects":[],"duration":0.01,"type":"transition","attributes":{"direction":0},"name":"none","objectID":"0"}],"automaticPlay":false,"hyperlinks":[{"url":"https:\/\/github.com\/CorentinJ\/Real-Time-Voice-Cloning","targetRectangle":{"y":757.41753544658422,"x":89.570536863151574,"width":472.28429116308689,"height":25.114581543952227}}],"accessibility":[{"text":"WaveNet: a generative model for raw audio \\u2028• https:\/\/arxiv.org\/abs\/1609.03499 \\u2028","targetRectangle":{"y":216.98017883300781,"x":76.174912724736714,"width":384.97326398640871,"height":50.92706885561347}},{"text":"Tacotron: towards end-to-end speech synthesis \\u2028• https:\/\/arxiv.org\/abs\/1703.10135 \\u2028","targetRectangle":{"y":314.90515269339085,"x":76.174912724736714,"width":411.31660259142518,"height":50.92706885561347}},{"text":"Natural TTS synthesis by conditioning wavenet on mel spectrogram predictions \\u2028• https:\/\/arxiv.org\/abs\/1712.05884 \\u2028","targetRectangle":{"y":412.83012655377388,"x":76.174912724736714,"width":693.87468997761607,"height":50.92706885561347}},{"text":"Neural voice cloning with a few samples \\u2028• https:\/\/arxiv.org\/abs\/1802.06006 \\u2028","targetRectangle":{"y":510.75510041415691,"x":76.174912724736714,"width":360.66114366054535,"height":50.92706885561347}},{"text":"Style tokens: unsupervised style modeling, control and transfer in end-to-end speech synthesis \\u2028• https:\/\/arxiv.org\/abs\/1803.09017 \\u2028","targetRectangle":{"y":608.68007427453995,"x":76.174912724736714,"width":816.89360216632485,"height":50.92706885561347}},{"text":"Transfer learning from speaker verification to multispeaker text-to-speech synthesis \\u2028• https:\/\/arxiv.org\/abs\/1806.04558\\u2028• https:\/\/github.com\/CorentinJ\/Real-Time-Voice-Cloning\\u2028","targetRectangle":{"y":706.60504813492298,"x":76.174912724736714,"width":726.00960480421782,"height":75.92706885561347}},{"text":"Motivation          Speech+Audio          Pre Processing          Networks          Verification+Identification          Detection+Recognition          Conditional          STT          TTS       ","targetRectangle":{"y":1021.5224609375,"x":69.71484375,"width":1827.24609375,"height":27.21484375}},{"text":"References","targetRectangle":{"y":46.669271469116211,"x":714.53905344009399,"width":490.921875,"height":106.859375}}],"baseLayer":{"animations":[],"initialState":{"affineTransform":[1,0,0,1,0,0],"masksToBounds":false,"rotation":0,"scale":1,"position":{"pointX":960,"pointY":540},"width":1920,"sublayerTransform":[1,0,0,0,0,1,0,0,0,0,1,0,0,0,0,1],"contentsRect":{"y":0,"x":0,"width":1,"height":1},"opacity":1,"edgeAntialiasingMask":251658240,"height":1080,"hidden":false,"anchorPoint":{"pointX":0.5,"pointY":0.5}},"objectID":"0","layers":[{"animations":[],"initialState":{"affineTransform":[1,0,0,1,0,0],"masksToBounds":false,"rotation":0,"scale":1,"position":{"pointX":960,"pointY":540},"width":1920,"sublayerTransform":[1,0,0,0,0,1,0,0,0,0,1,-0.00035007912466775983,0,0,0,1],"contentsRect":{"y":0,"x":0,"width":1,"height":1},"opacity":1,"edgeAntialiasingMask":251658240,"height":1080,"hidden":false,"anchorPoint":{"pointX":0.5,"pointY":0.5}},"layers":[{"animations":[],"layers":[],"texturedRectangle":{"isBackgroundTexture":false,"singleTextureOpacity":1,"textureType":0,"textBaseline":0,"textXHeight":0,"isVerticalText":false},"initialState":{"affineTransform":[1,0,0,1,0,0],"masksToBounds":false,"rotation":0,"scale":1,"position":{"pointX":960,"pointY":540},"width":1920,"sublayerTransform":[1,0,0,0,0,1,0,0,0,0,1,0,0,0,0,1],"contentsRect":{"y":0,"x":0,"width":1,"height":1},"opacity":1,"edgeAntialiasingMask":0,"height":1080,"hidden":false,"anchorPoint":{"pointX":0.5,"pointY":0.5}},"texture":"EAE634C49F66A512081C1186C9AF64ED"}]}]}}]}