{"assets":{"1212210CBA2229408DB8A49D3EDCF2DD":{"type":"texture","index":1,"assetRequest":{"type":"slide","state":"contents","slide":"none"},"url":{"native":"assets\/E99C22D2-0390-4A1B-B3AA-9ECA919AED5F.pdf"},"width":1920,"height":1080},"013EFFC0E30657288D45BF02183387E3":{"type":"texture","index":0,"assetRequest":{"type":"slide","state":"contents","slide":"none"},"url":{"native":"assets\/E99C22D2-0390-4A1B-B3AA-9ECA919AED5F.pdf"},"width":1920,"height":1080}},"events":[{"effects":[{"beginTime":0,"baseLayer":{"animations":[],"initialState":{"affineTransform":[1,0,0,1,0,0],"masksToBounds":false,"rotation":0,"scale":1,"position":{"pointX":960,"pointY":540},"width":1920,"sublayerTransform":[1,0,0,0,0,1,0,0,0,0,1,0,0,0,0,1],"contentsRect":{"y":0,"x":0,"width":1,"height":1},"opacity":1,"edgeAntialiasingMask":251658240,"height":1080,"hidden":false,"anchorPoint":{"pointX":0.5,"pointY":0.5}},"objectID":"0","layers":[{"animations":[],"initialState":{"affineTransform":[1,0,0,1,0,0],"masksToBounds":false,"rotation":0,"scale":1,"position":{"pointX":960,"pointY":540},"width":1920,"sublayerTransform":[1,0,0,0,0,1,0,0,0,0,1,-0.00035007912466775983,0,0,0,1],"contentsRect":{"y":0,"x":0,"width":1,"height":1},"opacity":1,"edgeAntialiasingMask":251658240,"height":1080,"hidden":false,"anchorPoint":{"pointX":0.5,"pointY":0.5}},"layers":[{"animations":[],"layers":[],"texturedRectangle":{"isBackgroundTexture":false,"singleTextureOpacity":1,"textureType":0,"textBaseline":0,"textXHeight":0,"isVerticalText":false},"initialState":{"affineTransform":[1,0,0,1,0,0],"masksToBounds":false,"rotation":0,"scale":1,"position":{"pointX":960,"pointY":540},"width":1920,"sublayerTransform":[1,0,0,0,0,1,0,0,0,0,1,0,0,0,0,1],"contentsRect":{"y":0,"x":0,"width":1,"height":1},"opacity":1,"edgeAntialiasingMask":0,"height":1080,"hidden":false,"anchorPoint":{"pointX":0.5,"pointY":0.5}},"texture":"1212210CBA2229408DB8A49D3EDCF2DD"},{"animations":[{"additive":false,"timeOffset":0,"beginTime":0,"from":{"scalar":false},"repeatCount":0,"fillMode":"both","duration":0.01,"autoreverses":false,"property":"hidden","to":{"scalar":true},"removedOnCompletion":false}],"layers":[],"texturedRectangle":{"isBackgroundTexture":false,"singleTextureOpacity":1,"textureType":0,"textBaseline":0,"textXHeight":0,"isVerticalText":false},"initialState":{"affineTransform":[1,0,0,1,0,0],"masksToBounds":false,"rotation":0,"scale":1,"position":{"pointX":960,"pointY":540},"width":1920,"sublayerTransform":[1,0,0,0,0,1,0,0,0,0,1,0,0,0,0,1],"contentsRect":{"y":0,"x":0,"width":1,"height":1},"opacity":1,"edgeAntialiasingMask":0,"height":1080,"hidden":false,"anchorPoint":{"pointX":0.5,"pointY":0.5}},"texture":"013EFFC0E30657288D45BF02183387E3"}]}]},"effects":[],"duration":0.01,"type":"transition","attributes":{"direction":0},"name":"none","objectID":"0"}],"automaticPlay":false,"hyperlinks":[],"accessibility":[{"text":"Figure from https:\/\/www.thoughtco.com\/what-is-a-speak-and-spell-1992413 and https:\/\/github.com\/oxford-cs-deepnlp-2017\/lectures\/blob\/master\/Lecture%2010%20-%20Text%20to%20Speech.pdf ","targetRectangle":{"y":990.3548578619957,"x":643.75872802734375,"width":1268.2109375,"height":19}},{"text":"Motivation          Speech+Audio          Pre Processing          Networks          Verification+Identification          Detection+Recognition          Conditional          STT          TTS       ","targetRectangle":{"y":1021.5224609375,"x":69.71484375,"width":1827.24609375,"height":27.21484375}},{"text":"Generate speech from text","targetRectangle":{"y":237.33863830566406,"x":138.50917196273804,"width":430.66799999999989,"height":49}},{"text":"Also called speech synthesis","targetRectangle":{"y":286.33863830566406,"x":186.50917053222656,"width":302.73599999999993,"height":45}},{"text":"This is a sequence to sequence transduction problem just like speech to text, but with a 1 to many mapping","targetRectangle":{"y":376.33863830566406,"x":138.50917196273804,"width":768.52800000000002,"height":159}},{"text":"History","targetRectangle":{"y":596.33863830566406,"x":138.50917196273804,"width":112.572,"height":61}},{"text":"Rule based performant synthesis","targetRectangle":{"y":657.33863830566406,"x":186.50917053222656,"width":347.97599999999989,"height":45}},{"text":"Sample based concatenate synthesis","targetRectangle":{"y":702.33863830566406,"x":186.50917053222656,"width":392.976,"height":45}},{"text":"Model based generative synthesis","targetRectangle":{"y":747.33863830566406,"x":186.50917053222656,"width":364.48799999999983,"height":45}},{"text":"Here we’ll mainly look at model based generative synthesis including sequence to sequence based methods","targetRectangle":{"y":837.33863830566406,"x":138.50917196273804,"width":804.70799999999997,"height":159}},{"text":"Goal","targetRectangle":{"y":46.669271469116211,"x":858.60936594009399,"width":202.78125,"height":106.859375}},{"text":"Screen Shot 2021-10-19 at 10.26.40 AM.png","targetRectangle":{"y":341.03216552734375,"x":981.5040283203125,"width":890.7591552734375,"height":602.55157470703125}}],"baseLayer":{"animations":[],"initialState":{"affineTransform":[1,0,0,1,0,0],"masksToBounds":false,"rotation":0,"scale":1,"position":{"pointX":960,"pointY":540},"width":1920,"sublayerTransform":[1,0,0,0,0,1,0,0,0,0,1,0,0,0,0,1],"contentsRect":{"y":0,"x":0,"width":1,"height":1},"opacity":1,"edgeAntialiasingMask":251658240,"height":1080,"hidden":false,"anchorPoint":{"pointX":0.5,"pointY":0.5}},"objectID":"0","layers":[{"animations":[],"initialState":{"affineTransform":[1,0,0,1,0,0],"masksToBounds":false,"rotation":0,"scale":1,"position":{"pointX":960,"pointY":540},"width":1920,"sublayerTransform":[1,0,0,0,0,1,0,0,0,0,1,-0.00035007912466775983,0,0,0,1],"contentsRect":{"y":0,"x":0,"width":1,"height":1},"opacity":1,"edgeAntialiasingMask":251658240,"height":1080,"hidden":false,"anchorPoint":{"pointX":0.5,"pointY":0.5}},"layers":[{"animations":[],"layers":[],"texturedRectangle":{"isBackgroundTexture":false,"singleTextureOpacity":1,"textureType":0,"textBaseline":0,"textXHeight":0,"isVerticalText":false},"initialState":{"affineTransform":[1,0,0,1,0,0],"masksToBounds":false,"rotation":0,"scale":1,"position":{"pointX":960,"pointY":540},"width":1920,"sublayerTransform":[1,0,0,0,0,1,0,0,0,0,1,0,0,0,0,1],"contentsRect":{"y":0,"x":0,"width":1,"height":1},"opacity":1,"edgeAntialiasingMask":0,"height":1080,"hidden":false,"anchorPoint":{"pointX":0.5,"pointY":0.5}},"texture":"013EFFC0E30657288D45BF02183387E3"}]}]}}]}