{"assets":{"8A468753A0EA67452BEB75EECB8F1052":{"type":"texture","index":0,"assetRequest":{"type":"slide","state":"contents","slide":"none"},"url":{"native":"assets\/B14B54D0-14F2-4AC9-B5D6-AD956CEE4C25.pdf"},"width":1920,"height":1080},"26B5473D31EAF9689CDC2901257E4FE9":{"type":"texture","index":1,"assetRequest":{"type":"slide","state":"contents","slide":"none"},"url":{"native":"assets\/B14B54D0-14F2-4AC9-B5D6-AD956CEE4C25.pdf"},"width":1920,"height":1080}},"events":[{"effects":[{"beginTime":0,"baseLayer":{"animations":[],"initialState":{"affineTransform":[1,0,0,1,0,0],"masksToBounds":false,"rotation":0,"scale":1,"position":{"pointX":960,"pointY":540},"width":1920,"sublayerTransform":[1,0,0,0,0,1,0,0,0,0,1,0,0,0,0,1],"contentsRect":{"y":0,"x":0,"width":1,"height":1},"opacity":1,"edgeAntialiasingMask":251658240,"height":1080,"hidden":false,"anchorPoint":{"pointX":0.5,"pointY":0.5}},"objectID":"0","layers":[{"animations":[],"initialState":{"affineTransform":[1,0,0,1,0,0],"masksToBounds":false,"rotation":0,"scale":1,"position":{"pointX":960,"pointY":540},"width":1920,"sublayerTransform":[1,0,0,0,0,1,0,0,0,0,1,-0.00035007912466775983,0,0,0,1],"contentsRect":{"y":0,"x":0,"width":1,"height":1},"opacity":1,"edgeAntialiasingMask":251658240,"height":1080,"hidden":false,"anchorPoint":{"pointX":0.5,"pointY":0.5}},"layers":[{"animations":[],"layers":[],"texturedRectangle":{"isBackgroundTexture":false,"singleTextureOpacity":1,"textureType":0,"textBaseline":0,"textXHeight":0,"isVerticalText":false},"initialState":{"affineTransform":[1,0,0,1,0,0],"masksToBounds":false,"rotation":0,"scale":1,"position":{"pointX":960,"pointY":540},"width":1920,"sublayerTransform":[1,0,0,0,0,1,0,0,0,0,1,0,0,0,0,1],"contentsRect":{"y":0,"x":0,"width":1,"height":1},"opacity":1,"edgeAntialiasingMask":0,"height":1080,"hidden":false,"anchorPoint":{"pointX":0.5,"pointY":0.5}},"texture":"26B5473D31EAF9689CDC2901257E4FE9"},{"animations":[{"additive":false,"timeOffset":0,"beginTime":0,"from":{"scalar":false},"repeatCount":0,"fillMode":"both","duration":0.01,"autoreverses":false,"property":"hidden","to":{"scalar":true},"removedOnCompletion":false}],"layers":[],"texturedRectangle":{"isBackgroundTexture":false,"singleTextureOpacity":1,"textureType":0,"textBaseline":0,"textXHeight":0,"isVerticalText":false},"initialState":{"affineTransform":[1,0,0,1,0,0],"masksToBounds":false,"rotation":0,"scale":1,"position":{"pointX":960,"pointY":540},"width":1920,"sublayerTransform":[1,0,0,0,0,1,0,0,0,0,1,0,0,0,0,1],"contentsRect":{"y":0,"x":0,"width":1,"height":1},"opacity":1,"edgeAntialiasingMask":0,"height":1080,"hidden":false,"anchorPoint":{"pointX":0.5,"pointY":0.5}},"texture":"8A468753A0EA67452BEB75EECB8F1052"}]}]},"effects":[],"duration":0.01,"type":"transition","attributes":{"direction":0},"name":"none","objectID":"0"}],"automaticPlay":false,"hyperlinks":[{"url":"https:\/\/haythamfayek.com\/2016\/04\/21\/speech-processing-for-machine-learning.html","targetRectangle":{"y":988.9129633307457,"x":1364.9461669921875,"width":539.9765625,"height":19}}],"accessibility":[{"text":"Goals and Challenges","targetRectangle":{"y":47.669271469116211,"x":497.52733469009399,"width":924.9453125,"height":104.9248046875}},{"text":"Motivation          Speech+Audio          Pre Processing          Networks          Verification+Identification          Detection+Recognition          Conditional          STT          TTS       ","targetRectangle":{"y":1021.5224609375,"x":69.71484375,"width":1827.24609375,"height":27.21484375}},{"text":"pasted-image.tiff","targetRectangle":{"y":377.8455810546875,"x":1094.575927734375,"width":799.819580078125,"height":261.6319580078125}},{"text":"The quick brown fox jumps ","targetRectangle":{"y":833.49999856948853,"x":1342.5871365203857,"width":327.97743074798586,"height":49}},{"text":"over the lazy dog ","targetRectangle":{"y":882.49999856948853,"x":1399.8945191268922,"width":213.36266553497308,"height":49}},{"text":"Also called Speech Recognition or Automatic Speech Recognition","targetRectangle":{"y":217.41506958007812,"x":95.815803050994873,"width":1058.1839999999997,"height":49}},{"text":"Map audio inputs to linguistic outputs","targetRectangle":{"y":266.41506958007812,"x":95.815803050994873,"width":608.54399999999987,"height":61}},{"text":"This is a mapping from 1 sequence (e.g. sound) to another sequence (e.g. text); converting from 1 form to another is called transduction (in general)","targetRectangle":{"y":327.41506958007812,"x":143.8158016204834,"width":976.24799999999982,"height":78}},{"text":"Challenge 1: Alignment","targetRectangle":{"y":405.41506958007812,"x":95.815803050994873,"width":380.05200000000002,"height":61}},{"text":"Training data is typically in the form of an audio clip and a text transcription","targetRectangle":{"y":466.41506958007812,"x":143.8158016204834,"width":805.15200000000016,"height":45}},{"text":"What’s not included is the alignment between the input audio and the associated text","targetRectangle":{"y":511.41506958007812,"x":143.8158016204834,"width":915.07200000000034,"height":45}},{"text":"What parts of the audio signal are useful for predicting the next output","targetRectangle":{"y":556.41506958007812,"x":143.8158016204834,"width":755.85600000000022,"height":45}},{"text":"Challenge 2: Language","targetRectangle":{"y":601.41506958007812,"x":95.815803050994873,"width":372.81599999999997,"height":61}},{"text":"Want to ultimately predict words or sentences","targetRectangle":{"y":662.41506958007812,"x":143.8158016204834,"width":490.53600000000006,"height":45}},{"text":"But that space is too large to directly predict","targetRectangle":{"y":707.41506958007812,"x":143.8158016204834,"width":475.84799999999996,"height":45}},{"text":"To keep the size of the prediction space manageable, it’s common to predict phonemes, graphemes, word pieces, or words.","targetRectangle":{"y":752.41506958007812,"x":143.8158016204834,"width":951.69599999999991,"height":78}},{"text":"These need to be composed into appropriate words and sentences","targetRectangle":{"y":830.41506958007812,"x":143.8158016204834,"width":720.52800000000047,"height":45}},{"text":"There’s an underlying sequential structure that matters","targetRectangle":{"y":875.41506958007812,"x":143.8158016204834,"width":580.32000000000005,"height":45}},{"text":"Is it possible to exploit the structure of language?","targetRectangle":{"y":920.41506958007812,"x":143.8158016204834,"width":528.88800000000003,"height":45}},{"text":"Figure from https:\/\/haythamfayek.com\/2016\/04\/21\/speech-processing-for-machine-learning.html","targetRectangle":{"y":988.9129633307457,"x":1284.0711669921875,"width":620.8515625,"height":19}}],"baseLayer":{"animations":[],"initialState":{"affineTransform":[1,0,0,1,0,0],"masksToBounds":false,"rotation":0,"scale":1,"position":{"pointX":960,"pointY":540},"width":1920,"sublayerTransform":[1,0,0,0,0,1,0,0,0,0,1,0,0,0,0,1],"contentsRect":{"y":0,"x":0,"width":1,"height":1},"opacity":1,"edgeAntialiasingMask":251658240,"height":1080,"hidden":false,"anchorPoint":{"pointX":0.5,"pointY":0.5}},"objectID":"0","layers":[{"animations":[],"initialState":{"affineTransform":[1,0,0,1,0,0],"masksToBounds":false,"rotation":0,"scale":1,"position":{"pointX":960,"pointY":540},"width":1920,"sublayerTransform":[1,0,0,0,0,1,0,0,0,0,1,-0.00035007912466775983,0,0,0,1],"contentsRect":{"y":0,"x":0,"width":1,"height":1},"opacity":1,"edgeAntialiasingMask":251658240,"height":1080,"hidden":false,"anchorPoint":{"pointX":0.5,"pointY":0.5}},"layers":[{"animations":[],"layers":[],"texturedRectangle":{"isBackgroundTexture":false,"singleTextureOpacity":1,"textureType":0,"textBaseline":0,"textXHeight":0,"isVerticalText":false},"initialState":{"affineTransform":[1,0,0,1,0,0],"masksToBounds":false,"rotation":0,"scale":1,"position":{"pointX":960,"pointY":540},"width":1920,"sublayerTransform":[1,0,0,0,0,1,0,0,0,0,1,0,0,0,0,1],"contentsRect":{"y":0,"x":0,"width":1,"height":1},"opacity":1,"edgeAntialiasingMask":0,"height":1080,"hidden":false,"anchorPoint":{"pointX":0.5,"pointY":0.5}},"texture":"8A468753A0EA67452BEB75EECB8F1052"}]}]}}]}