{"assets":{"9002823A4A92F46677854206FBDAD7FA":{"type":"texture","index":0,"assetRequest":{"type":"slide","state":"contents","slide":"none"},"url":{"native":"assets\/BE08D14D-FB01-47B4-B39B-6892E2692916.pdf"},"width":1920,"height":1080},"47590CF4B2BB4B70CF59A489CBDAE4A4":{"type":"texture","index":1,"assetRequest":{"type":"slide","state":"contents","slide":"none"},"url":{"native":"assets\/BE08D14D-FB01-47B4-B39B-6892E2692916.pdf"},"width":1920,"height":1080}},"events":[{"effects":[{"beginTime":0,"baseLayer":{"animations":[],"initialState":{"affineTransform":[1,0,0,1,0,0],"masksToBounds":false,"rotation":0,"scale":1,"position":{"pointX":960,"pointY":540},"width":1920,"sublayerTransform":[1,0,0,0,0,1,0,0,0,0,1,0,0,0,0,1],"contentsRect":{"y":0,"x":0,"width":1,"height":1},"opacity":1,"edgeAntialiasingMask":251658240,"height":1080,"hidden":false,"anchorPoint":{"pointX":0.5,"pointY":0.5}},"objectID":"0","layers":[{"animations":[],"initialState":{"affineTransform":[1,0,0,1,0,0],"masksToBounds":false,"rotation":0,"scale":1,"position":{"pointX":960,"pointY":540},"width":1920,"sublayerTransform":[1,0,0,0,0,1,0,0,0,0,1,-0.00035007912466775983,0,0,0,1],"contentsRect":{"y":0,"x":0,"width":1,"height":1},"opacity":1,"edgeAntialiasingMask":251658240,"height":1080,"hidden":false,"anchorPoint":{"pointX":0.5,"pointY":0.5}},"layers":[{"animations":[],"layers":[],"texturedRectangle":{"isBackgroundTexture":false,"singleTextureOpacity":1,"textureType":0,"textBaseline":0,"textXHeight":0,"isVerticalText":false},"initialState":{"affineTransform":[1,0,0,1,0,0],"masksToBounds":false,"rotation":0,"scale":1,"position":{"pointX":960,"pointY":540},"width":1920,"sublayerTransform":[1,0,0,0,0,1,0,0,0,0,1,0,0,0,0,1],"contentsRect":{"y":0,"x":0,"width":1,"height":1},"opacity":1,"edgeAntialiasingMask":0,"height":1080,"hidden":false,"anchorPoint":{"pointX":0.5,"pointY":0.5}},"texture":"47590CF4B2BB4B70CF59A489CBDAE4A4"},{"animations":[{"additive":false,"timeOffset":0,"beginTime":0,"from":{"scalar":false},"repeatCount":0,"fillMode":"both","duration":0.01,"autoreverses":false,"property":"hidden","to":{"scalar":true},"removedOnCompletion":false}],"layers":[],"texturedRectangle":{"isBackgroundTexture":false,"singleTextureOpacity":1,"textureType":0,"textBaseline":0,"textXHeight":0,"isVerticalText":false},"initialState":{"affineTransform":[1,0,0,1,0,0],"masksToBounds":false,"rotation":0,"scale":1,"position":{"pointX":960,"pointY":540},"width":1920,"sublayerTransform":[1,0,0,0,0,1,0,0,0,0,1,0,0,0,0,1],"contentsRect":{"y":0,"x":0,"width":1,"height":1},"opacity":1,"edgeAntialiasingMask":0,"height":1080,"hidden":false,"anchorPoint":{"pointX":0.5,"pointY":0.5}},"texture":"9002823A4A92F46677854206FBDAD7FA"}]}]},"effects":[],"duration":0.01,"type":"transition","attributes":{"direction":0},"name":"none","objectID":"0"}],"automaticPlay":false,"hyperlinks":[],"accessibility":[{"text":"Common speech problems are classification problems at their core: map a sound waveform to a finite number of classes","targetRectangle":{"y":760.17608642578102,"x":967.55913170819269,"width":890.04800000000012,"height":93}},{"text":"Motivation","targetRectangle":{"y":200.51803588867188,"x":136.43999862670898,"width":178.85088000000002,"height":51}},{"text":"Speech and Audio","targetRectangle":{"y":246.41803467273712,"x":136.43999862670898,"width":308.69280000000003,"height":86.099998712539673}},{"text":"Pre processing","targetRectangle":{"y":327.41803216934204,"x":136.43999862670898,"width":244.74528000000004,"height":86.099998712539673}},{"text":"Network Structures","targetRectangle":{"y":408.41802966594696,"x":136.43999862670898,"width":318.80160000000001,"height":86.099998712539673}},{"text":"Speaker verification and identification","targetRectangle":{"y":489.41802716255188,"x":136.43999862670898,"width":628.72991999999977,"height":86.099998712539673}},{"text":"Wake word detection, keyword spotting, and command recognition","targetRectangle":{"y":570.4180246591568,"x":136.43999862670898,"width":1128.7785600000002,"height":86.099998712539673}},{"text":"Conditional modeling","targetRectangle":{"y":651.41802215576172,"x":136.43999862670898,"width":363.95423999999997,"height":86.099998712539673}},{"text":"Speech to Text","targetRectangle":{"y":732.41801965236664,"x":136.43999862670898,"width":248.26463999999999,"height":86.099998712539673}},{"text":"Text to Speech","targetRectangle":{"y":813.41801714897156,"x":136.43999862670898,"width":248.26464000000004,"height":86.099998712539673}},{"text":"References","targetRectangle":{"y":894.41801464557648,"x":136.43999862670898,"width":183.11904000000004,"height":86.099998712539673}},{"text":"Motivation          Speech+Audio          Pre Processing          Networks          Verification+Identification          Detection+Recognition          Conditional          STT          TTS       ","targetRectangle":{"y":1021.5224609375,"x":69.71484375,"width":1827.24609375,"height":27.21484375}},{"text":"Screen Shot 2021-10-18 at 9.21.27 AM.png","targetRectangle":{"y":225.4962158203125,"x":954.77337646484375,"width":906.7235107421875,"height":418.39337158203125}},{"text":"Classification Problems","targetRectangle":{"y":46.669271469116211,"x":461.15624094009399,"width":997.6875,"height":106.859375}}],"baseLayer":{"animations":[],"initialState":{"affineTransform":[1,0,0,1,0,0],"masksToBounds":false,"rotation":0,"scale":1,"position":{"pointX":960,"pointY":540},"width":1920,"sublayerTransform":[1,0,0,0,0,1,0,0,0,0,1,0,0,0,0,1],"contentsRect":{"y":0,"x":0,"width":1,"height":1},"opacity":1,"edgeAntialiasingMask":251658240,"height":1080,"hidden":false,"anchorPoint":{"pointX":0.5,"pointY":0.5}},"objectID":"0","layers":[{"animations":[],"initialState":{"affineTransform":[1,0,0,1,0,0],"masksToBounds":false,"rotation":0,"scale":1,"position":{"pointX":960,"pointY":540},"width":1920,"sublayerTransform":[1,0,0,0,0,1,0,0,0,0,1,-0.00035007912466775983,0,0,0,1],"contentsRect":{"y":0,"x":0,"width":1,"height":1},"opacity":1,"edgeAntialiasingMask":251658240,"height":1080,"hidden":false,"anchorPoint":{"pointX":0.5,"pointY":0.5}},"layers":[{"animations":[],"layers":[],"texturedRectangle":{"isBackgroundTexture":false,"singleTextureOpacity":1,"textureType":0,"textBaseline":0,"textXHeight":0,"isVerticalText":false},"initialState":{"affineTransform":[1,0,0,1,0,0],"masksToBounds":false,"rotation":0,"scale":1,"position":{"pointX":960,"pointY":540},"width":1920,"sublayerTransform":[1,0,0,0,0,1,0,0,0,0,1,0,0,0,0,1],"contentsRect":{"y":0,"x":0,"width":1,"height":1},"opacity":1,"edgeAntialiasingMask":0,"height":1080,"hidden":false,"anchorPoint":{"pointX":0.5,"pointY":0.5}},"texture":"9002823A4A92F46677854206FBDAD7FA"}]}]}}]}