{"assets":{"32246134F04AFA9AC36D521063D54402":{"type":"texture","index":0,"assetRequest":{"type":"slide","state":"contents","slide":"none"},"url":{"native":"assets\/88A2E0A1-5D72-4C23-B165-5D3419D6692C.pdf"},"width":1920,"height":1080},"1AB83175275D0E51DB3EFD6A8E611074":{"type":"texture","index":1,"assetRequest":{"type":"slide","state":"contents","slide":"none"},"url":{"native":"assets\/88A2E0A1-5D72-4C23-B165-5D3419D6692C.pdf"},"width":1920,"height":1080}},"events":[{"effects":[{"beginTime":0,"baseLayer":{"animations":[],"initialState":{"affineTransform":[1,0,0,1,0,0],"masksToBounds":false,"rotation":0,"scale":1,"position":{"pointX":960,"pointY":540},"width":1920,"sublayerTransform":[1,0,0,0,0,1,0,0,0,0,1,0,0,0,0,1],"contentsRect":{"y":0,"x":0,"width":1,"height":1},"opacity":1,"edgeAntialiasingMask":251658240,"height":1080,"hidden":false,"anchorPoint":{"pointX":0.5,"pointY":0.5}},"objectID":"0","layers":[{"animations":[],"initialState":{"affineTransform":[1,0,0,1,0,0],"masksToBounds":false,"rotation":0,"scale":1,"position":{"pointX":960,"pointY":540},"width":1920,"sublayerTransform":[1,0,0,0,0,1,0,0,0,0,1,-0.00035007912466775983,0,0,0,1],"contentsRect":{"y":0,"x":0,"width":1,"height":1},"opacity":1,"edgeAntialiasingMask":251658240,"height":1080,"hidden":false,"anchorPoint":{"pointX":0.5,"pointY":0.5}},"layers":[{"animations":[],"layers":[],"texturedRectangle":{"isBackgroundTexture":false,"singleTextureOpacity":1,"textureType":0,"textBaseline":0,"textXHeight":0,"isVerticalText":false},"initialState":{"affineTransform":[1,0,0,1,0,0],"masksToBounds":false,"rotation":0,"scale":1,"position":{"pointX":960,"pointY":540},"width":1920,"sublayerTransform":[1,0,0,0,0,1,0,0,0,0,1,0,0,0,0,1],"contentsRect":{"y":0,"x":0,"width":1,"height":1},"opacity":1,"edgeAntialiasingMask":0,"height":1080,"hidden":false,"anchorPoint":{"pointX":0.5,"pointY":0.5}},"texture":"1AB83175275D0E51DB3EFD6A8E611074"},{"animations":[{"additive":false,"timeOffset":0,"beginTime":0,"from":{"scalar":false},"repeatCount":0,"fillMode":"both","duration":0.01,"autoreverses":false,"property":"hidden","to":{"scalar":true},"removedOnCompletion":false}],"layers":[],"texturedRectangle":{"isBackgroundTexture":false,"singleTextureOpacity":1,"textureType":0,"textBaseline":0,"textXHeight":0,"isVerticalText":false},"initialState":{"affineTransform":[1,0,0,1,0,0],"masksToBounds":false,"rotation":0,"scale":1,"position":{"pointX":960,"pointY":540},"width":1920,"sublayerTransform":[1,0,0,0,0,1,0,0,0,0,1,0,0,0,0,1],"contentsRect":{"y":0,"x":0,"width":1,"height":1},"opacity":1,"edgeAntialiasingMask":0,"height":1080,"hidden":false,"anchorPoint":{"pointX":0.5,"pointY":0.5}},"texture":"32246134F04AFA9AC36D521063D54402"}]}]},"effects":[],"duration":0.01,"type":"transition","attributes":{"direction":0},"name":"none","objectID":"0"}],"automaticPlay":false,"hyperlinks":[],"accessibility":[{"text":"Motivation          Speech+Audio          Pre Processing          Networks          Verification+Identification          Detection+Recognition          Conditional          STT          TTS       ","targetRectangle":{"y":1021.5224609375,"x":69.71484375,"width":1827.24609375,"height":27.21484375}},{"text":"References","targetRectangle":{"y":50.669271469116211,"x":734.99413156509399,"width":450.01171875,"height":99.12109375}},{"text":"Effective combination of DenseNet and BiLSTM for keyword spotting \\u2028• https:\/\/ieeexplore.ieee.org\/document\/8607038 \\u2028","targetRectangle":{"y":200.51803588867188,"x":97.669548729716098,"width":397.68056554079078,"height":32.446659691333764}},{"text":"Deep residual learning for small-footprint keyword spotting \\u2028• https:\/\/arxiv.org\/abs\/1710.10361 \\u2028","targetRectangle":{"y":262.04335447835922,"x":97.669548729716098,"width":337.24817595958723,"height":32.446659691333821}},{"text":"Hello edge: keyword spotting on microcontrollers \\u2028• https:\/\/arxiv.org\/abs\/1711.07128 \\u2028","targetRectangle":{"y":323.56867306804656,"x":97.669548729716098,"width":283.03568924427032,"height":32.446659691333821}},{"text":"A neural attention model for speech command recognition \\u2028• https:\/\/arxiv.org\/abs\/1808.08929 \\u2028","targetRectangle":{"y":385.09399165773391,"x":97.669548729716098,"width":328.51497900962835,"height":32.446659691333821}},{"text":"Stochastic adaptive neural architecture search for keyword spotting \\u2028• https:\/\/arxiv.org\/abs\/1811.06753 \\u2028","targetRectangle":{"y":446.61931024742125,"x":97.669548729716098,"width":377.76754318237317,"height":32.446659691333821}},{"text":"Efficient keyword spotting using dilated convolutions and gating \\u2028• https:\/\/arxiv.org\/abs\/1811.07684 \\u2028","targetRectangle":{"y":508.14462883710866,"x":97.669548729716098,"width":364.20775494098672,"height":32.446659691333764}},{"text":"End-to-end streaming keyword spotting \\u2028• https:\/\/arxiv.org\/abs\/1812.02802 \\u2028","targetRectangle":{"y":569.66994742679594,"x":97.669548729716098,"width":227.68322033166885,"height":32}},{"text":"Multi-layer attention mechanism for speech keyword recognition \\u2028• https:\/\/arxiv.org\/abs\/1907.04536 \\u2028","targetRectangle":{"y":630.74860632514958,"x":97.669548729716098,"width":366.04105964422229,"height":32.446659691333821}},{"text":"Training keyword spotters with limited and synthesized speech data \\u2028• https:\/\/arxiv.org\/abs\/2002.01322 \\u2028","targetRectangle":{"y":692.27392491483693,"x":97.669548729716098,"width":380.75416320800787,"height":32.446659691333821}},{"text":"MatchboxNet: 1d time-channel separable convolutional neural network architecture for speech commands recognition \\u2028• https:\/\/arxiv.org\/abs\/2004.08531 \\u2028","targetRectangle":{"y":753.79924350452438,"x":97.669548729716098,"width":656.04319744586917,"height":32.446659691333821}},{"text":"Streaming keyword spotting on mobile devices \\u2028• https:\/\/arxiv.org\/abs\/2005.06720 \\u2028","targetRectangle":{"y":815.32456209421184,"x":97.669548729716098,"width":267.88259255170817,"height":32.446659691333821}},{"text":"Howl: a deployed, open-source wake word detection system \\u2028• https:\/\/arxiv.org\/abs\/2008.09606 \\u2028","targetRectangle":{"y":876.8498806838993,"x":97.669548729716098,"width":339.50814066648479,"height":32.446659691333821}},{"text":"Neural architecture search for keyword spotting \\u2028• https:\/\/arxiv.org\/abs\/2009.00165 ","targetRectangle":{"y":938.37519927358676,"x":97.669548729716098,"width":271.60920102119439,"height":32}}],"baseLayer":{"animations":[],"initialState":{"affineTransform":[1,0,0,1,0,0],"masksToBounds":false,"rotation":0,"scale":1,"position":{"pointX":960,"pointY":540},"width":1920,"sublayerTransform":[1,0,0,0,0,1,0,0,0,0,1,0,0,0,0,1],"contentsRect":{"y":0,"x":0,"width":1,"height":1},"opacity":1,"edgeAntialiasingMask":251658240,"height":1080,"hidden":false,"anchorPoint":{"pointX":0.5,"pointY":0.5}},"objectID":"0","layers":[{"animations":[],"initialState":{"affineTransform":[1,0,0,1,0,0],"masksToBounds":false,"rotation":0,"scale":1,"position":{"pointX":960,"pointY":540},"width":1920,"sublayerTransform":[1,0,0,0,0,1,0,0,0,0,1,-0.00035007912466775983,0,0,0,1],"contentsRect":{"y":0,"x":0,"width":1,"height":1},"opacity":1,"edgeAntialiasingMask":251658240,"height":1080,"hidden":false,"anchorPoint":{"pointX":0.5,"pointY":0.5}},"layers":[{"animations":[],"layers":[],"texturedRectangle":{"isBackgroundTexture":false,"singleTextureOpacity":1,"textureType":0,"textBaseline":0,"textXHeight":0,"isVerticalText":false},"initialState":{"affineTransform":[1,0,0,1,0,0],"masksToBounds":false,"rotation":0,"scale":1,"position":{"pointX":960,"pointY":540},"width":1920,"sublayerTransform":[1,0,0,0,0,1,0,0,0,0,1,0,0,0,0,1],"contentsRect":{"y":0,"x":0,"width":1,"height":1},"opacity":1,"edgeAntialiasingMask":0,"height":1080,"hidden":false,"anchorPoint":{"pointX":0.5,"pointY":0.5}},"texture":"32246134F04AFA9AC36D521063D54402"}]}]}}]}