{"assets":{"F27F89B9CC3D9DB1F0EF0A11839D26B7":{"type":"texture","index":1,"assetRequest":{"type":"slide","state":"contents","slide":"none"},"url":{"native":"assets\/EFBC729E-1986-479D-B4F1-2C450D7B72F0.pdf"},"width":1920,"height":1080},"371AF5CB4E45B562606C0EE0F6B2F82C":{"type":"texture","index":0,"assetRequest":{"type":"slide","state":"contents","slide":"none"},"url":{"native":"assets\/EFBC729E-1986-479D-B4F1-2C450D7B72F0.pdf"},"width":1920,"height":1080}},"events":[{"effects":[{"beginTime":0,"baseLayer":{"animations":[],"initialState":{"affineTransform":[1,0,0,1,0,0],"masksToBounds":false,"rotation":0,"scale":1,"position":{"pointX":960,"pointY":540},"width":1920,"sublayerTransform":[1,0,0,0,0,1,0,0,0,0,1,0,0,0,0,1],"contentsRect":{"y":0,"x":0,"width":1,"height":1},"opacity":1,"edgeAntialiasingMask":251658240,"height":1080,"hidden":false,"anchorPoint":{"pointX":0.5,"pointY":0.5}},"objectID":"0","layers":[{"animations":[],"initialState":{"affineTransform":[1,0,0,1,0,0],"masksToBounds":false,"rotation":0,"scale":1,"position":{"pointX":960,"pointY":540},"width":1920,"sublayerTransform":[1,0,0,0,0,1,0,0,0,0,1,-0.00035007912466775983,0,0,0,1],"contentsRect":{"y":0,"x":0,"width":1,"height":1},"opacity":1,"edgeAntialiasingMask":251658240,"height":1080,"hidden":false,"anchorPoint":{"pointX":0.5,"pointY":0.5}},"layers":[{"animations":[],"layers":[],"texturedRectangle":{"isBackgroundTexture":false,"singleTextureOpacity":1,"textureType":0,"textBaseline":0,"textXHeight":0,"isVerticalText":false},"initialState":{"affineTransform":[1,0,0,1,0,0],"masksToBounds":false,"rotation":0,"scale":1,"position":{"pointX":960,"pointY":540},"width":1920,"sublayerTransform":[1,0,0,0,0,1,0,0,0,0,1,0,0,0,0,1],"contentsRect":{"y":0,"x":0,"width":1,"height":1},"opacity":1,"edgeAntialiasingMask":0,"height":1080,"hidden":false,"anchorPoint":{"pointX":0.5,"pointY":0.5}},"texture":"F27F89B9CC3D9DB1F0EF0A11839D26B7"},{"animations":[{"additive":false,"timeOffset":0,"beginTime":0,"from":{"scalar":false},"repeatCount":0,"fillMode":"both","duration":0.01,"autoreverses":false,"property":"hidden","to":{"scalar":true},"removedOnCompletion":false}],"layers":[],"texturedRectangle":{"isBackgroundTexture":false,"singleTextureOpacity":1,"textureType":0,"textBaseline":0,"textXHeight":0,"isVerticalText":false},"initialState":{"affineTransform":[1,0,0,1,0,0],"masksToBounds":false,"rotation":0,"scale":1,"position":{"pointX":960,"pointY":540},"width":1920,"sublayerTransform":[1,0,0,0,0,1,0,0,0,0,1,0,0,0,0,1],"contentsRect":{"y":0,"x":0,"width":1,"height":1},"opacity":1,"edgeAntialiasingMask":0,"height":1080,"hidden":false,"anchorPoint":{"pointX":0.5,"pointY":0.5}},"texture":"371AF5CB4E45B562606C0EE0F6B2F82C"}]}]},"effects":[],"duration":0.01,"type":"transition","attributes":{"direction":0},"name":"none","objectID":"0"}],"automaticPlay":false,"hyperlinks":[],"accessibility":[{"text":"POS tagging is the task of assigning tags to each word in a sentence according to its part of speech.","targetRectangle":{"y":134,"x":49.83332097530365,"width":1832.3999999999999,"height":122}},{"text":"The set of tags, or Parts, varies by dataset, task etc., and can be much larger than the standard set of eight.","targetRectangle":{"y":378,"x":49.83332097530365,"width":1821.1500000000001,"height":122}},{"text":"Used in syntactic parsing, and for word sense disambiguation (WSD) ","targetRectangle":{"y":561,"x":85.83332097530365,"width":1499.3000000000002,"height":61}},{"text":"DET            VERB              VERB          NOUN           VERB             PREP           DET          VERB         NOUN","targetRectangle":{"y":311.87875831127167,"x":500.52313232421875,"width":1095.4080000000006,"height":35}},{"text":"VERB","targetRectangle":{"y":736.32471168041229,"x":572.43507349491119,"width":59.279999999999973,"height":30.759999513626099}},{"text":"Part of Speech (POS) tagging","targetRectangle":{"y":4,"x":40,"width":923.37,"height":84}},{"text":"leaves -> leave","targetRectangle":{"y":707.58082580566406,"x":543.08563232421875,"width":270.0439453125,"height":42.199999809265137}},{"text":"leaves -> leaf ","targetRectangle":{"y":791.98082542419434,"x":543.08563232421875,"width":270.0439453125,"height":35}},{"text":"￼","targetRectangle":{"y":1038.7800302505493,"x":1890.8019820259069,"width":20.460000000000036,"height":26}},{"text":"The   quick   brown   fox   jumped   over   the   lazy   dog","targetRectangle":{"y":261.18383854627609,"x":500.52313232421875,"width":1080.17578125,"height":35}},{"text":"NOUN","targetRectangle":{"y":819.42664039134979,"x":566.61507332324982,"width":70.919999999999959,"height":30.759999513626099}}],"baseLayer":{"animations":[],"initialState":{"affineTransform":[1,0,0,1,0,0],"masksToBounds":false,"rotation":0,"scale":1,"position":{"pointX":960,"pointY":540},"width":1920,"sublayerTransform":[1,0,0,0,0,1,0,0,0,0,1,0,0,0,0,1],"contentsRect":{"y":0,"x":0,"width":1,"height":1},"opacity":1,"edgeAntialiasingMask":251658240,"height":1080,"hidden":false,"anchorPoint":{"pointX":0.5,"pointY":0.5}},"objectID":"0","layers":[{"animations":[],"initialState":{"affineTransform":[1,0,0,1,0,0],"masksToBounds":false,"rotation":0,"scale":1,"position":{"pointX":960,"pointY":540},"width":1920,"sublayerTransform":[1,0,0,0,0,1,0,0,0,0,1,-0.00035007912466775983,0,0,0,1],"contentsRect":{"y":0,"x":0,"width":1,"height":1},"opacity":1,"edgeAntialiasingMask":251658240,"height":1080,"hidden":false,"anchorPoint":{"pointX":0.5,"pointY":0.5}},"layers":[{"animations":[],"layers":[],"texturedRectangle":{"isBackgroundTexture":false,"singleTextureOpacity":1,"textureType":0,"textBaseline":0,"textXHeight":0,"isVerticalText":false},"initialState":{"affineTransform":[1,0,0,1,0,0],"masksToBounds":false,"rotation":0,"scale":1,"position":{"pointX":960,"pointY":540},"width":1920,"sublayerTransform":[1,0,0,0,0,1,0,0,0,0,1,0,0,0,0,1],"contentsRect":{"y":0,"x":0,"width":1,"height":1},"opacity":1,"edgeAntialiasingMask":0,"height":1080,"hidden":false,"anchorPoint":{"pointX":0.5,"pointY":0.5}},"texture":"371AF5CB4E45B562606C0EE0F6B2F82C"}]}]}}]}