{"assets":{"3B338EB9B50601997D4B0EC3CFC97130":{"type":"texture","index":0,"assetRequest":{"type":"slide","state":"contents","slide":"none"},"url":{"native":"assets\/AF8EF828-2D87-4604-88E3-3A649CA2C33A.pdf"},"width":1920,"height":1080},"81FE88DB8A293D0DF483443008E16D14":{"type":"texture","index":1,"assetRequest":{"type":"slide","state":"contents","slide":"none"},"url":{"native":"assets\/AF8EF828-2D87-4604-88E3-3A649CA2C33A.pdf"},"width":1920,"height":1080}},"events":[{"effects":[{"beginTime":0,"baseLayer":{"animations":[],"initialState":{"affineTransform":[1,0,0,1,0,0],"masksToBounds":false,"rotation":0,"scale":1,"position":{"pointX":960,"pointY":540},"width":1920,"sublayerTransform":[1,0,0,0,0,1,0,0,0,0,1,0,0,0,0,1],"contentsRect":{"y":0,"x":0,"width":1,"height":1},"opacity":1,"edgeAntialiasingMask":251658240,"height":1080,"hidden":false,"anchorPoint":{"pointX":0.5,"pointY":0.5}},"objectID":"0","layers":[{"animations":[],"initialState":{"affineTransform":[1,0,0,1,0,0],"masksToBounds":false,"rotation":0,"scale":1,"position":{"pointX":960,"pointY":540},"width":1920,"sublayerTransform":[1,0,0,0,0,1,0,0,0,0,1,-0.00035007912466775983,0,0,0,1],"contentsRect":{"y":0,"x":0,"width":1,"height":1},"opacity":1,"edgeAntialiasingMask":251658240,"height":1080,"hidden":false,"anchorPoint":{"pointX":0.5,"pointY":0.5}},"layers":[{"animations":[],"layers":[],"texturedRectangle":{"isBackgroundTexture":false,"singleTextureOpacity":1,"textureType":0,"textBaseline":0,"textXHeight":0,"isVerticalText":false},"initialState":{"affineTransform":[1,0,0,1,0,0],"masksToBounds":false,"rotation":0,"scale":1,"position":{"pointX":960,"pointY":540},"width":1920,"sublayerTransform":[1,0,0,0,0,1,0,0,0,0,1,0,0,0,0,1],"contentsRect":{"y":0,"x":0,"width":1,"height":1},"opacity":1,"edgeAntialiasingMask":0,"height":1080,"hidden":false,"anchorPoint":{"pointX":0.5,"pointY":0.5}},"texture":"81FE88DB8A293D0DF483443008E16D14"},{"animations":[{"additive":false,"timeOffset":0,"beginTime":0,"from":{"scalar":false},"repeatCount":0,"fillMode":"both","duration":0.01,"autoreverses":false,"property":"hidden","to":{"scalar":true},"removedOnCompletion":false}],"layers":[],"texturedRectangle":{"isBackgroundTexture":false,"singleTextureOpacity":1,"textureType":0,"textBaseline":0,"textXHeight":0,"isVerticalText":false},"initialState":{"affineTransform":[1,0,0,1,0,0],"masksToBounds":false,"rotation":0,"scale":1,"position":{"pointX":960,"pointY":540},"width":1920,"sublayerTransform":[1,0,0,0,0,1,0,0,0,0,1,0,0,0,0,1],"contentsRect":{"y":0,"x":0,"width":1,"height":1},"opacity":1,"edgeAntialiasingMask":0,"height":1080,"hidden":false,"anchorPoint":{"pointX":0.5,"pointY":0.5}},"texture":"3B338EB9B50601997D4B0EC3CFC97130"}]}]},"effects":[],"duration":0.01,"type":"transition","attributes":{"direction":0},"name":"none","objectID":"0"}],"automaticPlay":false,"hyperlinks":[],"accessibility":[{"text":"equation.pdf","targetRectangle":{"y":817.95863385066809,"x":687.03180162048409,"width":255.67665358914871,"height":35.847854756863285}},{"text":"equation.pdf","targetRectangle":{"y":722.26292433694152,"x":690.84780162048446,"width":230.05883117902499,"height":35.847854756863285}},{"text":"equation.pdf","targetRectangle":{"y":674.41506958007812,"x":698.81580162048442,"width":366.28933994428905,"height":35.847854756863285}},{"text":"Conditional Model for Speech to Text","targetRectangle":{"y":47.669271469116211,"x":192.73876047134399,"width":1534.5224609375,"height":104.9248046875}},{"text":"Covered in Next Section","targetRectangle":{"y":217.41506958007812,"x":95.815801620483398,"width":261.81599999999997,"height":33}},{"text":"Learn a model for text that can predict the next phoneme, grapheme, character, word piece, or word given previous phonemes, graphemes, word pieces, or words","targetRectangle":{"y":250.41506958007812,"x":95.815803050994873,"width":1724.0039999999997,"height":110}},{"text":"This model can be optimized for specific or general types of text by training on that type of text","targetRectangle":{"y":360.41506958007812,"x":143.8158016204834,"width":1022.9520000000002,"height":45}},{"text":"Then focus \/ bias the text predictions via conditioning on features generated from a specific speech signal","targetRectangle":{"y":450.41506958007812,"x":95.815803050994873,"width":1698.6960000000013,"height":61}},{"text":"This creates a conditional model that produces text corresponding to the given speech signal","targetRectangle":{"y":511.41506958007812,"x":143.8158016204834,"width":998.20800000000054,"height":45}},{"text":"In equations (the network approximates this PMF)","targetRectangle":{"y":601.41506958007812,"x":95.815803050994873,"width":793.54799999999966,"height":61}},{"text":"Notation                                                                     ￼","targetRectangle":{"y":662.41506958007812,"x":143.8158016204834,"width":921.28933994429008,"height":47.847854756863285}},{"text":"Text Model                                                                ￼","targetRectangle":{"y":710.26292433694141,"x":143.8158016204834,"width":777.09083117902605,"height":47.847854756863285}},{"text":"Conditioned on features from speech                      ￼","targetRectangle":{"y":758.11077909380469,"x":143.8158016204834,"width":799.29449473042735,"height":47.847854756863285}},{"text":"Using previous predicted outputs                            ￼","targetRectangle":{"y":805.95863385066798,"x":143.8158016204834,"width":798.8926535891494,"height":47.847854756863285}},{"text":"Motivation          Speech+Audio          Pre Processing          Networks          Verification+Identification          Detection+Recognition          Conditional          STT          TTS       ","targetRectangle":{"y":1021.5224609375,"x":69.71484375,"width":1827.24609375,"height":27.21484375}},{"text":"equation.pdf","targetRectangle":{"y":770.11077909380481,"x":690.19980162048387,"width":252.91049473042688,"height":35.847854756863285}}],"baseLayer":{"animations":[],"initialState":{"affineTransform":[1,0,0,1,0,0],"masksToBounds":false,"rotation":0,"scale":1,"position":{"pointX":960,"pointY":540},"width":1920,"sublayerTransform":[1,0,0,0,0,1,0,0,0,0,1,0,0,0,0,1],"contentsRect":{"y":0,"x":0,"width":1,"height":1},"opacity":1,"edgeAntialiasingMask":251658240,"height":1080,"hidden":false,"anchorPoint":{"pointX":0.5,"pointY":0.5}},"objectID":"0","layers":[{"animations":[],"initialState":{"affineTransform":[1,0,0,1,0,0],"masksToBounds":false,"rotation":0,"scale":1,"position":{"pointX":960,"pointY":540},"width":1920,"sublayerTransform":[1,0,0,0,0,1,0,0,0,0,1,-0.00035007912466775983,0,0,0,1],"contentsRect":{"y":0,"x":0,"width":1,"height":1},"opacity":1,"edgeAntialiasingMask":251658240,"height":1080,"hidden":false,"anchorPoint":{"pointX":0.5,"pointY":0.5}},"layers":[{"animations":[],"layers":[],"texturedRectangle":{"isBackgroundTexture":false,"singleTextureOpacity":1,"textureType":0,"textBaseline":0,"textXHeight":0,"isVerticalText":false},"initialState":{"affineTransform":[1,0,0,1,0,0],"masksToBounds":false,"rotation":0,"scale":1,"position":{"pointX":960,"pointY":540},"width":1920,"sublayerTransform":[1,0,0,0,0,1,0,0,0,0,1,0,0,0,0,1],"contentsRect":{"y":0,"x":0,"width":1,"height":1},"opacity":1,"edgeAntialiasingMask":0,"height":1080,"hidden":false,"anchorPoint":{"pointX":0.5,"pointY":0.5}},"texture":"3B338EB9B50601997D4B0EC3CFC97130"}]}]}}]}