{"assets":{"1D42EA244759C325D3BAAD19726C39C8":{"type":"texture","index":0,"assetRequest":{"type":"slide","state":"contents","slide":"none"},"url":{"native":"assets\/8C2237DC-8B93-46F0-9D97-FDBB15DEA471.pdf"},"width":1920,"height":1080},"7D8CD7A6E2284BD7229A1548B55EB2F0":{"type":"texture","index":1,"assetRequest":{"type":"slide","state":"contents","slide":"none"},"url":{"native":"assets\/8C2237DC-8B93-46F0-9D97-FDBB15DEA471.pdf"},"width":1920,"height":1080}},"events":[{"effects":[{"beginTime":0,"baseLayer":{"animations":[],"initialState":{"affineTransform":[1,0,0,1,0,0],"masksToBounds":false,"rotation":0,"scale":1,"position":{"pointX":960,"pointY":540},"width":1920,"sublayerTransform":[1,0,0,0,0,1,0,0,0,0,1,0,0,0,0,1],"contentsRect":{"y":0,"x":0,"width":1,"height":1},"opacity":1,"edgeAntialiasingMask":251658240,"height":1080,"hidden":false,"anchorPoint":{"pointX":0.5,"pointY":0.5}},"objectID":"0","layers":[{"animations":[],"initialState":{"affineTransform":[1,0,0,1,0,0],"masksToBounds":false,"rotation":0,"scale":1,"position":{"pointX":960,"pointY":540},"width":1920,"sublayerTransform":[1,0,0,0,0,1,0,0,0,0,1,-0.00035007912466775983,0,0,0,1],"contentsRect":{"y":0,"x":0,"width":1,"height":1},"opacity":1,"edgeAntialiasingMask":251658240,"height":1080,"hidden":false,"anchorPoint":{"pointX":0.5,"pointY":0.5}},"layers":[{"animations":[],"layers":[],"texturedRectangle":{"isBackgroundTexture":false,"singleTextureOpacity":1,"textureType":0,"textBaseline":0,"textXHeight":0,"isVerticalText":false},"initialState":{"affineTransform":[1,0,0,1,0,0],"masksToBounds":false,"rotation":0,"scale":1,"position":{"pointX":960,"pointY":540},"width":1920,"sublayerTransform":[1,0,0,0,0,1,0,0,0,0,1,0,0,0,0,1],"contentsRect":{"y":0,"x":0,"width":1,"height":1},"opacity":1,"edgeAntialiasingMask":0,"height":1080,"hidden":false,"anchorPoint":{"pointX":0.5,"pointY":0.5}},"texture":"7D8CD7A6E2284BD7229A1548B55EB2F0"},{"animations":[{"additive":false,"timeOffset":0,"beginTime":0,"from":{"scalar":false},"repeatCount":0,"fillMode":"both","duration":0.01,"autoreverses":false,"property":"hidden","to":{"scalar":true},"removedOnCompletion":false}],"layers":[],"texturedRectangle":{"isBackgroundTexture":false,"singleTextureOpacity":1,"textureType":0,"textBaseline":0,"textXHeight":0,"isVerticalText":false},"initialState":{"affineTransform":[1,0,0,1,0,0],"masksToBounds":false,"rotation":0,"scale":1,"position":{"pointX":960,"pointY":540},"width":1920,"sublayerTransform":[1,0,0,0,0,1,0,0,0,0,1,0,0,0,0,1],"contentsRect":{"y":0,"x":0,"width":1,"height":1},"opacity":1,"edgeAntialiasingMask":0,"height":1080,"hidden":false,"anchorPoint":{"pointX":0.5,"pointY":0.5}},"texture":"1D42EA244759C325D3BAAD19726C39C8"}]}]},"effects":[],"duration":0.01,"type":"transition","attributes":{"direction":0},"name":"none","objectID":"0"}],"automaticPlay":false,"hyperlinks":[],"accessibility":[{"text":"Motivation          Speech+Audio          Pre Processing          Networks          Verification+Identification          Detection+Recognition          Conditional          STT          TTS       ","targetRectangle":{"y":1021.5224609375,"x":69.71484375,"width":1827.24609375,"height":27.21484375}},{"text":"equation.pdf","targetRectangle":{"y":250.65055847167969,"x":534.92035543441762,"width":19.839700934579469,"height":53.771782135294984}},{"text":"The probability of a path ￼ given an input ￼","targetRectangle":{"y":250.65055847167969,"x":128.30035543441772,"width":699.88340186915866,"height":53.771782135294984}},{"text":"￼","targetRectangle":{"y":304.42234060697467,"x":176.30035400390625,"width":239.6701661758562,"height":70.530004485981294}},{"text":"The product of the PMF values of the class elements for the path","targetRectangle":{"y":374.95234509295597,"x":176.30035400390625,"width":692.06400000000031,"height":45}},{"text":"The probability of a label ￼ given input ￼","targetRectangle":{"y":419.95234509295597,"x":128.30035543441772,"width":659.45573831775675,"height":65.771782135294984}},{"text":"￼","targetRectangle":{"y":485.72412722825095,"x":176.30035400390625,"width":378.10271298205191,"height":50.629682242990725}},{"text":"This is a sum over all paths that can possibly generate the label","targetRectangle":{"y":536.35380947124168,"x":176.30035400390625,"width":674.64000000000021,"height":45}},{"text":"But in practice only a small number of paths will contribute meaningfully to the probability (multiplying multiple small numbers corresponding to unlikely classes results in a very small value)","targetRectangle":{"y":581.35380947124168,"x":176.30035400390625,"width":1715.2559999999996,"height":78}},{"text":"This observation can be used to simplify the probability calculation via dynamic programming","targetRectangle":{"y":659.35380947124168,"x":176.30035400390625,"width":999.04799999999977,"height":45}},{"text":"Training vs testing","targetRectangle":{"y":704.35380947124168,"x":128.30035543441772,"width":289.90799999999996,"height":61}},{"text":"During training, parameters are optimized to minimize the negative log likelihood of ￼","targetRectangle":{"y":765.35380947124168,"x":176.30035400390625,"width":988.27663551401906,"height":47.847854756863285}},{"text":"During testing, greedy \/ arg max decoding is used or an N best list is saved for subsequent use with an external language model via beam search","targetRectangle":{"y":813.20166422810496,"x":176.30035400390625,"width":1554.7440000000011,"height":45}},{"text":"Probability of Paths and Labels","targetRectangle":{"y":46.669271469116211,"x":298.24217844009399,"width":1323.515625,"height":106.859375}},{"text":"equation.pdf","targetRectangle":{"y":250.65055847167969,"x":804.13205636899693,"width":24.051700934579458,"height":53.771782135294984}},{"text":"equation.pdf","targetRectangle":{"y":431.95234509295597,"x":763.70439281759502,"width":24.051700934579458,"height":53.771782135294984}},{"text":"equation.pdf","targetRectangle":{"y":497.72412722825095,"x":176.30035400390625,"width":378.10271298205191,"height":38.629682242990611}},{"text":"equation.pdf","targetRectangle":{"y":316.42234060697467,"x":176.30035400390625,"width":239.6701661758562,"height":58.530004485981294}},{"text":"equation.pdf","targetRectangle":{"y":777.35380947124168,"x":1083.2123540039065,"width":81.364635514018801,"height":35.847854756863285}},{"text":"equation.pdf","targetRectangle":{"y":431.95234509295597,"x":540.24835543441759,"width":22.792037383177558,"height":53.771782135294984}}],"baseLayer":{"animations":[],"initialState":{"affineTransform":[1,0,0,1,0,0],"masksToBounds":false,"rotation":0,"scale":1,"position":{"pointX":960,"pointY":540},"width":1920,"sublayerTransform":[1,0,0,0,0,1,0,0,0,0,1,0,0,0,0,1],"contentsRect":{"y":0,"x":0,"width":1,"height":1},"opacity":1,"edgeAntialiasingMask":251658240,"height":1080,"hidden":false,"anchorPoint":{"pointX":0.5,"pointY":0.5}},"objectID":"0","layers":[{"animations":[],"initialState":{"affineTransform":[1,0,0,1,0,0],"masksToBounds":false,"rotation":0,"scale":1,"position":{"pointX":960,"pointY":540},"width":1920,"sublayerTransform":[1,0,0,0,0,1,0,0,0,0,1,-0.00035007912466775983,0,0,0,1],"contentsRect":{"y":0,"x":0,"width":1,"height":1},"opacity":1,"edgeAntialiasingMask":251658240,"height":1080,"hidden":false,"anchorPoint":{"pointX":0.5,"pointY":0.5}},"layers":[{"animations":[],"layers":[],"texturedRectangle":{"isBackgroundTexture":false,"singleTextureOpacity":1,"textureType":0,"textBaseline":0,"textXHeight":0,"isVerticalText":false},"initialState":{"affineTransform":[1,0,0,1,0,0],"masksToBounds":false,"rotation":0,"scale":1,"position":{"pointX":960,"pointY":540},"width":1920,"sublayerTransform":[1,0,0,0,0,1,0,0,0,0,1,0,0,0,0,1],"contentsRect":{"y":0,"x":0,"width":1,"height":1},"opacity":1,"edgeAntialiasingMask":0,"height":1080,"hidden":false,"anchorPoint":{"pointX":0.5,"pointY":0.5}},"texture":"1D42EA244759C325D3BAAD19726C39C8"}]}]}}]}