{"assets":{"980130BE55A210754C599A1AC53BC012":{"type":"texture","index":1,"assetRequest":{"type":"slide","state":"contents","slide":"none"},"url":{"native":"assets\/6D2CA241-E499-44BF-8146-DF35230A4C9E.pdf"},"width":1920,"height":1080},"B967FF320D5B24DD6DEF602238857196":{"type":"texture","index":0,"assetRequest":{"type":"slide","state":"contents","slide":"none"},"url":{"native":"assets\/6D2CA241-E499-44BF-8146-DF35230A4C9E.pdf"},"width":1920,"height":1080}},"events":[{"effects":[{"beginTime":0,"baseLayer":{"animations":[],"initialState":{"affineTransform":[1,0,0,1,0,0],"masksToBounds":false,"rotation":0,"scale":1,"position":{"pointX":960,"pointY":540},"width":1920,"sublayerTransform":[1,0,0,0,0,1,0,0,0,0,1,0,0,0,0,1],"contentsRect":{"y":0,"x":0,"width":1,"height":1},"opacity":1,"edgeAntialiasingMask":251658240,"height":1080,"hidden":false,"anchorPoint":{"pointX":0.5,"pointY":0.5}},"objectID":"0","layers":[{"animations":[],"initialState":{"affineTransform":[1,0,0,1,0,0],"masksToBounds":false,"rotation":0,"scale":1,"position":{"pointX":960,"pointY":540},"width":1920,"sublayerTransform":[1,0,0,0,0,1,0,0,0,0,1,-0.00035007912466775983,0,0,0,1],"contentsRect":{"y":0,"x":0,"width":1,"height":1},"opacity":1,"edgeAntialiasingMask":251658240,"height":1080,"hidden":false,"anchorPoint":{"pointX":0.5,"pointY":0.5}},"layers":[{"animations":[],"layers":[],"texturedRectangle":{"isBackgroundTexture":false,"singleTextureOpacity":1,"textureType":0,"textBaseline":0,"textXHeight":0,"isVerticalText":false},"initialState":{"affineTransform":[1,0,0,1,0,0],"masksToBounds":false,"rotation":0,"scale":1,"position":{"pointX":960,"pointY":540},"width":1920,"sublayerTransform":[1,0,0,0,0,1,0,0,0,0,1,0,0,0,0,1],"contentsRect":{"y":0,"x":0,"width":1,"height":1},"opacity":1,"edgeAntialiasingMask":0,"height":1080,"hidden":false,"anchorPoint":{"pointX":0.5,"pointY":0.5}},"texture":"980130BE55A210754C599A1AC53BC012"},{"animations":[{"additive":false,"timeOffset":0,"beginTime":0,"from":{"scalar":false},"repeatCount":0,"fillMode":"both","duration":0.01,"autoreverses":false,"property":"hidden","to":{"scalar":true},"removedOnCompletion":false}],"layers":[],"texturedRectangle":{"isBackgroundTexture":false,"singleTextureOpacity":1,"textureType":0,"textBaseline":0,"textXHeight":0,"isVerticalText":false},"initialState":{"affineTransform":[1,0,0,1,0,0],"masksToBounds":false,"rotation":0,"scale":1,"position":{"pointX":960,"pointY":540},"width":1920,"sublayerTransform":[1,0,0,0,0,1,0,0,0,0,1,0,0,0,0,1],"contentsRect":{"y":0,"x":0,"width":1,"height":1},"opacity":1,"edgeAntialiasingMask":0,"height":1080,"hidden":false,"anchorPoint":{"pointX":0.5,"pointY":0.5}},"texture":"B967FF320D5B24DD6DEF602238857196"}]}]},"effects":[],"duration":0.01,"type":"transition","attributes":{"direction":0},"name":"none","objectID":"0"}],"automaticPlay":false,"hyperlinks":[],"accessibility":[{"text":"Example problem: quickly train a system to accurately recognize a few users or other","targetRectangle":{"y":200.51803588867188,"x":115.30954875469206,"width":1259.8189200000006,"height":45}},{"text":"Have each user provide a small amount of speech","targetRectangle":{"y":245.51803588867188,"x":163.30954742431641,"width":494.90136000000007,"height":41.160000085830688}},{"text":"Minimal training time, all local processing to add a user (no large cloud compute or processing)","targetRectangle":{"y":286.67803597450256,"x":163.30954742431641,"width":946.52424000000019,"height":41.160000085830688}},{"text":"Training: pre train a model on a large database then use imprinting to add new users","targetRectangle":{"y":368.99803614616394,"x":115.30954875469206,"width":1262.8656000000008,"height":56.160000085830688}},{"text":"Using a large speech \/ speaker database pre train a model that maps from speech to speakers","targetRectangle":{"y":425.15803623199463,"x":163.30954742431641,"width":935.45352000000048,"height":41.160000085830688}},{"text":"Speech -> [CNN\/RNN\/attention model] -> final features -> [col normalized linear mapping no bias] -> speakers","targetRectangle":{"y":466.31803631782532,"x":211.30954742431641,"width":1104.8400000000006,"height":41.160000085830688}},{"text":"Normalizing columns in the linear mapping makes all speakers equally likely","targetRectangle":{"y":507.47803640365601,"x":259.30954742431641,"width":753.50088000000017,"height":41.160000085830688}},{"text":"To add each user","targetRectangle":{"y":548.63803648948669,"x":163.30954742431641,"width":169.94448,"height":41.160000085830688}},{"text":"Using the pre trained model map training speech samples to final features","targetRectangle":{"y":589.79803657531738,"x":211.30954742431641,"width":736.91712000000041,"height":41.160000085830688}},{"text":"Average all the final features together and normalize to get a feature vector for the user","targetRectangle":{"y":630.95803666114807,"x":211.30954742431641,"width":870.77016000000049,"height":41.160000085830688}},{"text":"Ideally want the final feature for the user to be relatively stable across speech samples","targetRectangle":{"y":672.11803674697876,"x":259.30954742431641,"width":852.75792000000001,"height":41.160000085830688}},{"text":"Add the user feature vector as a column to the linear mapping also creating a new speaker class","targetRectangle":{"y":713.27803683280945,"x":211.30954742431641,"width":953.6220000000003,"height":41.160000085830688}},{"text":"Ideally want a large distance of this user to existing users as represented by the cosine of the angle between columns in the normalized linear mapping (otherwise it will be difficult to distinguish this user from others)","targetRectangle":{"y":754.43803691864014,"x":259.30954742431641,"width":1614.5395199999998,"height":71.160000085830688}},{"text":"Use: distinguish users via classification","targetRectangle":{"y":866.75803709030151,"x":115.30954875469206,"width":568.49039999999979,"height":56.160000085830688}},{"text":"Can bias the results to make new users more likely via changing weightings of the columns in the linear mapping","targetRectangle":{"y":922.9180371761322,"x":163.30954742431641,"width":1118.5221600000011,"height":41.160000085830688}},{"text":"Motivation          Speech+Audio          Pre Processing          Networks          Verification+Identification          Detection+Recognition          Conditional          STT          TTS       ","targetRectangle":{"y":1021.5224609375,"x":69.71484375,"width":1827.24609375,"height":27.21484375}},{"text":"Imprinting to add Additional Speakers","targetRectangle":{"y":50.669271469116211,"x":231.09960031509399,"width":1457.80078125,"height":99.12109375}}],"baseLayer":{"animations":[],"initialState":{"affineTransform":[1,0,0,1,0,0],"masksToBounds":false,"rotation":0,"scale":1,"position":{"pointX":960,"pointY":540},"width":1920,"sublayerTransform":[1,0,0,0,0,1,0,0,0,0,1,0,0,0,0,1],"contentsRect":{"y":0,"x":0,"width":1,"height":1},"opacity":1,"edgeAntialiasingMask":251658240,"height":1080,"hidden":false,"anchorPoint":{"pointX":0.5,"pointY":0.5}},"objectID":"0","layers":[{"animations":[],"initialState":{"affineTransform":[1,0,0,1,0,0],"masksToBounds":false,"rotation":0,"scale":1,"position":{"pointX":960,"pointY":540},"width":1920,"sublayerTransform":[1,0,0,0,0,1,0,0,0,0,1,-0.00035007912466775983,0,0,0,1],"contentsRect":{"y":0,"x":0,"width":1,"height":1},"opacity":1,"edgeAntialiasingMask":251658240,"height":1080,"hidden":false,"anchorPoint":{"pointX":0.5,"pointY":0.5}},"layers":[{"animations":[],"layers":[],"texturedRectangle":{"isBackgroundTexture":false,"singleTextureOpacity":1,"textureType":0,"textBaseline":0,"textXHeight":0,"isVerticalText":false},"initialState":{"affineTransform":[1,0,0,1,0,0],"masksToBounds":false,"rotation":0,"scale":1,"position":{"pointX":960,"pointY":540},"width":1920,"sublayerTransform":[1,0,0,0,0,1,0,0,0,0,1,0,0,0,0,1],"contentsRect":{"y":0,"x":0,"width":1,"height":1},"opacity":1,"edgeAntialiasingMask":0,"height":1080,"hidden":false,"anchorPoint":{"pointX":0.5,"pointY":0.5}},"texture":"B967FF320D5B24DD6DEF602238857196"}]}]}}]}