{"assets":{"F93B2F1D7BA9809133D599497F0B306D":{"type":"texture","index":1,"assetRequest":{"type":"slide","state":"contents","slide":"none"},"url":{"native":"assets\/BC02FAB3-F7D6-41E7-B44B-030B8099C914.pdf"},"width":1920,"height":1080},"474603EBB755EADC8755DB48F87D79D6":{"type":"texture","index":0,"assetRequest":{"type":"slide","state":"contents","slide":"none"},"url":{"native":"assets\/BC02FAB3-F7D6-41E7-B44B-030B8099C914.pdf"},"width":1920,"height":1080}},"events":[{"effects":[{"beginTime":0,"baseLayer":{"animations":[],"initialState":{"affineTransform":[1,0,0,1,0,0],"masksToBounds":false,"rotation":0,"scale":1,"position":{"pointX":960,"pointY":540},"width":1920,"sublayerTransform":[1,0,0,0,0,1,0,0,0,0,1,0,0,0,0,1],"contentsRect":{"y":0,"x":0,"width":1,"height":1},"opacity":1,"edgeAntialiasingMask":251658240,"height":1080,"hidden":false,"anchorPoint":{"pointX":0.5,"pointY":0.5}},"objectID":"0","layers":[{"animations":[],"initialState":{"affineTransform":[1,0,0,1,0,0],"masksToBounds":false,"rotation":0,"scale":1,"position":{"pointX":960,"pointY":540},"width":1920,"sublayerTransform":[1,0,0,0,0,1,0,0,0,0,1,-0.00035007912466775983,0,0,0,1],"contentsRect":{"y":0,"x":0,"width":1,"height":1},"opacity":1,"edgeAntialiasingMask":251658240,"height":1080,"hidden":false,"anchorPoint":{"pointX":0.5,"pointY":0.5}},"layers":[{"animations":[],"layers":[],"texturedRectangle":{"isBackgroundTexture":false,"singleTextureOpacity":1,"textureType":0,"textBaseline":0,"textXHeight":0,"isVerticalText":false},"initialState":{"affineTransform":[1,0,0,1,0,0],"masksToBounds":false,"rotation":0,"scale":1,"position":{"pointX":960,"pointY":540},"width":1920,"sublayerTransform":[1,0,0,0,0,1,0,0,0,0,1,0,0,0,0,1],"contentsRect":{"y":0,"x":0,"width":1,"height":1},"opacity":1,"edgeAntialiasingMask":0,"height":1080,"hidden":false,"anchorPoint":{"pointX":0.5,"pointY":0.5}},"texture":"F93B2F1D7BA9809133D599497F0B306D"},{"animations":[{"additive":false,"timeOffset":0,"beginTime":0,"from":{"scalar":false},"repeatCount":0,"fillMode":"both","duration":0.01,"autoreverses":false,"property":"hidden","to":{"scalar":true},"removedOnCompletion":false}],"layers":[],"texturedRectangle":{"isBackgroundTexture":false,"singleTextureOpacity":1,"textureType":0,"textBaseline":0,"textXHeight":0,"isVerticalText":false},"initialState":{"affineTransform":[1,0,0,1,0,0],"masksToBounds":false,"rotation":0,"scale":1,"position":{"pointX":960,"pointY":540},"width":1920,"sublayerTransform":[1,0,0,0,0,1,0,0,0,0,1,0,0,0,0,1],"contentsRect":{"y":0,"x":0,"width":1,"height":1},"opacity":1,"edgeAntialiasingMask":0,"height":1080,"hidden":false,"anchorPoint":{"pointX":0.5,"pointY":0.5}},"texture":"474603EBB755EADC8755DB48F87D79D6"}]}]},"effects":[],"duration":0.01,"type":"transition","attributes":{"direction":0},"name":"none","objectID":"0"}],"automaticPlay":false,"hyperlinks":[{"url":"https:\/\/arxiv.org\/abs\/1508.01211","targetRectangle":{"y":986.68023627996445,"x":1696.5762939453125,"width":206.96875,"height":19}}],"accessibility":[{"text":"equation.pdf","targetRectangle":{"y":450.75328192679433,"x":224.76517053222653,"width":237.7883044244079,"height":37.416469035319381}},{"text":"equation.pdf","targetRectangle":{"y":500.16975096211365,"x":224.76517053222653,"width":329.25248145706041,"height":37.975444736253962}},{"text":"Example: Google’s Listen Attend Spell","targetRectangle":{"y":46.669271469116211,"x":147.04686594009399,"width":1625.90625,"height":106.859375}},{"text":"equation.pdf","targetRectangle":{"y":550.14519569836762,"x":424.49317196273796,"width":492.62811214953263,"height":53.771782135294984}},{"text":"equation.pdf","targetRectangle":{"y":615.9169778336626,"x":186.50917053222656,"width":300.40178269231626,"height":35.847854756863285}},{"text":"equation.pdf","targetRectangle":{"y":337.133645034636,"x":242.477171962738,"width":206.17065420560743,"height":53.771782135294984}},{"text":"equation.pdf","targetRectangle":{"y":708.76483259052588,"x":186.50917053222656,"width":250.46947566500637,"height":35.847854756863285}},{"text":"equation.pdf","targetRectangle":{"y":801.6126873473894,"x":186.50917053222656,"width":446.09200276781007,"height":35.847854756863285}},{"text":"Screen Shot 2021-10-18 at 8.19.59 PM.png","targetRectangle":{"y":194.38754272460938,"x":1069.7669677734375,"width":702.1278076171875,"height":792.3504638671875}},{"text":"Output:  ￼","targetRectangle":{"y":237.33863830566406,"x":138.50917196273804,"width":533.06770394501643,"height":87.795006728971998}},{"text":"Listen ￼","targetRectangle":{"y":325.13364503463606,"x":138.50917196273804,"width":310.13865420560745,"height":65.771782135294984}},{"text":"Let ￼ be the time step and ￼ be the layer","targetRectangle":{"y":390.90542716993104,"x":186.50917053222656,"width":425.23110280373828,"height":47.847854756863285}},{"text":"1x: ￼","targetRectangle":{"y":438.75328192679433,"x":186.50917053222656,"width":276.04430442440787,"height":49.416469035319381}},{"text":"3x: ￼","targetRectangle":{"y":488.16975096211371,"x":186.50917053222656,"width":367.50848145706038,"height":49.975444736253905}},{"text":"Attend and spell: ￼","targetRectangle":{"y":538.14519569836762,"x":138.50917196273804,"width":778.61211214953255,"height":65.771782135295098}},{"text":"￼","targetRectangle":{"y":603.91697783366271,"x":186.50917053222656,"width":300.40178269231626,"height":47.847854756863285}},{"text":"See attention slide","targetRectangle":{"y":651.764832590526,"x":234.50917053222656,"width":199.51199999999994,"height":45}},{"text":"￼","targetRectangle":{"y":696.764832590526,"x":186.50917053222656,"width":250.46947566500637,"height":47.847854756863285}},{"text":"RNN is a 2 layer LSTM","targetRectangle":{"y":744.61268734738928,"x":234.50917053222656,"width":238.29599999999999,"height":45}},{"text":"￼","targetRectangle":{"y":789.61268734738928,"x":186.50917053222656,"width":446.09200276781007,"height":47.847854756863285}},{"text":"CharacterDistribution is a MLP with softmax output over characters","targetRectangle":{"y":837.46054210425257,"x":234.50917053222656,"width":713.59200000000021,"height":45}},{"text":"Motivation          Speech+Audio          Pre Processing          Networks          Verification+Identification          Detection+Recognition          Conditional          STT          TTS       ","targetRectangle":{"y":1021.5224609375,"x":69.71484375,"width":1827.24609375,"height":27.21484375}},{"text":"Figure from https:\/\/arxiv.org\/abs\/1508.01211","targetRectangle":{"y":986.68023627996445,"x":1615.7012939453125,"width":287.84375,"height":19}},{"text":"equation.pdf","targetRectangle":{"y":402.90542716993104,"x":226.49317053222654,"width":7.2955514018691474,"height":35.847854756863285}},{"text":"equation.pdf","targetRectangle":{"y":402.90542716993104,"x":470.66872193409563,"width":7.2955514018691474,"height":35.847854756863285}},{"text":"equation.pdf","targetRectangle":{"y":237.33863830566406,"x":284.489171962738,"width":387.08770394501647,"height":87.795006728971998}}],"baseLayer":{"animations":[],"initialState":{"affineTransform":[1,0,0,1,0,0],"masksToBounds":false,"rotation":0,"scale":1,"position":{"pointX":960,"pointY":540},"width":1920,"sublayerTransform":[1,0,0,0,0,1,0,0,0,0,1,0,0,0,0,1],"contentsRect":{"y":0,"x":0,"width":1,"height":1},"opacity":1,"edgeAntialiasingMask":251658240,"height":1080,"hidden":false,"anchorPoint":{"pointX":0.5,"pointY":0.5}},"objectID":"0","layers":[{"animations":[],"initialState":{"affineTransform":[1,0,0,1,0,0],"masksToBounds":false,"rotation":0,"scale":1,"position":{"pointX":960,"pointY":540},"width":1920,"sublayerTransform":[1,0,0,0,0,1,0,0,0,0,1,-0.00035007912466775983,0,0,0,1],"contentsRect":{"y":0,"x":0,"width":1,"height":1},"opacity":1,"edgeAntialiasingMask":251658240,"height":1080,"hidden":false,"anchorPoint":{"pointX":0.5,"pointY":0.5}},"layers":[{"animations":[],"layers":[],"texturedRectangle":{"isBackgroundTexture":false,"singleTextureOpacity":1,"textureType":0,"textBaseline":0,"textXHeight":0,"isVerticalText":false},"initialState":{"affineTransform":[1,0,0,1,0,0],"masksToBounds":false,"rotation":0,"scale":1,"position":{"pointX":960,"pointY":540},"width":1920,"sublayerTransform":[1,0,0,0,0,1,0,0,0,0,1,0,0,0,0,1],"contentsRect":{"y":0,"x":0,"width":1,"height":1},"opacity":1,"edgeAntialiasingMask":0,"height":1080,"hidden":false,"anchorPoint":{"pointX":0.5,"pointY":0.5}},"texture":"474603EBB755EADC8755DB48F87D79D6"}]}]}}]}