{"assets":{"C8E54115A09AE322BBB56149D8ABAE12":{"type":"texture","index":0,"assetRequest":{"type":"slide","state":"contents","slide":"none"},"url":{"native":"assets\/CD8E768A-645F-4410-AD18-C414D4162079.pdf"},"width":1920,"height":1080},"28A1D7477DDAF70CD428B574615BA7BD":{"type":"texture","index":1,"assetRequest":{"type":"slide","state":"contents","slide":"none"},"url":{"native":"assets\/CD8E768A-645F-4410-AD18-C414D4162079.pdf"},"width":1920,"height":1080}},"events":[{"effects":[{"beginTime":0,"baseLayer":{"animations":[],"initialState":{"affineTransform":[1,0,0,1,0,0],"masksToBounds":false,"rotation":0,"scale":1,"position":{"pointX":960,"pointY":540},"width":1920,"sublayerTransform":[1,0,0,0,0,1,0,0,0,0,1,0,0,0,0,1],"contentsRect":{"y":0,"x":0,"width":1,"height":1},"opacity":1,"edgeAntialiasingMask":251658240,"height":1080,"hidden":false,"anchorPoint":{"pointX":0.5,"pointY":0.5}},"objectID":"0","layers":[{"animations":[],"initialState":{"affineTransform":[1,0,0,1,0,0],"masksToBounds":false,"rotation":0,"scale":1,"position":{"pointX":960,"pointY":540},"width":1920,"sublayerTransform":[1,0,0,0,0,1,0,0,0,0,1,-0.00035007912466775983,0,0,0,1],"contentsRect":{"y":0,"x":0,"width":1,"height":1},"opacity":1,"edgeAntialiasingMask":251658240,"height":1080,"hidden":false,"anchorPoint":{"pointX":0.5,"pointY":0.5}},"layers":[{"animations":[],"layers":[],"texturedRectangle":{"isBackgroundTexture":false,"singleTextureOpacity":1,"textureType":0,"textBaseline":0,"textXHeight":0,"isVerticalText":false},"initialState":{"affineTransform":[1,0,0,1,0,0],"masksToBounds":false,"rotation":0,"scale":1,"position":{"pointX":960,"pointY":540},"width":1920,"sublayerTransform":[1,0,0,0,0,1,0,0,0,0,1,0,0,0,0,1],"contentsRect":{"y":0,"x":0,"width":1,"height":1},"opacity":1,"edgeAntialiasingMask":0,"height":1080,"hidden":false,"anchorPoint":{"pointX":0.5,"pointY":0.5}},"texture":"28A1D7477DDAF70CD428B574615BA7BD"},{"animations":[{"additive":false,"timeOffset":0,"beginTime":0,"from":{"scalar":false},"repeatCount":0,"fillMode":"both","duration":0.01,"autoreverses":false,"property":"hidden","to":{"scalar":true},"removedOnCompletion":false}],"layers":[],"texturedRectangle":{"isBackgroundTexture":false,"singleTextureOpacity":1,"textureType":0,"textBaseline":0,"textXHeight":0,"isVerticalText":false},"initialState":{"affineTransform":[1,0,0,1,0,0],"masksToBounds":false,"rotation":0,"scale":1,"position":{"pointX":960,"pointY":540},"width":1920,"sublayerTransform":[1,0,0,0,0,1,0,0,0,0,1,0,0,0,0,1],"contentsRect":{"y":0,"x":0,"width":1,"height":1},"opacity":1,"edgeAntialiasingMask":0,"height":1080,"hidden":false,"anchorPoint":{"pointX":0.5,"pointY":0.5}},"texture":"C8E54115A09AE322BBB56149D8ABAE12"}]}]},"effects":[],"duration":0.01,"type":"transition","attributes":{"direction":0},"name":"none","objectID":"0"}],"automaticPlay":false,"hyperlinks":[],"accessibility":[{"text":"equation.pdf","targetRectangle":{"y":558.512939453125,"x":662.58294677734375,"width":37.295504483636932,"height":35.940517857778104}},{"text":"equation.pdf","targetRectangle":{"y":408.99969482421875,"x":1137.2276611328125,"width":83.22132837295544,"height":21.167998738288873}},{"text":"equation.pdf","targetRectangle":{"y":406.78570556640625,"x":168.01876831054688,"width":25.761772487678485,"height":24.875999999999976}},{"text":"equation.pdf","targetRectangle":{"y":562.1190185546875,"x":168.01876831054688,"width":28.296639999999996,"height":24.875999999999976}},{"text":"equation.pdf","targetRectangle":{"y":717.452392578125,"x":168.01876831054688,"width":26.813709898704417,"height":25.233839999999987}},{"text":"equation.pdf","targetRectangle":{"y":716.59014892578125,"x":517.12567138671875,"width":35.594287805705449,"height":36.21884}},{"text":"equation.pdf","targetRectangle":{"y":639.82891845703125,"x":421.1806640625,"width":32.786986876441802,"height":27.673999999999978}},{"text":"￼","targetRectangle":{"y":1038.7800302505493,"x":1894.6409822661517,"width":12.781999999999925,"height":26}},{"text":"equation.pdf","targetRectangle":{"y":939.40966796875,"x":646.373046875,"width":240.26347290382171,"height":38.876997968852493}},{"text":"equation.pdf","targetRectangle":{"y":655.3917236328125,"x":382.64630126953125,"width":32.786986876441802,"height":27.673999999999978}},{"text":"equation.pdf","targetRectangle":{"y":168.43995666503906,"x":171.00442504882812,"width":16.99199999999999,"height":16.596000000000004}},{"text":"Feed forward neural network","targetRectangle":{"y":4,"x":40,"width":918.75000000000023,"height":84}},{"text":"equation.pdf","targetRectangle":{"y":715.6236572265625,"x":661.69049072265625,"width":37.295504483636932,"height":36.218837841188929}},{"text":"equation.pdf","targetRectangle":{"y":723.70074462890625,"x":1137.2276611328125,"width":83.22132837295544,"height":21.167998738288929}},{"text":"equation.pdf","targetRectangle":{"y":558.512939453125,"x":516.606689453125,"width":35.755733173738008,"height":35.940519999999992}},{"text":"equation.pdf","targetRectangle":{"y":914.021728515625,"x":318.49533081054688,"width":265.12654927528115,"height":89.652894863694883}},{"text":"equation.pdf","targetRectangle":{"y":939.4451904296875,"x":962.20703125,"width":280.931703307916,"height":38.805899999999951}},{"text":"equation.pdf","targetRectangle":{"y":397.37518310546875,"x":664.83746337890625,"width":37.295504483636932,"height":35.940517857778104}},{"text":"equation.pdf","targetRectangle":{"y":709.86376953125,"x":382.64630126953125,"width":32.786986876441802,"height":27.673999999999978}},{"text":"equation.pdf","targetRectangle":{"y":396.47991943359375,"x":519.6944580078125,"width":34.691504638847391,"height":35.940517857778104}},{"text":"equation.pdf","targetRectangle":{"y":305.76913452148438,"x":170.16464233398438,"width":1054.3868033645629,"height":37.978560171661343}},{"text":"equation.pdf","targetRectangle":{"y":168.83584594726562,"x":1019.3364868164062,"width":14.364000000000033,"height":16.596000000000004}},{"text":"equation.pdf","targetRectangle":{"y":370.023193359375,"x":1412.8070068359375,"width":418.02009040091207,"height":200.50211913215639}},{"text":"equation.pdf","targetRectangle":{"y":556.750244140625,"x":1012.6212768554688,"width":35.755733173738008,"height":35.940519999999992}},{"text":"equation.pdf","targetRectangle":{"y":713.84295654296875,"x":1016.47900390625,"width":35.594287805705335,"height":36.21884}},{"text":"equation.pdf","targetRectangle":{"y":160.48396301269531,"x":1109.2677001953125,"width":135.19412516778698,"height":38.626917697656154}},{"text":"Softmax output","targetRectangle":{"y":609.44643557071686,"x":1545.0223400878906,"width":152.94000000000005,"height":25.799999594688416}},{"text":"equation.pdf","targetRectangle":{"y":152.92965698242188,"x":582.75799560546875,"width":91.412592040644995,"height":32.579999999999984}},{"text":"equation.pdf","targetRectangle":{"y":666.11334228515625,"x":1503.1494140625,"width":237.62936469983447,"height":71.800819690055846}},{"text":"Common activation functions","targetRectangle":{"y":285.49608767032623,"x":1476.6652453613281,"width":289.36000000000013,"height":25.799999594688416}},{"text":"equation.pdf","targetRectangle":{"y":318.02590942382812,"x":1579.3341064453125,"width":84.965740343414609,"height":17.960278929483877}},{"text":"equation.pdf","targetRectangle":{"y":395.2135009765625,"x":1016.47900390625,"width":34.691504638847391,"height":35.940517857778104}},{"text":"equation.pdf","targetRectangle":{"y":564.3330078125,"x":1137.2276611328125,"width":83.22132837295544,"height":21.167998738288929}}],"baseLayer":{"animations":[],"initialState":{"affineTransform":[1,0,0,1,0,0],"masksToBounds":false,"rotation":0,"scale":1,"position":{"pointX":960,"pointY":540},"width":1920,"sublayerTransform":[1,0,0,0,0,1,0,0,0,0,1,0,0,0,0,1],"contentsRect":{"y":0,"x":0,"width":1,"height":1},"opacity":1,"edgeAntialiasingMask":251658240,"height":1080,"hidden":false,"anchorPoint":{"pointX":0.5,"pointY":0.5}},"objectID":"0","layers":[{"animations":[],"initialState":{"affineTransform":[1,0,0,1,0,0],"masksToBounds":false,"rotation":0,"scale":1,"position":{"pointX":960,"pointY":540},"width":1920,"sublayerTransform":[1,0,0,0,0,1,0,0,0,0,1,-0.00035007912466775983,0,0,0,1],"contentsRect":{"y":0,"x":0,"width":1,"height":1},"opacity":1,"edgeAntialiasingMask":251658240,"height":1080,"hidden":false,"anchorPoint":{"pointX":0.5,"pointY":0.5}},"layers":[{"animations":[],"layers":[],"texturedRectangle":{"isBackgroundTexture":false,"singleTextureOpacity":1,"textureType":0,"textBaseline":0,"textXHeight":0,"isVerticalText":false},"initialState":{"affineTransform":[1,0,0,1,0,0],"masksToBounds":false,"rotation":0,"scale":1,"position":{"pointX":960,"pointY":540},"width":1920,"sublayerTransform":[1,0,0,0,0,1,0,0,0,0,1,0,0,0,0,1],"contentsRect":{"y":0,"x":0,"width":1,"height":1},"opacity":1,"edgeAntialiasingMask":0,"height":1080,"hidden":false,"anchorPoint":{"pointX":0.5,"pointY":0.5}},"texture":"C8E54115A09AE322BBB56149D8ABAE12"}]}]}}]}