{"assets":{"0BCC1688D0F2676F4564C2E22A461470":{"type":"texture","index":0,"assetRequest":{"type":"slide","state":"contents","slide":"none"},"url":{"native":"assets\/A3D8ED34-7BA9-40F9-88BF-00F934CCBD64.pdf"},"width":1920,"height":1080},"D5594DD2A12091C86FEF1E8910B06D57":{"type":"texture","index":1,"assetRequest":{"type":"slide","state":"contents","slide":"none"},"url":{"native":"assets\/A3D8ED34-7BA9-40F9-88BF-00F934CCBD64.pdf"},"width":1920,"height":1080}},"events":[{"effects":[{"beginTime":0,"baseLayer":{"animations":[],"initialState":{"affineTransform":[1,0,0,1,0,0],"masksToBounds":false,"rotation":0,"scale":1,"position":{"pointX":960,"pointY":540},"width":1920,"sublayerTransform":[1,0,0,0,0,1,0,0,0,0,1,0,0,0,0,1],"contentsRect":{"y":0,"x":0,"width":1,"height":1},"opacity":1,"edgeAntialiasingMask":251658240,"height":1080,"hidden":false,"anchorPoint":{"pointX":0.5,"pointY":0.5}},"objectID":"0","layers":[{"animations":[],"initialState":{"affineTransform":[1,0,0,1,0,0],"masksToBounds":false,"rotation":0,"scale":1,"position":{"pointX":960,"pointY":540},"width":1920,"sublayerTransform":[1,0,0,0,0,1,0,0,0,0,1,-0.00035007912466775983,0,0,0,1],"contentsRect":{"y":0,"x":0,"width":1,"height":1},"opacity":1,"edgeAntialiasingMask":251658240,"height":1080,"hidden":false,"anchorPoint":{"pointX":0.5,"pointY":0.5}},"layers":[{"animations":[],"layers":[],"texturedRectangle":{"isBackgroundTexture":false,"singleTextureOpacity":1,"textureType":0,"textBaseline":0,"textXHeight":0,"isVerticalText":false},"initialState":{"affineTransform":[1,0,0,1,0,0],"masksToBounds":false,"rotation":0,"scale":1,"position":{"pointX":960,"pointY":540},"width":1920,"sublayerTransform":[1,0,0,0,0,1,0,0,0,0,1,0,0,0,0,1],"contentsRect":{"y":0,"x":0,"width":1,"height":1},"opacity":1,"edgeAntialiasingMask":0,"height":1080,"hidden":false,"anchorPoint":{"pointX":0.5,"pointY":0.5}},"texture":"D5594DD2A12091C86FEF1E8910B06D57"},{"animations":[{"additive":false,"timeOffset":0,"beginTime":0,"from":{"scalar":false},"repeatCount":0,"fillMode":"both","duration":0.01,"autoreverses":false,"property":"hidden","to":{"scalar":true},"removedOnCompletion":false}],"layers":[],"texturedRectangle":{"isBackgroundTexture":false,"singleTextureOpacity":1,"textureType":0,"textBaseline":0,"textXHeight":0,"isVerticalText":false},"initialState":{"affineTransform":[1,0,0,1,0,0],"masksToBounds":false,"rotation":0,"scale":1,"position":{"pointX":960,"pointY":540},"width":1920,"sublayerTransform":[1,0,0,0,0,1,0,0,0,0,1,0,0,0,0,1],"contentsRect":{"y":0,"x":0,"width":1,"height":1},"opacity":1,"edgeAntialiasingMask":0,"height":1080,"hidden":false,"anchorPoint":{"pointX":0.5,"pointY":0.5}},"texture":"0BCC1688D0F2676F4564C2E22A461470"}]}]},"effects":[],"duration":0.01,"type":"transition","attributes":{"direction":0},"name":"none","objectID":"0"}],"automaticPlay":false,"hyperlinks":[],"accessibility":[{"text":"P( wallet | from capital one. whats in your )","targetRectangle":{"y":632.26590524117182,"x":764.95076560974167,"width":692.76517187500008,"height":38.96819007396698}},{"text":"￼","targetRectangle":{"y":1038.7800302505493,"x":1894.8939825318812,"width":12.276000000000067,"height":26}},{"text":"P( yeast | i live in ____ village )","targetRectangle":{"y":769.26590555906353,"x":770.29775158564189,"width":524.73782812500008,"height":38.96819007396698}},{"text":"equation.pdf","targetRectangle":{"y":819.24436442057356,"x":709.07330306371102,"width":31.859998100995995,"height":16.271999030113193}},{"text":"P( east  | i live in ____ village )","targetRectangle":{"y":836.59923889239633,"x":770.29775158564235,"width":524.73782812500008,"height":38.96819007396698}},{"text":"equation.pdf","targetRectangle":{"y":608.24436072508547,"x":709.07330211003682,"width":31.860000000000014,"height":16.272000000000048}},{"text":"Assigns probabilities to sequences of tokens","targetRectangle":{"y":134.00000000000034,"x":85.833264231681824,"width":975.74999999999977,"height":61}},{"text":"Tokens could be words, characters; in the general case character strings","targetRectangle":{"y":195.00000000000034,"x":129.83326423168182,"width":1576.6000000000001,"height":61}},{"text":"Why should we approach language understanding this way?","targetRectangle":{"y":378.00000000000034,"x":85.833264231681824,"width":1314.4499999999998,"height":61}},{"text":"There are many applications for which this is useful, for example:","targetRectangle":{"y":439.00000000000034,"x":129.83326423168182,"width":1408.7000000000003,"height":61}},{"text":"Machine translation","targetRectangle":{"y":500.00000000000034,"x":217.83326423168182,"width":427.05000000000007,"height":61}},{"text":"Speech recognition","targetRectangle":{"y":683.00000000000034,"x":217.83326423168182,"width":427.15000000000009,"height":61}},{"text":"Most importantly, we can train deep neural networks using language modeling procedures to learn features from large amounts of text.","targetRectangle":{"y":927.00000000000034,"x":93.833264231681824,"width":1757.4000000000001,"height":122.00000000000011}},{"text":"P( pocket | whats in your )","targetRectangle":{"y":283.0435857971508,"x":764.84202318446069,"width":390.31595312500008,"height":38.96819007396698}},{"text":"What is language modeling?","targetRectangle":{"y":4,"x":40,"width":893.26999999999998,"height":84}},{"text":"P( pocket | from capital one. whats in your )","targetRectangle":{"y":566.37690816322856,"x":764.95076560973939,"width":692.76517187500008,"height":38.96819007396698}}],"baseLayer":{"animations":[],"initialState":{"affineTransform":[1,0,0,1,0,0],"masksToBounds":false,"rotation":0,"scale":1,"position":{"pointX":960,"pointY":540},"width":1920,"sublayerTransform":[1,0,0,0,0,1,0,0,0,0,1,0,0,0,0,1],"contentsRect":{"y":0,"x":0,"width":1,"height":1},"opacity":1,"edgeAntialiasingMask":251658240,"height":1080,"hidden":false,"anchorPoint":{"pointX":0.5,"pointY":0.5}},"objectID":"0","layers":[{"animations":[],"initialState":{"affineTransform":[1,0,0,1,0,0],"masksToBounds":false,"rotation":0,"scale":1,"position":{"pointX":960,"pointY":540},"width":1920,"sublayerTransform":[1,0,0,0,0,1,0,0,0,0,1,-0.00035007912466775983,0,0,0,1],"contentsRect":{"y":0,"x":0,"width":1,"height":1},"opacity":1,"edgeAntialiasingMask":251658240,"height":1080,"hidden":false,"anchorPoint":{"pointX":0.5,"pointY":0.5}},"layers":[{"animations":[],"layers":[],"texturedRectangle":{"isBackgroundTexture":false,"singleTextureOpacity":1,"textureType":0,"textBaseline":0,"textXHeight":0,"isVerticalText":false},"initialState":{"affineTransform":[1,0,0,1,0,0],"masksToBounds":false,"rotation":0,"scale":1,"position":{"pointX":960,"pointY":540},"width":1920,"sublayerTransform":[1,0,0,0,0,1,0,0,0,0,1,0,0,0,0,1],"contentsRect":{"y":0,"x":0,"width":1,"height":1},"opacity":1,"edgeAntialiasingMask":0,"height":1080,"hidden":false,"anchorPoint":{"pointX":0.5,"pointY":0.5}},"texture":"0BCC1688D0F2676F4564C2E22A461470"}]}]}}]}