{"assets":{"50EC4CBCACE5850F2D5E446C039BBAD6":{"type":"texture","index":0,"assetRequest":{"type":"slide","state":"contents","slide":"none"},"url":{"native":"assets\/F58FC69D-8F61-4F22-BABD-A661662B4491.pdf"},"width":1920,"height":1080},"AB37BF18993CC923CC1D24AEECCA5152":{"type":"texture","index":1,"assetRequest":{"type":"slide","state":"contents","slide":"none"},"url":{"native":"assets\/F58FC69D-8F61-4F22-BABD-A661662B4491.pdf"},"width":1920,"height":1080}},"events":[{"effects":[{"beginTime":0,"baseLayer":{"animations":[],"initialState":{"affineTransform":[1,0,0,1,0,0],"masksToBounds":false,"rotation":0,"scale":1,"position":{"pointX":960,"pointY":540},"width":1920,"sublayerTransform":[1,0,0,0,0,1,0,0,0,0,1,0,0,0,0,1],"contentsRect":{"y":0,"x":0,"width":1,"height":1},"opacity":1,"edgeAntialiasingMask":251658240,"height":1080,"hidden":false,"anchorPoint":{"pointX":0.5,"pointY":0.5}},"objectID":"0","layers":[{"animations":[],"initialState":{"affineTransform":[1,0,0,1,0,0],"masksToBounds":false,"rotation":0,"scale":1,"position":{"pointX":960,"pointY":540},"width":1920,"sublayerTransform":[1,0,0,0,0,1,0,0,0,0,1,-0.00035007912466775983,0,0,0,1],"contentsRect":{"y":0,"x":0,"width":1,"height":1},"opacity":1,"edgeAntialiasingMask":251658240,"height":1080,"hidden":false,"anchorPoint":{"pointX":0.5,"pointY":0.5}},"layers":[{"animations":[],"layers":[],"texturedRectangle":{"isBackgroundTexture":false,"singleTextureOpacity":1,"textureType":0,"textBaseline":0,"textXHeight":0,"isVerticalText":false},"initialState":{"affineTransform":[1,0,0,1,0,0],"masksToBounds":false,"rotation":0,"scale":1,"position":{"pointX":960,"pointY":540},"width":1920,"sublayerTransform":[1,0,0,0,0,1,0,0,0,0,1,0,0,0,0,1],"contentsRect":{"y":0,"x":0,"width":1,"height":1},"opacity":1,"edgeAntialiasingMask":0,"height":1080,"hidden":false,"anchorPoint":{"pointX":0.5,"pointY":0.5}},"texture":"AB37BF18993CC923CC1D24AEECCA5152"},{"animations":[{"additive":false,"timeOffset":0,"beginTime":0,"from":{"scalar":false},"repeatCount":0,"fillMode":"both","duration":0.01,"autoreverses":false,"property":"hidden","to":{"scalar":true},"removedOnCompletion":false}],"layers":[],"texturedRectangle":{"isBackgroundTexture":false,"singleTextureOpacity":1,"textureType":0,"textBaseline":0,"textXHeight":0,"isVerticalText":false},"initialState":{"affineTransform":[1,0,0,1,0,0],"masksToBounds":false,"rotation":0,"scale":1,"position":{"pointX":960,"pointY":540},"width":1920,"sublayerTransform":[1,0,0,0,0,1,0,0,0,0,1,0,0,0,0,1],"contentsRect":{"y":0,"x":0,"width":1,"height":1},"opacity":1,"edgeAntialiasingMask":0,"height":1080,"hidden":false,"anchorPoint":{"pointX":0.5,"pointY":0.5}},"texture":"50EC4CBCACE5850F2D5E446C039BBAD6"}]}]},"effects":[],"duration":0.01,"type":"transition","attributes":{"direction":0},"name":"none","objectID":"0"}],"automaticPlay":false,"hyperlinks":[],"accessibility":[{"text":"equation.pdf","targetRectangle":{"y":416.44039916992267,"x":932.99999984105409,"width":54,"height":25.704000000000008}},{"text":"equation.pdf","targetRectangle":{"y":709.05369059244731,"x":361.33100779851281,"width":1133.5645102891649,"height":32.453999999999951}},{"text":"equation.pdf","targetRectangle":{"y":939.05375162760743,"x":361.33110165596025,"width":1350.3023192063624,"height":32.453999999999951}},{"text":"equation.pdf","targetRectangle":{"y":573.50022951761775,"x":708.86824782689234,"width":655.22795999999983,"height":37.312560171661403}},{"text":"The Markov approximation","targetRectangle":{"y":4,"x":40,"width":847.35000000000025,"height":84}},{"text":"equation.pdf","targetRectangle":{"y":349.7203369140625,"x":286.80354022979736,"width":1346.3929197487237,"height":37.312557947659457}},{"text":"equation.pdf","targetRectangle":{"y":862.38706461588686,"x":361.33106823762262,"width":1271.3303192063622,"height":32.453999999999951}},{"text":"equation.pdf","targetRectangle":{"y":416.26040005683979,"x":1456.3389497598016,"width":52.019996899366333,"height":26.063998446464552}},{"text":"From previous slide, notice that can estimate some of the factors of the joint distribution:","targetRectangle":{"y":132.66667175292969,"x":49.833276589710295,"width":1706.7000000000003,"height":122}},{"text":"The Markov assumption:","targetRectangle":{"y":559.66667175292969,"x":85.833276589710295,"width":534.10000000000002,"height":61}},{"text":"Example:","targetRectangle":{"y":681.66667175292969,"x":85.833276589710295,"width":199.10000000000002,"height":61}},{"text":"equation.pdf","targetRectangle":{"y":416.44039916992267,"x":1150.5231045087182,"width":54,"height":25.704000000000008}},{"text":"equation.pdf","targetRectangle":{"y":785.72037760416788,"x":361.33103720347088,"width":1212.2525102891648,"height":32.453999999999951}},{"text":"￼","targetRectangle":{"y":1038.7800302505493,"x":1895.3669821500662,"width":11.329999999999927,"height":26}},{"text":"equation.pdf","targetRectangle":{"y":416.44039916992267,"x":779.33843501408876,"width":54,"height":25.704000000000008}}],"baseLayer":{"animations":[],"initialState":{"affineTransform":[1,0,0,1,0,0],"masksToBounds":false,"rotation":0,"scale":1,"position":{"pointX":960,"pointY":540},"width":1920,"sublayerTransform":[1,0,0,0,0,1,0,0,0,0,1,0,0,0,0,1],"contentsRect":{"y":0,"x":0,"width":1,"height":1},"opacity":1,"edgeAntialiasingMask":251658240,"height":1080,"hidden":false,"anchorPoint":{"pointX":0.5,"pointY":0.5}},"objectID":"0","layers":[{"animations":[],"initialState":{"affineTransform":[1,0,0,1,0,0],"masksToBounds":false,"rotation":0,"scale":1,"position":{"pointX":960,"pointY":540},"width":1920,"sublayerTransform":[1,0,0,0,0,1,0,0,0,0,1,-0.00035007912466775983,0,0,0,1],"contentsRect":{"y":0,"x":0,"width":1,"height":1},"opacity":1,"edgeAntialiasingMask":251658240,"height":1080,"hidden":false,"anchorPoint":{"pointX":0.5,"pointY":0.5}},"layers":[{"animations":[],"layers":[],"texturedRectangle":{"isBackgroundTexture":false,"singleTextureOpacity":1,"textureType":0,"textBaseline":0,"textXHeight":0,"isVerticalText":false},"initialState":{"affineTransform":[1,0,0,1,0,0],"masksToBounds":false,"rotation":0,"scale":1,"position":{"pointX":960,"pointY":540},"width":1920,"sublayerTransform":[1,0,0,0,0,1,0,0,0,0,1,0,0,0,0,1],"contentsRect":{"y":0,"x":0,"width":1,"height":1},"opacity":1,"edgeAntialiasingMask":0,"height":1080,"hidden":false,"anchorPoint":{"pointX":0.5,"pointY":0.5}},"texture":"50EC4CBCACE5850F2D5E446C039BBAD6"}]}]}}]}