{"assets":{"B7F249B6A79A5249052A61D222BFB2B6":{"type":"texture","index":0,"assetRequest":{"type":"slide","state":"contents","slide":"none"},"url":{"native":"assets\/1B9617B5-3358-49EE-92D6-4C430CFE4148.pdf"},"width":1920,"height":1080},"2A2FD65B406C06099E0397817171CC7B":{"type":"texture","index":1,"assetRequest":{"type":"slide","state":"contents","slide":"none"},"url":{"native":"assets\/1B9617B5-3358-49EE-92D6-4C430CFE4148.pdf"},"width":1920,"height":1080}},"events":[{"effects":[{"beginTime":0,"baseLayer":{"animations":[],"initialState":{"affineTransform":[1,0,0,1,0,0],"masksToBounds":false,"rotation":0,"scale":1,"position":{"pointX":960,"pointY":540},"width":1920,"sublayerTransform":[1,0,0,0,0,1,0,0,0,0,1,0,0,0,0,1],"contentsRect":{"y":0,"x":0,"width":1,"height":1},"opacity":1,"edgeAntialiasingMask":251658240,"height":1080,"hidden":false,"anchorPoint":{"pointX":0.5,"pointY":0.5}},"objectID":"0","layers":[{"animations":[],"initialState":{"affineTransform":[1,0,0,1,0,0],"masksToBounds":false,"rotation":0,"scale":1,"position":{"pointX":960,"pointY":540},"width":1920,"sublayerTransform":[1,0,0,0,0,1,0,0,0,0,1,-0.00035007912466775983,0,0,0,1],"contentsRect":{"y":0,"x":0,"width":1,"height":1},"opacity":1,"edgeAntialiasingMask":251658240,"height":1080,"hidden":false,"anchorPoint":{"pointX":0.5,"pointY":0.5}},"layers":[{"animations":[],"layers":[],"texturedRectangle":{"isBackgroundTexture":false,"singleTextureOpacity":1,"textureType":0,"textBaseline":0,"textXHeight":0,"isVerticalText":false},"initialState":{"affineTransform":[1,0,0,1,0,0],"masksToBounds":false,"rotation":0,"scale":1,"position":{"pointX":960,"pointY":540},"width":1920,"sublayerTransform":[1,0,0,0,0,1,0,0,0,0,1,0,0,0,0,1],"contentsRect":{"y":0,"x":0,"width":1,"height":1},"opacity":1,"edgeAntialiasingMask":0,"height":1080,"hidden":false,"anchorPoint":{"pointX":0.5,"pointY":0.5}},"texture":"2A2FD65B406C06099E0397817171CC7B"},{"animations":[{"additive":false,"timeOffset":0,"beginTime":0,"from":{"scalar":false},"repeatCount":0,"fillMode":"both","duration":0.01,"autoreverses":false,"property":"hidden","to":{"scalar":true},"removedOnCompletion":false}],"layers":[],"texturedRectangle":{"isBackgroundTexture":false,"singleTextureOpacity":1,"textureType":0,"textBaseline":0,"textXHeight":0,"isVerticalText":false},"initialState":{"affineTransform":[1,0,0,1,0,0],"masksToBounds":false,"rotation":0,"scale":1,"position":{"pointX":960,"pointY":540},"width":1920,"sublayerTransform":[1,0,0,0,0,1,0,0,0,0,1,0,0,0,0,1],"contentsRect":{"y":0,"x":0,"width":1,"height":1},"opacity":1,"edgeAntialiasingMask":0,"height":1080,"hidden":false,"anchorPoint":{"pointX":0.5,"pointY":0.5}},"texture":"B7F249B6A79A5249052A61D222BFB2B6"}]}]},"effects":[],"duration":0.01,"type":"transition","attributes":{"direction":0},"name":"none","objectID":"0"}],"automaticPlay":false,"hyperlinks":[{"url":"https:\/\/deepmind.com\/blog\/article\/wavenet-generative-model-raw-audio","targetRectangle":{"y":359.9276123046875,"x":1029.3953247070312,"width":806.49600000000009,"height":28.3038330078125}}],"accessibility":[{"text":"For audio samples:","targetRectangle":{"y":310.9276123046875,"x":993.39532470703125,"width":282.20800000000008,"height":49}},{"text":"https:\/\/deepmind.com\/blog\/article\/wavenet-generative-model-raw-audio","targetRectangle":{"y":359.9276123046875,"x":1029.3953247070312,"width":806.49600000000009,"height":28.3038330078125}},{"text":"equation.pdf","targetRectangle":{"y":844.69271430148478,"x":242.08077380981445,"width":532.560467423011,"height":34.461030414953257}},{"text":"=","targetRectangle":{"y":987.0008539557457,"x":1590.56689453125,"width":9.0234375,"height":19}},{"text":"equation.pdf","targetRectangle":{"y":799.71573085864361,"x":256.24077380981447,"width":12.334205607476633,"height":33.696983471451517}},{"text":"Issues:","targetRectangle":{"y":488.44790649414062,"x":993.39532470703125,"width":103.77600000000007,"height":49}},{"text":"8 bit output resolution (ideally would like 16 bit)","targetRectangle":{"y":537.44790649414062,"x":1065.3953247070312,"width":521.54399999999987,"height":39}},{"text":"Slow speed as samples are generated 1 at a time and ~16k are needed per second of audio","targetRectangle":{"y":576.44790649414062,"x":1065.3953247070312,"width":791.66399999999976,"height":68}},{"text":"These have been addressed in subsequent variations and extensions","targetRectangle":{"y":683.44790649414062,"x":993.39532470703125,"width":764.78400000000011,"height":28.3038330078125}},{"text":"equation.pdf","targetRectangle":{"y":467.45863819122314,"x":838.23645642606061,"width":18.50130841121495,"height":50.545475207177219}},{"text":"equation.pdf","targetRectangle":{"y":529.28411336979025,"x":176.88237380981445,"width":218.62120761862775,"height":55.018204216822369}},{"text":"equation.pdf","targetRectangle":{"y":710.14231750078193,"x":256.67709380981449,"width":470.18448139161097,"height":36.013413415082141}},{"text":"Motivation          Speech+Audio          Pre Processing          Networks          Verification+Identification          Detection+Recognition          Conditional          STT          TTS       ","targetRectangle":{"y":1021.5224609375,"x":69.71484375,"width":1827.24609375,"height":27.21484375}},{"text":"It’s common to condition WaveNet on an additional global or local input to generate","targetRectangle":{"y":237.33863830566406,"x":128.882376426061,"width":787.32144000000017,"height":92}},{"text":"Speech within the characteristics of a particular speaker","targetRectangle":{"y":329.33863830566406,"x":176.88237380981445,"width":556.37471999999991,"height":42.279999971389771}},{"text":"Speech from text","targetRectangle":{"y":371.61863827705383,"x":176.88237380981445,"width":172.13280000000003,"height":42.279999971389771}},{"text":"Music","targetRectangle":{"y":413.8986382484436,"x":176.88237380981445,"width":58.520639999999986,"height":42.279999971389771}},{"text":"The output conditioned on an additional input ￼","targetRectangle":{"y":456.17863821983337,"x":128.882376426061,"width":727.85538841121456,"height":61.825475178567103}},{"text":"￼","targetRectangle":{"y":518.00411339840048,"x":176.88237380981445,"width":218.62120761862775,"height":66.298204188212139}},{"text":"Resulting global and local gated activation units","targetRectangle":{"y":641.58231755800239,"x":128.882376426061,"width":723.70223999999973,"height":57.279999971389771}},{"text":"Global: ￼","targetRectangle":{"y":698.86231752939216,"x":176.88237380981445,"width":549.97920139161101,"height":47.293413386471912}},{"text":"Ex: A particular speaker","targetRectangle":{"y":746.15573091586407,"x":224.88237380981445,"width":237.28608000000008,"height":42.279999971389771}},{"text":"As ￼ is fixed globally this results in a fixed offset","targetRectangle":{"y":788.43573088725384,"x":224.88237380981445,"width":478.51404560747676,"height":44.976983442841288}},{"text":"Local: ￼","targetRectangle":{"y":833.41271433009513,"x":176.88237380981445,"width":597.758867423011,"height":45.741030386343027}},{"text":"Ex: linguistic features, log F0 and phoneme durations","targetRectangle":{"y":879.15374471643815,"x":224.88237380981445,"width":535.61951999999997,"height":42.279999971389771}},{"text":"As h varies locally this changes locally","targetRectangle":{"y":921.43374468782793,"x":224.88237380981445,"width":377.72208000000001,"height":42.279999971389771}},{"text":"V is a 1x1 convolution","targetRectangle":{"y":963.7137446592177,"x":224.88237380981445,"width":219.39600000000007,"height":42.279999971389771}},{"text":"Example: WaveNet","targetRectangle":{"y":46.669271469116211,"x":550.96874094009399,"width":818.0625,"height":106.859375}}],"baseLayer":{"animations":[],"initialState":{"affineTransform":[1,0,0,1,0,0],"masksToBounds":false,"rotation":0,"scale":1,"position":{"pointX":960,"pointY":540},"width":1920,"sublayerTransform":[1,0,0,0,0,1,0,0,0,0,1,0,0,0,0,1],"contentsRect":{"y":0,"x":0,"width":1,"height":1},"opacity":1,"edgeAntialiasingMask":251658240,"height":1080,"hidden":false,"anchorPoint":{"pointX":0.5,"pointY":0.5}},"objectID":"0","layers":[{"animations":[],"initialState":{"affineTransform":[1,0,0,1,0,0],"masksToBounds":false,"rotation":0,"scale":1,"position":{"pointX":960,"pointY":540},"width":1920,"sublayerTransform":[1,0,0,0,0,1,0,0,0,0,1,-0.00035007912466775983,0,0,0,1],"contentsRect":{"y":0,"x":0,"width":1,"height":1},"opacity":1,"edgeAntialiasingMask":251658240,"height":1080,"hidden":false,"anchorPoint":{"pointX":0.5,"pointY":0.5}},"layers":[{"animations":[],"layers":[],"texturedRectangle":{"isBackgroundTexture":false,"singleTextureOpacity":1,"textureType":0,"textBaseline":0,"textXHeight":0,"isVerticalText":false},"initialState":{"affineTransform":[1,0,0,1,0,0],"masksToBounds":false,"rotation":0,"scale":1,"position":{"pointX":960,"pointY":540},"width":1920,"sublayerTransform":[1,0,0,0,0,1,0,0,0,0,1,0,0,0,0,1],"contentsRect":{"y":0,"x":0,"width":1,"height":1},"opacity":1,"edgeAntialiasingMask":0,"height":1080,"hidden":false,"anchorPoint":{"pointX":0.5,"pointY":0.5}},"texture":"B7F249B6A79A5249052A61D222BFB2B6"}]}]}}]}