{"assets":{"1D42EA244759C325D3BAAD19726C39C8":{"type":"texture","index":1,"assetRequest":{"type":"slide","state":"contents","slide":"none"},"url":{"native":"assets\/E59A3B2A-D43D-430F-AA08-FFC9A7E628ED.pdf"},"width":1920,"height":1080},"8510C202FD8C0509324B9F18566B8961":{"type":"texture","index":0,"assetRequest":{"type":"slide","state":"contents","slide":"none"},"url":{"native":"assets\/E59A3B2A-D43D-430F-AA08-FFC9A7E628ED.pdf"},"width":1920,"height":1080}},"events":[{"effects":[{"beginTime":0,"baseLayer":{"animations":[],"initialState":{"affineTransform":[1,0,0,1,0,0],"masksToBounds":false,"rotation":0,"scale":1,"position":{"pointX":960,"pointY":540},"width":1920,"sublayerTransform":[1,0,0,0,0,1,0,0,0,0,1,0,0,0,0,1],"contentsRect":{"y":0,"x":0,"width":1,"height":1},"opacity":1,"edgeAntialiasingMask":251658240,"height":1080,"hidden":false,"anchorPoint":{"pointX":0.5,"pointY":0.5}},"objectID":"0","layers":[{"animations":[],"initialState":{"affineTransform":[1,0,0,1,0,0],"masksToBounds":false,"rotation":0,"scale":1,"position":{"pointX":960,"pointY":540},"width":1920,"sublayerTransform":[1,0,0,0,0,1,0,0,0,0,1,-0.00035007912466775983,0,0,0,1],"contentsRect":{"y":0,"x":0,"width":1,"height":1},"opacity":1,"edgeAntialiasingMask":251658240,"height":1080,"hidden":false,"anchorPoint":{"pointX":0.5,"pointY":0.5}},"layers":[{"animations":[],"layers":[],"texturedRectangle":{"isBackgroundTexture":false,"singleTextureOpacity":1,"textureType":0,"textBaseline":0,"textXHeight":0,"isVerticalText":false},"initialState":{"affineTransform":[1,0,0,1,0,0],"masksToBounds":false,"rotation":0,"scale":1,"position":{"pointX":960,"pointY":540},"width":1920,"sublayerTransform":[1,0,0,0,0,1,0,0,0,0,1,0,0,0,0,1],"contentsRect":{"y":0,"x":0,"width":1,"height":1},"opacity":1,"edgeAntialiasingMask":0,"height":1080,"hidden":false,"anchorPoint":{"pointX":0.5,"pointY":0.5}},"texture":"1D42EA244759C325D3BAAD19726C39C8"},{"animations":[{"additive":false,"timeOffset":0,"beginTime":0,"from":{"scalar":false},"repeatCount":0,"fillMode":"both","duration":0.01,"autoreverses":false,"property":"hidden","to":{"scalar":true},"removedOnCompletion":false}],"layers":[],"texturedRectangle":{"isBackgroundTexture":false,"singleTextureOpacity":1,"textureType":0,"textBaseline":0,"textXHeight":0,"isVerticalText":false},"initialState":{"affineTransform":[1,0,0,1,0,0],"masksToBounds":false,"rotation":0,"scale":1,"position":{"pointX":960,"pointY":540},"width":1920,"sublayerTransform":[1,0,0,0,0,1,0,0,0,0,1,0,0,0,0,1],"contentsRect":{"y":0,"x":0,"width":1,"height":1},"opacity":1,"edgeAntialiasingMask":0,"height":1080,"hidden":false,"anchorPoint":{"pointX":0.5,"pointY":0.5}},"texture":"8510C202FD8C0509324B9F18566B8961"}]}]},"effects":[],"duration":0.01,"type":"transition","attributes":{"direction":0},"name":"none","objectID":"0"}],"automaticPlay":false,"hyperlinks":[],"accessibility":[{"text":"equation.pdf","targetRectangle":{"y":699.0968017578125,"x":206.51580810546875,"width":181.38459313099639,"height":36.970557968044318}},{"text":"equation.pdf","targetRectangle":{"y":532.23489436925013,"x":128.30035543441772,"width":22.792037383177558,"height":53.771782135294984}},{"text":"equation.pdf","targetRectangle":{"y":823.59307861328125,"x":206.51582336425781,"width":44.448000000000008,"height":16.451999999999998}},{"text":"equation.pdf","targetRectangle":{"y":744.67462158203125,"x":206.51582336425781,"width":508.85599999999977,"height":30.995999999999981}},{"text":"equation.pdf","targetRectangle":{"y":274.84347534179688,"x":825.04435543441753,"width":19.839700934579469,"height":53.771782135294984}},{"text":"equation.pdf","targetRectangle":{"y":328.61525747709186,"x":389.01235543441771,"width":22.792037383177558,"height":53.771782135294984}},{"text":"More Definitions","targetRectangle":{"y":46.669271469116211,"x":613.19530344009399,"width":693.609375,"height":106.859375}},{"text":"equation.pdf","targetRectangle":{"y":394.38703961238684,"x":215.44435400390626,"width":554.54355140186908,"height":35.847854756863285}},{"text":"equation.pdf","targetRectangle":{"y":784.27783203125,"x":206.51582336425781,"width":474.95199999999988,"height":30.70799999999997}},{"text":"B is a many to 1 mapping that takes a path ￼ and 1st removes repeated classes then 2nd removes blanks to produce a label ￼","targetRectangle":{"y":274.84347534179688,"x":128.30035543441772,"width":1732.7917009345792,"height":107.54356427058997}},{"text":"Ex: ￼","targetRectangle":{"y":382.38703961238684,"x":176.30035400390625,"width":593.68755140186909,"height":47.847854756863285}},{"text":"Note that this ordering of what is removed allows repeated letters to potentially be produced such as the “tt” in “letter”","targetRectangle":{"y":430.23489436925013,"x":176.30035400390625,"width":1285.4880000000005,"height":45}},{"text":"￼ is a label that corresponds to (potentially exponentially) many paths","targetRectangle":{"y":520.23489436925013,"x":128.30035543441772,"width":1114.7440373831771,"height":65.771782135294984}},{"text":"Ex: the set of all paths corresponding to a label","targetRectangle":{"y":586.00667650454511,"x":176.30035400390625,"width":504.86400000000003,"height":45}},{"text":"￼","targetRectangle":{"y":631.00667650454511,"x":176.30035543441772,"width":178.57507586706174,"height":65.771782135294984}},{"text":"equation.pdf","targetRectangle":{"y":849.94091796875,"x":206.51582336425781,"width":490.25599999999986,"height":30.995999999999981}},{"text":"Motivation          Speech+Audio          Pre Processing          Networks          Verification+Identification          Detection+Recognition          Conditional          STT          TTS       ","targetRectangle":{"y":1021.5224609375,"x":69.71484375,"width":1827.24609375,"height":27.21484375}},{"text":"equation.pdf","targetRectangle":{"y":643.00667650454511,"x":176.30035543441772,"width":178.57507586706174,"height":53.771782135294984}}],"baseLayer":{"animations":[],"initialState":{"affineTransform":[1,0,0,1,0,0],"masksToBounds":false,"rotation":0,"scale":1,"position":{"pointX":960,"pointY":540},"width":1920,"sublayerTransform":[1,0,0,0,0,1,0,0,0,0,1,0,0,0,0,1],"contentsRect":{"y":0,"x":0,"width":1,"height":1},"opacity":1,"edgeAntialiasingMask":251658240,"height":1080,"hidden":false,"anchorPoint":{"pointX":0.5,"pointY":0.5}},"objectID":"0","layers":[{"animations":[],"initialState":{"affineTransform":[1,0,0,1,0,0],"masksToBounds":false,"rotation":0,"scale":1,"position":{"pointX":960,"pointY":540},"width":1920,"sublayerTransform":[1,0,0,0,0,1,0,0,0,0,1,-0.00035007912466775983,0,0,0,1],"contentsRect":{"y":0,"x":0,"width":1,"height":1},"opacity":1,"edgeAntialiasingMask":251658240,"height":1080,"hidden":false,"anchorPoint":{"pointX":0.5,"pointY":0.5}},"layers":[{"animations":[],"layers":[],"texturedRectangle":{"isBackgroundTexture":false,"singleTextureOpacity":1,"textureType":0,"textBaseline":0,"textXHeight":0,"isVerticalText":false},"initialState":{"affineTransform":[1,0,0,1,0,0],"masksToBounds":false,"rotation":0,"scale":1,"position":{"pointX":960,"pointY":540},"width":1920,"sublayerTransform":[1,0,0,0,0,1,0,0,0,0,1,0,0,0,0,1],"contentsRect":{"y":0,"x":0,"width":1,"height":1},"opacity":1,"edgeAntialiasingMask":0,"height":1080,"hidden":false,"anchorPoint":{"pointX":0.5,"pointY":0.5}},"texture":"8510C202FD8C0509324B9F18566B8961"}]}]}}]}