{"assets":{"9002823A4A92F46677854206FBDAD7FA":{"type":"texture","index":1,"assetRequest":{"type":"slide","state":"contents","slide":"none"},"url":{"native":"assets\/E6E7119E-05ED-4A0D-ADED-FCD6935C5991.pdf"},"width":1920,"height":1080},"4319FB12720B152F12D916F8D7A3394B":{"type":"texture","index":0,"assetRequest":{"type":"slide","state":"contents","slide":"none"},"url":{"native":"assets\/E6E7119E-05ED-4A0D-ADED-FCD6935C5991.pdf"},"width":1920,"height":1080}},"events":[{"effects":[{"beginTime":0,"baseLayer":{"animations":[],"initialState":{"affineTransform":[1,0,0,1,0,0],"masksToBounds":false,"rotation":0,"scale":1,"position":{"pointX":960,"pointY":540},"width":1920,"sublayerTransform":[1,0,0,0,0,1,0,0,0,0,1,0,0,0,0,1],"contentsRect":{"y":0,"x":0,"width":1,"height":1},"opacity":1,"edgeAntialiasingMask":251658240,"height":1080,"hidden":false,"anchorPoint":{"pointX":0.5,"pointY":0.5}},"objectID":"0","layers":[{"animations":[],"initialState":{"affineTransform":[1,0,0,1,0,0],"masksToBounds":false,"rotation":0,"scale":1,"position":{"pointX":960,"pointY":540},"width":1920,"sublayerTransform":[1,0,0,0,0,1,0,0,0,0,1,-0.00035007912466775983,0,0,0,1],"contentsRect":{"y":0,"x":0,"width":1,"height":1},"opacity":1,"edgeAntialiasingMask":251658240,"height":1080,"hidden":false,"anchorPoint":{"pointX":0.5,"pointY":0.5}},"layers":[{"animations":[],"layers":[],"texturedRectangle":{"isBackgroundTexture":false,"singleTextureOpacity":1,"textureType":0,"textBaseline":0,"textXHeight":0,"isVerticalText":false},"initialState":{"affineTransform":[1,0,0,1,0,0],"masksToBounds":false,"rotation":0,"scale":1,"position":{"pointX":960,"pointY":540},"width":1920,"sublayerTransform":[1,0,0,0,0,1,0,0,0,0,1,0,0,0,0,1],"contentsRect":{"y":0,"x":0,"width":1,"height":1},"opacity":1,"edgeAntialiasingMask":0,"height":1080,"hidden":false,"anchorPoint":{"pointX":0.5,"pointY":0.5}},"texture":"9002823A4A92F46677854206FBDAD7FA"},{"animations":[{"additive":false,"timeOffset":0,"beginTime":0,"from":{"scalar":false},"repeatCount":0,"fillMode":"both","duration":0.01,"autoreverses":false,"property":"hidden","to":{"scalar":true},"removedOnCompletion":false}],"layers":[],"texturedRectangle":{"isBackgroundTexture":false,"singleTextureOpacity":1,"textureType":0,"textBaseline":0,"textXHeight":0,"isVerticalText":false},"initialState":{"affineTransform":[1,0,0,1,0,0],"masksToBounds":false,"rotation":0,"scale":1,"position":{"pointX":960,"pointY":540},"width":1920,"sublayerTransform":[1,0,0,0,0,1,0,0,0,0,1,0,0,0,0,1],"contentsRect":{"y":0,"x":0,"width":1,"height":1},"opacity":1,"edgeAntialiasingMask":0,"height":1080,"hidden":false,"anchorPoint":{"pointX":0.5,"pointY":0.5}},"texture":"4319FB12720B152F12D916F8D7A3394B"}]}]},"effects":[],"duration":0.01,"type":"transition","attributes":{"direction":0},"name":"none","objectID":"0"}],"automaticPlay":false,"hyperlinks":[{"url":"https:\/\/github.com\/oxford-cs-deepnlp-2017\/lectures\/blob\/master\/Lecture%209%20-%20Speech%20Recognition.pdf","targetRectangle":{"y":806.25872802734375,"x":1201.2860107421875,"width":623.53200000000015,"height":21}},{"url":"http:\/\/slazebni.cs.illinois.edu\/spring17\/lec26_audio.pdf","targetRectangle":{"y":871.25872802734375,"x":1209.2860107421875,"width":293.952,"height":16}}],"accessibility":[{"text":"equation.pdf","targetRectangle":{"y":261.51803588867188,"x":195,"width":251.10998142103386,"height":35.847854756863285}},{"text":"equation.pdf","targetRectangle":{"y":431.36589064553516,"x":195,"width":174.74771540259661,"height":35.847854756863285}},{"text":"equation.pdf","targetRectangle":{"y":601.21374540239844,"x":195,"width":214.6963736065303,"height":46.523048971962567}},{"text":"Classical Speech to Text Transduction","targetRectangle":{"y":46.669271469116211,"x":149.78905344009399,"width":1620.421875,"height":106.859375}},{"text":"For a nice overview see","targetRectangle":{"y":720.25872802734375,"x":1165.2860107421875,"width":292.51600000000008,"height":43}},{"text":"Speech recognition","targetRectangle":{"y":763.25872802734375,"x":1209.286012172699,"width":242.70400000000018,"height":43}},{"text":"https:\/\/github.com\/oxford-cs-deepnlp-2017\/lectures\/blob\/master\/Lecture%209%20-%20Speech%20Recognition.pdf","targetRectangle":{"y":806.25872802734375,"x":1201.2860107421875,"width":623.53200000000015,"height":21}},{"text":"Deep Audio\\u2028http:\/\/slazebni.cs.illinois.edu\/spring17\/lec26_audio.pdf","targetRectangle":{"y":827.25872802734375,"x":1209.2860107421875,"width":293.952,"height":60}},{"text":"Screen Shot 2021-10-18 at 9.21.27 AM.png","targetRectangle":{"y":225.4962158203125,"x":954.77337646484375,"width":906.7235107421875,"height":418.39337158203125}},{"text":"Motivation          Speech+Audio          Pre Processing          Networks          Verification+Identification          Detection+Recognition          Conditional          STT          TTS       ","targetRectangle":{"y":1021.5224609375,"x":69.71484375,"width":1827.24609375,"height":27.21484375}},{"text":"Figure from https:\/\/mi.eng.cam.ac.uk\/~mjfg\/mjfg_NOW.pdf ","targetRectangle":{"y":987.97808784246445,"x":1527.8670654296875,"width":390.2265625,"height":19}},{"text":"Speech or audio waveform","targetRectangle":{"y":200.51803588867188,"x":147.00000143051147,"width":430.74000000000001,"height":49}},{"text":"￼","targetRectangle":{"y":249.51803588867188,"x":195,"width":251.10998142103386,"height":47.847854756863285}},{"text":"Feature Vectors","targetRectangle":{"y":358.36589064553516,"x":147.00000143051147,"width":249.98399999999998,"height":61}},{"text":"￼","targetRectangle":{"y":419.36589064553516,"x":195,"width":174.74771540259661,"height":47.847854756863342}},{"text":"Word Sequence w","targetRectangle":{"y":528.21374540239844,"x":147.00000143051147,"width":296.09999999999997,"height":61}},{"text":"￼","targetRectangle":{"y":589.21374540239844,"x":195,"width":214.6963736065303,"height":58.52304897196268}},{"text":"The acoustic model uses ~44 phonemes for the English language (24 consonants, 20 vowels)","targetRectangle":{"y":647.73679437436112,"x":195,"width":746.42399999999986,"height":78}},{"text":"Phonemes are concatenated via a pronunciation dictionary to make words w","targetRectangle":{"y":725.73679437436112,"x":195,"width":726.79199999999992,"height":78}},{"text":"The language model determines P(w); N gram language models that estimate the probability of a word given the previous N-1 words are commonly used","targetRectangle":{"y":803.73679437436112,"x":195,"width":743.18399999999997,"height":111}}],"baseLayer":{"animations":[],"initialState":{"affineTransform":[1,0,0,1,0,0],"masksToBounds":false,"rotation":0,"scale":1,"position":{"pointX":960,"pointY":540},"width":1920,"sublayerTransform":[1,0,0,0,0,1,0,0,0,0,1,0,0,0,0,1],"contentsRect":{"y":0,"x":0,"width":1,"height":1},"opacity":1,"edgeAntialiasingMask":251658240,"height":1080,"hidden":false,"anchorPoint":{"pointX":0.5,"pointY":0.5}},"objectID":"0","layers":[{"animations":[],"initialState":{"affineTransform":[1,0,0,1,0,0],"masksToBounds":false,"rotation":0,"scale":1,"position":{"pointX":960,"pointY":540},"width":1920,"sublayerTransform":[1,0,0,0,0,1,0,0,0,0,1,-0.00035007912466775983,0,0,0,1],"contentsRect":{"y":0,"x":0,"width":1,"height":1},"opacity":1,"edgeAntialiasingMask":251658240,"height":1080,"hidden":false,"anchorPoint":{"pointX":0.5,"pointY":0.5}},"layers":[{"animations":[],"layers":[],"texturedRectangle":{"isBackgroundTexture":false,"singleTextureOpacity":1,"textureType":0,"textBaseline":0,"textXHeight":0,"isVerticalText":false},"initialState":{"affineTransform":[1,0,0,1,0,0],"masksToBounds":false,"rotation":0,"scale":1,"position":{"pointX":960,"pointY":540},"width":1920,"sublayerTransform":[1,0,0,0,0,1,0,0,0,0,1,0,0,0,0,1],"contentsRect":{"y":0,"x":0,"width":1,"height":1},"opacity":1,"edgeAntialiasingMask":0,"height":1080,"hidden":false,"anchorPoint":{"pointX":0.5,"pointY":0.5}},"texture":"4319FB12720B152F12D916F8D7A3394B"}]}]}}]}