{"assets":{"5BA6DF7ACEF516F7DAB78587CF30CE20":{"type":"texture","index":1,"assetRequest":{"type":"slide","state":"contents","slide":"none"},"url":{"native":"assets\/DE7211C5-A1CD-4AB7-8FF5-2AC9A9697949.pdf"},"width":1920,"height":1080},"9CE2E9050942D2A2A678CA2E9E2328A5":{"type":"texture","index":0,"assetRequest":{"type":"slide","state":"contents","slide":"none"},"url":{"native":"assets\/DE7211C5-A1CD-4AB7-8FF5-2AC9A9697949.pdf"},"width":1920,"height":1080}},"events":[{"effects":[{"beginTime":0,"baseLayer":{"animations":[],"initialState":{"affineTransform":[1,0,0,1,0,0],"masksToBounds":false,"rotation":0,"scale":1,"position":{"pointX":960,"pointY":540},"width":1920,"sublayerTransform":[1,0,0,0,0,1,0,0,0,0,1,0,0,0,0,1],"contentsRect":{"y":0,"x":0,"width":1,"height":1},"opacity":1,"edgeAntialiasingMask":251658240,"height":1080,"hidden":false,"anchorPoint":{"pointX":0.5,"pointY":0.5}},"objectID":"0","layers":[{"animations":[],"initialState":{"affineTransform":[1,0,0,1,0,0],"masksToBounds":false,"rotation":0,"scale":1,"position":{"pointX":960,"pointY":540},"width":1920,"sublayerTransform":[1,0,0,0,0,1,0,0,0,0,1,-0.00035007912466775983,0,0,0,1],"contentsRect":{"y":0,"x":0,"width":1,"height":1},"opacity":1,"edgeAntialiasingMask":251658240,"height":1080,"hidden":false,"anchorPoint":{"pointX":0.5,"pointY":0.5}},"layers":[{"animations":[],"layers":[],"texturedRectangle":{"isBackgroundTexture":false,"singleTextureOpacity":1,"textureType":0,"textBaseline":0,"textXHeight":0,"isVerticalText":false},"initialState":{"affineTransform":[1,0,0,1,0,0],"masksToBounds":false,"rotation":0,"scale":1,"position":{"pointX":960,"pointY":540},"width":1920,"sublayerTransform":[1,0,0,0,0,1,0,0,0,0,1,0,0,0,0,1],"contentsRect":{"y":0,"x":0,"width":1,"height":1},"opacity":1,"edgeAntialiasingMask":0,"height":1080,"hidden":false,"anchorPoint":{"pointX":0.5,"pointY":0.5}},"texture":"5BA6DF7ACEF516F7DAB78587CF30CE20"},{"animations":[{"additive":false,"timeOffset":0,"beginTime":0,"from":{"scalar":false},"repeatCount":0,"fillMode":"both","duration":0.01,"autoreverses":false,"property":"hidden","to":{"scalar":true},"removedOnCompletion":false}],"layers":[],"texturedRectangle":{"isBackgroundTexture":false,"singleTextureOpacity":1,"textureType":0,"textBaseline":0,"textXHeight":0,"isVerticalText":false},"initialState":{"affineTransform":[1,0,0,1,0,0],"masksToBounds":false,"rotation":0,"scale":1,"position":{"pointX":960,"pointY":540},"width":1920,"sublayerTransform":[1,0,0,0,0,1,0,0,0,0,1,0,0,0,0,1],"contentsRect":{"y":0,"x":0,"width":1,"height":1},"opacity":1,"edgeAntialiasingMask":0,"height":1080,"hidden":false,"anchorPoint":{"pointX":0.5,"pointY":0.5}},"texture":"9CE2E9050942D2A2A678CA2E9E2328A5"}]}]},"effects":[],"duration":0.01,"type":"transition","attributes":{"direction":0},"name":"none","objectID":"0"}],"automaticPlay":false,"hyperlinks":[],"accessibility":[{"text":"Glow: Generative flow with invertible 1x1 convolutions \\u2028• https:\/\/arxiv.org\/abs\/1807.03039 \\u2028","targetRectangle":{"y":216.98017883300781,"x":73.674911708081709,"width":442.65882146395711,"height":46.628115190938104}},{"text":"Neural speech synthesis with transformer network \\u2028• https:\/\/arxiv.org\/abs\/1809.08895 \\u2028","targetRectangle":{"y":305.40640802040696,"x":73.674911708081709,"width":397.28453005887548,"height":46.628115190938161}},{"text":"WaveGlow: a flow-based generative network for speech synthesis\\u2028• https:\/\/arxiv.org\/abs\/1811.00002\\u2028• https:\/\/github.com\/NVIDIA\/WaveGlow \\u2028","targetRectangle":{"y":393.83263720780616,"x":73.674911708081709,"width":512.50148075483685,"height":69.628115190938104}},{"text":"LibriTTS: a corpus derived from LibriSpeech for text-to-speech \\u2028• https:\/\/arxiv.org\/abs\/1904.02882\\u2028• http:\/\/www.openslr.org\/60\/ \\u2028","targetRectangle":{"y":505.2588663952053,"x":73.674911708081709,"width":502.82663184367061,"height":69.628115190938104}},{"text":"FastSpeech: fast, robust and controllable text to speech \\u2028• https:\/\/arxiv.org\/abs\/1905.09263 \\u2028","targetRectangle":{"y":616.68509558260439,"x":73.674911708081709,"width":434.08083042353348,"height":46.628115190938161}},{"text":"ESPnet-TTS: unified, reproducible, and integratable open source end-to-end text-to-speech toolkit \\u2028• https:\/\/arxiv.org\/abs\/1910.10909\\u2028• https:\/\/github.com\/espnet\/espnet \\u2028","targetRectangle":{"y":705.11132477000365,"x":73.674911708081709,"width":765.17253487668847,"height":69.628115190938161}},{"text":"FastSpeech 2: fast and high-quality end-to-end text to speech \\u2028• https:\/\/arxiv.org\/abs\/2006.04558 \\u2028","targetRectangle":{"y":816.53755395740291,"x":73.674911708081709,"width":481.00197267197018,"height":46}},{"text":"A spectral energy distance for parallel speech synthesis \\u2028• https:\/\/arxiv.org\/abs\/2008.01160 ","targetRectangle":{"y":904.335667953864,"x":73.674911708081709,"width":435.30893624462146,"height":46}},{"text":"Motivation          Speech+Audio          Pre Processing          Networks          Verification+Identification          Detection+Recognition          Conditional          STT          TTS       ","targetRectangle":{"y":1021.5224609375,"x":69.71484375,"width":1827.24609375,"height":27.21484375}},{"text":"References","targetRectangle":{"y":46.669271469116211,"x":714.53905344009399,"width":490.921875,"height":106.859375}}],"baseLayer":{"animations":[],"initialState":{"affineTransform":[1,0,0,1,0,0],"masksToBounds":false,"rotation":0,"scale":1,"position":{"pointX":960,"pointY":540},"width":1920,"sublayerTransform":[1,0,0,0,0,1,0,0,0,0,1,0,0,0,0,1],"contentsRect":{"y":0,"x":0,"width":1,"height":1},"opacity":1,"edgeAntialiasingMask":251658240,"height":1080,"hidden":false,"anchorPoint":{"pointX":0.5,"pointY":0.5}},"objectID":"0","layers":[{"animations":[],"initialState":{"affineTransform":[1,0,0,1,0,0],"masksToBounds":false,"rotation":0,"scale":1,"position":{"pointX":960,"pointY":540},"width":1920,"sublayerTransform":[1,0,0,0,0,1,0,0,0,0,1,-0.00035007912466775983,0,0,0,1],"contentsRect":{"y":0,"x":0,"width":1,"height":1},"opacity":1,"edgeAntialiasingMask":251658240,"height":1080,"hidden":false,"anchorPoint":{"pointX":0.5,"pointY":0.5}},"layers":[{"animations":[],"layers":[],"texturedRectangle":{"isBackgroundTexture":false,"singleTextureOpacity":1,"textureType":0,"textBaseline":0,"textXHeight":0,"isVerticalText":false},"initialState":{"affineTransform":[1,0,0,1,0,0],"masksToBounds":false,"rotation":0,"scale":1,"position":{"pointX":960,"pointY":540},"width":1920,"sublayerTransform":[1,0,0,0,0,1,0,0,0,0,1,0,0,0,0,1],"contentsRect":{"y":0,"x":0,"width":1,"height":1},"opacity":1,"edgeAntialiasingMask":0,"height":1080,"hidden":false,"anchorPoint":{"pointX":0.5,"pointY":0.5}},"texture":"9CE2E9050942D2A2A678CA2E9E2328A5"}]}]}}]}