{"autoplayTransitionDelay":5,"author":"","timestamp":"2021-17-29 23:9:7","loopSlideshow":0,"filename":"lecture-06.key","autoplayBuildDelay":2,"comment":"","title":"lecture-06.key","showMode":0,"creator":"Apple Keynote 11.1","slideList":["3860B916-F918-4E87-9C56-12C349CDFDEB","F18410C4-CA73-4432-B42A-534FFF20C3DB","A87F1303-788B-461E-A0ED-9DFB8B8B26D2","A3D8ED34-7BA9-40F9-88BF-00F934CCBD64","6F4E628B-A97D-4C64-8690-25D36EB145C0","7494EA67-F92D-4EA1-82DE-B4B9ACEB6DDE","F58FC69D-8F61-4F22-BABD-A661662B4491","5DD2A52D-ED26-4C05-BC1B-841AF60FBF99","E60A2141-8E94-44C1-B111-4EF3E589892B","E9FC7C7F-BECE-4332-AE25-10D316F843CE","DA290A21-BDF4-4421-B8B8-0C159C1EE50D","B8642EDC-B7B7-4E9A-AE01-5B05C5F811BB","EE038F68-C2B7-46D0-A990-38053B40F174","80C3507F-A36D-48E5-8D19-BC0F193F9FAD","F0BF5D8F-4995-4270-9141-AFA3296D9BC8"],"soundtrack":{"mode":0,"volume":1},"slideWidth":1920,"slideHeight":1080,"slideCount":15,"majorVersion":1,"minorVersion":2,"fonts":["CourierNewPSMT","HelveticaNeue","ProximaNova-Regular","Times-Roman","ProximaNova-Bold","Helvetica","Graphik-RegularItalic","Graphik-Medium","Graphik-Regular","Graphik-Semibold","Menlo-Regular"]}