{"assets":{"23B81D527B6FE1A3546B4B51A3907413":{"type":"texture","index":0,"assetRequest":{"type":"slide","state":"contents","slide":"none"},"url":{"native":"assets\/EE038F68-C2B7-46D0-A990-38053B40F174.pdf"},"width":1920,"height":1080},"5B955D902998DF56D4ACE3D1C5C58601":{"type":"texture","index":1,"assetRequest":{"type":"slide","state":"contents","slide":"none"},"url":{"native":"assets\/EE038F68-C2B7-46D0-A990-38053B40F174.pdf"},"width":1920,"height":1080}},"events":[{"effects":[{"beginTime":0,"baseLayer":{"animations":[],"initialState":{"affineTransform":[1,0,0,1,0,0],"masksToBounds":false,"rotation":0,"scale":1,"position":{"pointX":960,"pointY":540},"width":1920,"sublayerTransform":[1,0,0,0,0,1,0,0,0,0,1,0,0,0,0,1],"contentsRect":{"y":0,"x":0,"width":1,"height":1},"opacity":1,"edgeAntialiasingMask":251658240,"height":1080,"hidden":false,"anchorPoint":{"pointX":0.5,"pointY":0.5}},"objectID":"0","layers":[{"animations":[],"initialState":{"affineTransform":[1,0,0,1,0,0],"masksToBounds":false,"rotation":0,"scale":1,"position":{"pointX":960,"pointY":540},"width":1920,"sublayerTransform":[1,0,0,0,0,1,0,0,0,0,1,-0.00035007912466775983,0,0,0,1],"contentsRect":{"y":0,"x":0,"width":1,"height":1},"opacity":1,"edgeAntialiasingMask":251658240,"height":1080,"hidden":false,"anchorPoint":{"pointX":0.5,"pointY":0.5}},"layers":[{"animations":[],"layers":[],"texturedRectangle":{"isBackgroundTexture":false,"singleTextureOpacity":1,"textureType":0,"textBaseline":0,"textXHeight":0,"isVerticalText":false},"initialState":{"affineTransform":[1,0,0,1,0,0],"masksToBounds":false,"rotation":0,"scale":1,"position":{"pointX":960,"pointY":540},"width":1920,"sublayerTransform":[1,0,0,0,0,1,0,0,0,0,1,0,0,0,0,1],"contentsRect":{"y":0,"x":0,"width":1,"height":1},"opacity":1,"edgeAntialiasingMask":0,"height":1080,"hidden":false,"anchorPoint":{"pointX":0.5,"pointY":0.5}},"texture":"5B955D902998DF56D4ACE3D1C5C58601"},{"animations":[{"additive":false,"timeOffset":0,"beginTime":0,"from":{"scalar":false},"repeatCount":0,"fillMode":"both","duration":0.01,"autoreverses":false,"property":"hidden","to":{"scalar":true},"removedOnCompletion":false}],"layers":[],"texturedRectangle":{"isBackgroundTexture":false,"singleTextureOpacity":1,"textureType":0,"textBaseline":0,"textXHeight":0,"isVerticalText":false},"initialState":{"affineTransform":[1,0,0,1,0,0],"masksToBounds":false,"rotation":0,"scale":1,"position":{"pointX":960,"pointY":540},"width":1920,"sublayerTransform":[1,0,0,0,0,1,0,0,0,0,1,0,0,0,0,1],"contentsRect":{"y":0,"x":0,"width":1,"height":1},"opacity":1,"edgeAntialiasingMask":0,"height":1080,"hidden":false,"anchorPoint":{"pointX":0.5,"pointY":0.5}},"texture":"23B81D527B6FE1A3546B4B51A3907413"}]}]},"effects":[],"duration":0.01,"type":"transition","attributes":{"direction":0},"name":"none","objectID":"0"}],"automaticPlay":false,"hyperlinks":[],"accessibility":[{"text":"Character n-grams","targetRectangle":{"y":4,"x":40,"width":589.04999999999995,"height":84}},{"text":"Instead of treating each word as unique, why not treat sub-words as unique? ","targetRectangle":{"y":132.66667175292969,"x":85.833276589710295,"width":1678,"height":61}},{"text":"Words share characters, and more generally, n-grams of characters!","targetRectangle":{"y":193.66667175292969,"x":173.83327658971029,"width":1472.9499999999998,"height":61}},{"text":"Words get factored into (potentially overlapping) character n-grams.","targetRectangle":{"y":315.66667175292969,"x":85.833276589710295,"width":1472.1000000000001,"height":61}},{"text":"Example:","targetRectangle":{"y":376.66667175292969,"x":173.83327658971029,"width":199.10000000000002,"height":61}},{"text":"Allows us to share features between words, as character n-grams are shared across a large number of words.","targetRectangle":{"y":498.66667175292969,"x":49.833276589710295,"width":1877.1500000000001,"height":122}},{"text":"Example:","targetRectangle":{"y":620.66667175292969,"x":129.83327658971029,"width":199.10000000000002,"height":61}},{"text":"Inspired by Word2Vec with similar training procedures","targetRectangle":{"y":742.66667175292969,"x":85.833276589710295,"width":1180.2,"height":61}},{"text":"Computational efficient relative to deep learning based methods, while offering very competitive performance on classification and retrieval based tasks.","targetRectangle":{"y":864.66667175292969,"x":49.833276589710295,"width":1776.2999999999997,"height":122}},{"text":"artificial = <ar, art, rti, tif, ifi, fic, ici, ial, al>","targetRectangle":{"y":390.52236890792847,"x":416.60155690765384,"width":1209.796875,"height":41}},{"text":"ben, ten, happen, entropy, envisage, envy, envoy, been, seen, lend","targetRectangle":{"y":638.49999952316284,"x":370.58396911621094,"width":1425.83203125,"height":41}},{"text":"￼","targetRectangle":{"y":1038.7800302505493,"x":1891.1759820950247,"width":19.711999999999989,"height":26}}],"baseLayer":{"animations":[],"initialState":{"affineTransform":[1,0,0,1,0,0],"masksToBounds":false,"rotation":0,"scale":1,"position":{"pointX":960,"pointY":540},"width":1920,"sublayerTransform":[1,0,0,0,0,1,0,0,0,0,1,0,0,0,0,1],"contentsRect":{"y":0,"x":0,"width":1,"height":1},"opacity":1,"edgeAntialiasingMask":251658240,"height":1080,"hidden":false,"anchorPoint":{"pointX":0.5,"pointY":0.5}},"objectID":"0","layers":[{"animations":[],"initialState":{"affineTransform":[1,0,0,1,0,0],"masksToBounds":false,"rotation":0,"scale":1,"position":{"pointX":960,"pointY":540},"width":1920,"sublayerTransform":[1,0,0,0,0,1,0,0,0,0,1,-0.00035007912466775983,0,0,0,1],"contentsRect":{"y":0,"x":0,"width":1,"height":1},"opacity":1,"edgeAntialiasingMask":251658240,"height":1080,"hidden":false,"anchorPoint":{"pointX":0.5,"pointY":0.5}},"layers":[{"animations":[],"layers":[],"texturedRectangle":{"isBackgroundTexture":false,"singleTextureOpacity":1,"textureType":0,"textBaseline":0,"textXHeight":0,"isVerticalText":false},"initialState":{"affineTransform":[1,0,0,1,0,0],"masksToBounds":false,"rotation":0,"scale":1,"position":{"pointX":960,"pointY":540},"width":1920,"sublayerTransform":[1,0,0,0,0,1,0,0,0,0,1,0,0,0,0,1],"contentsRect":{"y":0,"x":0,"width":1,"height":1},"opacity":1,"edgeAntialiasingMask":0,"height":1080,"hidden":false,"anchorPoint":{"pointX":0.5,"pointY":0.5}},"texture":"23B81D527B6FE1A3546B4B51A3907413"}]}]}}]}