{"assets":{"1FFC6B87D375C3DD59D3F8EA41469C84":{"type":"texture","index":1,"assetRequest":{"type":"slide","state":"contents","slide":"none"},"url":{"native":"assets\/936A9970-DE17-4552-81BD-29B744C0B2D2.pdf"},"width":1920,"height":1080},"7CDEE269CEE55A9803220620763581FC":{"type":"texture","index":0,"assetRequest":{"type":"slide","state":"contents","slide":"none"},"url":{"native":"assets\/936A9970-DE17-4552-81BD-29B744C0B2D2.pdf"},"width":1920,"height":1080}},"events":[{"effects":[{"beginTime":0,"baseLayer":{"animations":[],"initialState":{"affineTransform":[1,0,0,1,0,0],"masksToBounds":false,"rotation":0,"scale":1,"position":{"pointX":960,"pointY":540},"width":1920,"sublayerTransform":[1,0,0,0,0,1,0,0,0,0,1,0,0,0,0,1],"contentsRect":{"y":0,"x":0,"width":1,"height":1},"opacity":1,"edgeAntialiasingMask":251658240,"height":1080,"hidden":false,"anchorPoint":{"pointX":0.5,"pointY":0.5}},"objectID":"0","layers":[{"animations":[],"initialState":{"affineTransform":[1,0,0,1,0,0],"masksToBounds":false,"rotation":0,"scale":1,"position":{"pointX":960,"pointY":540},"width":1920,"sublayerTransform":[1,0,0,0,0,1,0,0,0,0,1,-0.00035007912466775983,0,0,0,1],"contentsRect":{"y":0,"x":0,"width":1,"height":1},"opacity":1,"edgeAntialiasingMask":251658240,"height":1080,"hidden":false,"anchorPoint":{"pointX":0.5,"pointY":0.5}},"layers":[{"animations":[],"layers":[],"texturedRectangle":{"isBackgroundTexture":false,"singleTextureOpacity":1,"textureType":0,"textBaseline":0,"textXHeight":0,"isVerticalText":false},"initialState":{"affineTransform":[1,0,0,1,0,0],"masksToBounds":false,"rotation":0,"scale":1,"position":{"pointX":960,"pointY":540},"width":1920,"sublayerTransform":[1,0,0,0,0,1,0,0,0,0,1,0,0,0,0,1],"contentsRect":{"y":0,"x":0,"width":1,"height":1},"opacity":1,"edgeAntialiasingMask":0,"height":1080,"hidden":false,"anchorPoint":{"pointX":0.5,"pointY":0.5}},"texture":"1FFC6B87D375C3DD59D3F8EA41469C84"},{"animations":[{"additive":false,"timeOffset":0,"beginTime":0,"from":{"scalar":false},"repeatCount":0,"fillMode":"both","duration":0.01,"autoreverses":false,"property":"hidden","to":{"scalar":true},"removedOnCompletion":false}],"layers":[],"texturedRectangle":{"isBackgroundTexture":false,"singleTextureOpacity":1,"textureType":0,"textBaseline":0,"textXHeight":0,"isVerticalText":false},"initialState":{"affineTransform":[1,0,0,1,0,0],"masksToBounds":false,"rotation":0,"scale":1,"position":{"pointX":960,"pointY":540},"width":1920,"sublayerTransform":[1,0,0,0,0,1,0,0,0,0,1,0,0,0,0,1],"contentsRect":{"y":0,"x":0,"width":1,"height":1},"opacity":1,"edgeAntialiasingMask":0,"height":1080,"hidden":false,"anchorPoint":{"pointX":0.5,"pointY":0.5}},"texture":"7CDEE269CEE55A9803220620763581FC"}]}]},"effects":[],"duration":0.01,"type":"transition","attributes":{"direction":0},"name":"none","objectID":"0"}],"automaticPlay":false,"hyperlinks":[{"url":"https:\/\/www.isca-speech.org\/archive\/Interspeech_2017\/pdfs\/0233.PDF","targetRectangle":{"y":986.68023627996445,"x":1412.681884765625,"width":452.359375,"height":19}}],"accessibility":[{"text":"Screen Shot 2021-10-18 at 4.56.54 PM.png","targetRectangle":{"y":207.53665161132812,"x":1191.2021484375,"width":579.69873046875,"height":737.21002197265625}},{"text":"Figure from https:\/\/www.isca-speech.org\/archive\/Interspeech_2017\/pdfs\/0233.PDF","targetRectangle":{"y":986.68023627996445,"x":1331.806884765625,"width":533.234375,"height":19}},{"text":"Motivation          Speech+Audio          Pre Processing          Networks          Verification+Identification          Detection+Recognition          Conditional          STT          TTS       ","targetRectangle":{"y":1021.5224609375,"x":69.71484375,"width":1827.24609375,"height":27.21484375}},{"text":"Loss Function","targetRectangle":{"y":46.669271469116211,"x":661.17186594009399,"width":597.65625,"height":106.859375}},{"text":"Note","targetRectangle":{"y":217.41506958007812,"x":95.815803050994873,"width":81.323999999999984,"height":49}},{"text":"CTC is described here in the context of grapheme prediction","targetRectangle":{"y":266.41506958007812,"x":143.8158016204834,"width":651.52800000000002,"height":45}},{"text":"Phoneme, word piece, …, are also possible","targetRectangle":{"y":311.41506958007812,"x":143.8158016204834,"width":463.20000000000005,"height":45}},{"text":"Challenge 1: alignment","targetRectangle":{"y":401.41506958007812,"x":95.815803050994873,"width":374.04000000000008,"height":61}},{"text":"A xNN is a classifier that wants to map an input frame to a class","targetRectangle":{"y":462.41506958007812,"x":143.8158016204834,"width":677.3040000000002,"height":45}},{"text":"But the correct frame to class mapping is not known until the classifier is trained (because sound to text alignment is typically not given in training data)","targetRectangle":{"y":507.41506958007812,"x":143.8158016204834,"width":858.93599999999981,"height":78}},{"text":"This results in circular dependency","targetRectangle":{"y":585.41506958007812,"x":143.8158016204834,"width":367.10399999999981,"height":45}},{"text":"Solution: CTC Loss Function","targetRectangle":{"y":691.41506958007812,"x":95.815803050994873,"width":452.7360000000001,"height":61}},{"text":"The basic idea is for each frame for the xNN to predict a PMF over all graphemes plus a blank symbol","targetRectangle":{"y":752.41506958007812,"x":143.8158016204834,"width":944.95199999999977,"height":78}},{"text":"Repeated graphemes are the blank symbol and are removed to create a label","targetRectangle":{"y":830.41506958007812,"x":143.8158016204834,"width":829.00800000000004,"height":45}},{"text":"The likelihood of each label is computed which allows the definition of a loss","targetRectangle":{"y":875.41506958007812,"x":143.8158016204834,"width":819.14400000000023,"height":45}}],"baseLayer":{"animations":[],"initialState":{"affineTransform":[1,0,0,1,0,0],"masksToBounds":false,"rotation":0,"scale":1,"position":{"pointX":960,"pointY":540},"width":1920,"sublayerTransform":[1,0,0,0,0,1,0,0,0,0,1,0,0,0,0,1],"contentsRect":{"y":0,"x":0,"width":1,"height":1},"opacity":1,"edgeAntialiasingMask":251658240,"height":1080,"hidden":false,"anchorPoint":{"pointX":0.5,"pointY":0.5}},"objectID":"0","layers":[{"animations":[],"initialState":{"affineTransform":[1,0,0,1,0,0],"masksToBounds":false,"rotation":0,"scale":1,"position":{"pointX":960,"pointY":540},"width":1920,"sublayerTransform":[1,0,0,0,0,1,0,0,0,0,1,-0.00035007912466775983,0,0,0,1],"contentsRect":{"y":0,"x":0,"width":1,"height":1},"opacity":1,"edgeAntialiasingMask":251658240,"height":1080,"hidden":false,"anchorPoint":{"pointX":0.5,"pointY":0.5}},"layers":[{"animations":[],"layers":[],"texturedRectangle":{"isBackgroundTexture":false,"singleTextureOpacity":1,"textureType":0,"textBaseline":0,"textXHeight":0,"isVerticalText":false},"initialState":{"affineTransform":[1,0,0,1,0,0],"masksToBounds":false,"rotation":0,"scale":1,"position":{"pointX":960,"pointY":540},"width":1920,"sublayerTransform":[1,0,0,0,0,1,0,0,0,0,1,0,0,0,0,1],"contentsRect":{"y":0,"x":0,"width":1,"height":1},"opacity":1,"edgeAntialiasingMask":0,"height":1080,"hidden":false,"anchorPoint":{"pointX":0.5,"pointY":0.5}},"texture":"7CDEE269CEE55A9803220620763581FC"}]}]}}]}