{"assets":{"ECDE73F8B937FA169E5B6F98AD17A9FB":{"type":"texture","index":0,"assetRequest":{"type":"slide","state":"contents","slide":"none"},"url":{"native":"assets\/131902F6-7523-4C30-8631-C23ACD4A7B44.pdf"},"width":1920,"height":1080},"C0C824557BF7CD80C7FAA84000304A62":{"type":"texture","index":1,"assetRequest":{"type":"slide","state":"contents","slide":"none"},"url":{"native":"assets\/131902F6-7523-4C30-8631-C23ACD4A7B44.pdf"},"width":1920,"height":1080}},"events":[{"effects":[{"beginTime":0,"baseLayer":{"animations":[],"initialState":{"affineTransform":[1,0,0,1,0,0],"masksToBounds":false,"rotation":0,"scale":1,"position":{"pointX":960,"pointY":540},"width":1920,"sublayerTransform":[1,0,0,0,0,1,0,0,0,0,1,0,0,0,0,1],"contentsRect":{"y":0,"x":0,"width":1,"height":1},"opacity":1,"edgeAntialiasingMask":251658240,"height":1080,"hidden":false,"anchorPoint":{"pointX":0.5,"pointY":0.5}},"objectID":"0","layers":[{"animations":[],"initialState":{"affineTransform":[1,0,0,1,0,0],"masksToBounds":false,"rotation":0,"scale":1,"position":{"pointX":960,"pointY":540},"width":1920,"sublayerTransform":[1,0,0,0,0,1,0,0,0,0,1,-0.00035007912466775983,0,0,0,1],"contentsRect":{"y":0,"x":0,"width":1,"height":1},"opacity":1,"edgeAntialiasingMask":251658240,"height":1080,"hidden":false,"anchorPoint":{"pointX":0.5,"pointY":0.5}},"layers":[{"animations":[],"layers":[],"texturedRectangle":{"isBackgroundTexture":false,"singleTextureOpacity":1,"textureType":0,"textBaseline":0,"textXHeight":0,"isVerticalText":false},"initialState":{"affineTransform":[1,0,0,1,0,0],"masksToBounds":false,"rotation":0,"scale":1,"position":{"pointX":960,"pointY":540},"width":1920,"sublayerTransform":[1,0,0,0,0,1,0,0,0,0,1,0,0,0,0,1],"contentsRect":{"y":0,"x":0,"width":1,"height":1},"opacity":1,"edgeAntialiasingMask":0,"height":1080,"hidden":false,"anchorPoint":{"pointX":0.5,"pointY":0.5}},"texture":"C0C824557BF7CD80C7FAA84000304A62"},{"animations":[{"additive":false,"timeOffset":0,"beginTime":0,"from":{"scalar":false},"repeatCount":0,"fillMode":"both","duration":0.01,"autoreverses":false,"property":"hidden","to":{"scalar":true},"removedOnCompletion":false}],"layers":[],"texturedRectangle":{"isBackgroundTexture":false,"singleTextureOpacity":1,"textureType":0,"textBaseline":0,"textXHeight":0,"isVerticalText":false},"initialState":{"affineTransform":[1,0,0,1,0,0],"masksToBounds":false,"rotation":0,"scale":1,"position":{"pointX":960,"pointY":540},"width":1920,"sublayerTransform":[1,0,0,0,0,1,0,0,0,0,1,0,0,0,0,1],"contentsRect":{"y":0,"x":0,"width":1,"height":1},"opacity":1,"edgeAntialiasingMask":0,"height":1080,"hidden":false,"anchorPoint":{"pointX":0.5,"pointY":0.5}},"texture":"ECDE73F8B937FA169E5B6F98AD17A9FB"}]}]},"effects":[],"duration":0.01,"type":"transition","attributes":{"direction":0},"name":"none","objectID":"0"}],"automaticPlay":false,"hyperlinks":[],"accessibility":[{"text":"Motivation          Speech+Audio          Pre Processing          Networks          Verification+Identification          Detection+Recognition          Conditional          STT          TTS       ","targetRectangle":{"y":1021.5224609375,"x":69.71484375,"width":1827.24609375,"height":27.21484375}},{"text":"equation.pdf","targetRectangle":{"y":478.78733385875483,"x":234.02917098999023,"width":565.92454155291261,"height":45.9286950953271}},{"text":"Post Processing with an External LM","targetRectangle":{"y":46.669271469116211,"x":178.31249094009399,"width":1563.375,"height":106.859375}},{"text":"equation.pdf","targetRectangle":{"y":420.97863864898682,"x":234.02917098999023,"width":366.39795525699947,"height":45.9286950953271}},{"text":"How can a language model be used for speech recognition?","targetRectangle":{"y":237.33863830566406,"x":138.02917113463081,"width":959.21495999999979,"height":49}},{"text":"Incorporate the language model into beam search by complementing the PMF of letters \/ words produced by the network with a PMF of letters \/ words based on language in the form of a conditional language model","targetRectangle":{"y":286.33863830566406,"x":186.02917098999023,"width":1610.9042399999996,"height":77.880000114440918}},{"text":"Example uses in linear and log form","targetRectangle":{"y":364.21863842010498,"x":186.02917098999023,"width":378.8531999999999,"height":44.880000114440918}},{"text":"￼","targetRectangle":{"y":409.0986385345459,"x":234.02917098999023,"width":366.39795525699947,"height":57.808695209768018}},{"text":"￼","targetRectangle":{"y":466.90733374431392,"x":234.02917098999023,"width":565.92454155291261,"height":57.808695209768018}},{"text":"How to think about this strategy?","targetRectangle":{"y":585.59602906852285,"x":138.02917113463081,"width":525.86819999999977,"height":60.880000114440918}},{"text":"Speech to text transduction is composed of 2 layers","targetRectangle":{"y":646.47602918296377,"x":186.02917098999023,"width":548.68967999999984,"height":44.880000114440918}},{"text":"Part 1: a mapping (e.g. xNN structure) from sound to text","targetRectangle":{"y":691.35602929740469,"x":234.02917098999023,"width":605.42856000000006,"height":44.880000114440918}},{"text":"Part 2: a mapping (e.g. language model) from previous text to next text","targetRectangle":{"y":736.23602941184561,"x":234.02917098999023,"width":755.49671999999987,"height":44.880000114440918}},{"text":"This is very similar to language translation","targetRectangle":{"y":781.11602952628652,"x":186.02917098999023,"width":441.19943999999987,"height":44.880000114440918}},{"text":"Part 1: a mapping (e.g. xNN) from language 0 to language 1","targetRectangle":{"y":825.99602964072744,"x":234.02917098999023,"width":638.59752000000003,"height":44.880000114440918}},{"text":"Part 2: a mapping (e.g. language model) from previous text in language 1 to next text in language 1","targetRectangle":{"y":870.87602975516836,"x":234.02917098999023,"width":1057.4388000000001,"height":44.880000114440918}},{"text":"Part 2 is input independent, part 1 is input dependent, they both work together to produce the desired output","targetRectangle":{"y":915.75602986960928,"x":186.02917098999023,"width":1169.7523200000003,"height":44.880000114440918}},{"text":"Beam search is the way we put the 2 parts together","targetRectangle":{"y":960.6360299840502,"x":234.02917098999023,"width":543.81887999999992,"height":44.880000114440918}}],"baseLayer":{"animations":[],"initialState":{"affineTransform":[1,0,0,1,0,0],"masksToBounds":false,"rotation":0,"scale":1,"position":{"pointX":960,"pointY":540},"width":1920,"sublayerTransform":[1,0,0,0,0,1,0,0,0,0,1,0,0,0,0,1],"contentsRect":{"y":0,"x":0,"width":1,"height":1},"opacity":1,"edgeAntialiasingMask":251658240,"height":1080,"hidden":false,"anchorPoint":{"pointX":0.5,"pointY":0.5}},"objectID":"0","layers":[{"animations":[],"initialState":{"affineTransform":[1,0,0,1,0,0],"masksToBounds":false,"rotation":0,"scale":1,"position":{"pointX":960,"pointY":540},"width":1920,"sublayerTransform":[1,0,0,0,0,1,0,0,0,0,1,-0.00035007912466775983,0,0,0,1],"contentsRect":{"y":0,"x":0,"width":1,"height":1},"opacity":1,"edgeAntialiasingMask":251658240,"height":1080,"hidden":false,"anchorPoint":{"pointX":0.5,"pointY":0.5}},"layers":[{"animations":[],"layers":[],"texturedRectangle":{"isBackgroundTexture":false,"singleTextureOpacity":1,"textureType":0,"textBaseline":0,"textXHeight":0,"isVerticalText":false},"initialState":{"affineTransform":[1,0,0,1,0,0],"masksToBounds":false,"rotation":0,"scale":1,"position":{"pointX":960,"pointY":540},"width":1920,"sublayerTransform":[1,0,0,0,0,1,0,0,0,0,1,0,0,0,0,1],"contentsRect":{"y":0,"x":0,"width":1,"height":1},"opacity":1,"edgeAntialiasingMask":0,"height":1080,"hidden":false,"anchorPoint":{"pointX":0.5,"pointY":0.5}},"texture":"ECDE73F8B937FA169E5B6F98AD17A9FB"}]}]}}]}