{"assets":{"1FF2467484C2A6DB8E2FB47CCE481CBF":{"type":"texture","index":1,"assetRequest":{"type":"slide","state":"contents","slide":"none"},"url":{"native":"assets\/6AA9DAB8-EF1F-40FF-85F3-6642FA04F82B.pdf"},"width":1920,"height":1080},"9BB914339E7F2714D4F16C29F09288F1":{"type":"texture","index":0,"assetRequest":{"type":"slide","state":"contents","slide":"none"},"url":{"native":"assets\/6AA9DAB8-EF1F-40FF-85F3-6642FA04F82B.pdf"},"width":1920,"height":1080}},"events":[{"effects":[{"beginTime":0,"baseLayer":{"animations":[],"initialState":{"affineTransform":[1,0,0,1,0,0],"masksToBounds":false,"rotation":0,"scale":1,"position":{"pointX":960,"pointY":540},"width":1920,"sublayerTransform":[1,0,0,0,0,1,0,0,0,0,1,0,0,0,0,1],"contentsRect":{"y":0,"x":0,"width":1,"height":1},"opacity":1,"edgeAntialiasingMask":251658240,"height":1080,"hidden":false,"anchorPoint":{"pointX":0.5,"pointY":0.5}},"objectID":"0","layers":[{"animations":[],"initialState":{"affineTransform":[1,0,0,1,0,0],"masksToBounds":false,"rotation":0,"scale":1,"position":{"pointX":960,"pointY":540},"width":1920,"sublayerTransform":[1,0,0,0,0,1,0,0,0,0,1,-0.00035007912466775983,0,0,0,1],"contentsRect":{"y":0,"x":0,"width":1,"height":1},"opacity":1,"edgeAntialiasingMask":251658240,"height":1080,"hidden":false,"anchorPoint":{"pointX":0.5,"pointY":0.5}},"layers":[{"animations":[],"layers":[],"texturedRectangle":{"isBackgroundTexture":false,"singleTextureOpacity":1,"textureType":0,"textBaseline":0,"textXHeight":0,"isVerticalText":false},"initialState":{"affineTransform":[1,0,0,1,0,0],"masksToBounds":false,"rotation":0,"scale":1,"position":{"pointX":960,"pointY":540},"width":1920,"sublayerTransform":[1,0,0,0,0,1,0,0,0,0,1,0,0,0,0,1],"contentsRect":{"y":0,"x":0,"width":1,"height":1},"opacity":1,"edgeAntialiasingMask":0,"height":1080,"hidden":false,"anchorPoint":{"pointX":0.5,"pointY":0.5}},"texture":"1FF2467484C2A6DB8E2FB47CCE481CBF"},{"animations":[{"additive":false,"timeOffset":0,"beginTime":0,"from":{"scalar":false},"repeatCount":0,"fillMode":"both","duration":0.01,"autoreverses":false,"property":"hidden","to":{"scalar":true},"removedOnCompletion":false}],"layers":[],"texturedRectangle":{"isBackgroundTexture":false,"singleTextureOpacity":1,"textureType":0,"textBaseline":0,"textXHeight":0,"isVerticalText":false},"initialState":{"affineTransform":[1,0,0,1,0,0],"masksToBounds":false,"rotation":0,"scale":1,"position":{"pointX":960,"pointY":540},"width":1920,"sublayerTransform":[1,0,0,0,0,1,0,0,0,0,1,0,0,0,0,1],"contentsRect":{"y":0,"x":0,"width":1,"height":1},"opacity":1,"edgeAntialiasingMask":0,"height":1080,"hidden":false,"anchorPoint":{"pointX":0.5,"pointY":0.5}},"texture":"9BB914339E7F2714D4F16C29F09288F1"}]}]},"effects":[],"duration":0.01,"type":"transition","attributes":{"direction":0},"name":"none","objectID":"0"}],"automaticPlay":false,"hyperlinks":[{"url":"https:\/\/haythamfayek.com\/2016\/04\/21\/speech-processing-for-machine-learning.html","targetRectangle":{"y":988.9129633307457,"x":1364.9461669921875,"width":539.9765625,"height":19}}],"accessibility":[{"text":"Motivation          Speech+Audio          Pre Processing          Networks          Verification+Identification          Detection+Recognition          Conditional          STT          TTS       ","targetRectangle":{"y":1021.5224609375,"x":69.71484375,"width":1827.24609375,"height":27.21484375}},{"text":"Figure from https:\/\/haythamfayek.com\/2016\/04\/21\/speech-processing-for-machine-learning.html","targetRectangle":{"y":988.9129633307457,"x":1284.0711669921875,"width":620.8515625,"height":19}},{"text":"Start with a Time Domain Waveform","targetRectangle":{"y":46.669271469116211,"x":193.57030344009399,"width":1532.859375,"height":106.859375}},{"text":"The microphone is a transducer that converts sound waves to continuous time voltages","targetRectangle":{"y":200.51803588867188,"x":147.00000143051147,"width":733.31999999999994,"height":98}},{"text":"Continuous time voltages are sampled by an ADC to create discrete-time domain samples","targetRectangle":{"y":359.51803588867188,"x":147.00000143051147,"width":812.80800000000011,"height":110}},{"text":"Typically the ADC produces a specific number of bits per sample at a particular rate","targetRectangle":{"y":469.51803588867188,"x":195,"width":743.59199999999987,"height":78}},{"text":"A continuous time real baseband signal band limited to B Hz can be reproduced exactly via samples at 2B Hz","targetRectangle":{"y":547.51803588867188,"x":195,"width":734.27999999999997,"height":78}},{"text":"This would imply no loss of information","targetRectangle":{"y":625.51803588867188,"x":195,"width":419.06400000000008,"height":45}},{"text":"Humans can hear sounds from ~20-20 kHz so sampling frequencies would need to be > 40 kHz to prevent a loss of information for humans","targetRectangle":{"y":731.51803588867188,"x":147.00000143051147,"width":799.452,"height":159}},{"text":"For reference, CDs are sampled at 44.1 kHz at 16 bits","targetRectangle":{"y":890.51803588867188,"x":195,"width":571.17600000000016,"height":45}},{"text":"Speech datasets for ML are frequently sampled at 4, 8, or 16 kHz","targetRectangle":{"y":935.51803588867188,"x":195,"width":692.97600000000023,"height":45}},{"text":"pasted-image.tiff","targetRectangle":{"y":242.13786315917969,"x":987.4793701171875,"width":910.027099609375,"height":253.46708679199219}}],"baseLayer":{"animations":[],"initialState":{"affineTransform":[1,0,0,1,0,0],"masksToBounds":false,"rotation":0,"scale":1,"position":{"pointX":960,"pointY":540},"width":1920,"sublayerTransform":[1,0,0,0,0,1,0,0,0,0,1,0,0,0,0,1],"contentsRect":{"y":0,"x":0,"width":1,"height":1},"opacity":1,"edgeAntialiasingMask":251658240,"height":1080,"hidden":false,"anchorPoint":{"pointX":0.5,"pointY":0.5}},"objectID":"0","layers":[{"animations":[],"initialState":{"affineTransform":[1,0,0,1,0,0],"masksToBounds":false,"rotation":0,"scale":1,"position":{"pointX":960,"pointY":540},"width":1920,"sublayerTransform":[1,0,0,0,0,1,0,0,0,0,1,-0.00035007912466775983,0,0,0,1],"contentsRect":{"y":0,"x":0,"width":1,"height":1},"opacity":1,"edgeAntialiasingMask":251658240,"height":1080,"hidden":false,"anchorPoint":{"pointX":0.5,"pointY":0.5}},"layers":[{"animations":[],"layers":[],"texturedRectangle":{"isBackgroundTexture":false,"singleTextureOpacity":1,"textureType":0,"textBaseline":0,"textXHeight":0,"isVerticalText":false},"initialState":{"affineTransform":[1,0,0,1,0,0],"masksToBounds":false,"rotation":0,"scale":1,"position":{"pointX":960,"pointY":540},"width":1920,"sublayerTransform":[1,0,0,0,0,1,0,0,0,0,1,0,0,0,0,1],"contentsRect":{"y":0,"x":0,"width":1,"height":1},"opacity":1,"edgeAntialiasingMask":0,"height":1080,"hidden":false,"anchorPoint":{"pointX":0.5,"pointY":0.5}},"texture":"9BB914339E7F2714D4F16C29F09288F1"}]}]}}]}