{"assets":{"0C24737CD0FC434AECEBA49D275B73C2":{"type":"texture","index":0,"assetRequest":{"type":"slide","state":"contents","slide":"none"},"url":{"native":"assets\/6942EA93-10F4-4145-B6EC-68236826CEC9.pdf"},"width":1920,"height":1080},"59B24EB43F4EBC857024FFC3EF808523":{"type":"texture","index":1,"assetRequest":{"type":"slide","state":"contents","slide":"none"},"url":{"native":"assets\/6942EA93-10F4-4145-B6EC-68236826CEC9.pdf"},"width":1920,"height":1080}},"events":[{"effects":[{"beginTime":0,"baseLayer":{"animations":[],"initialState":{"affineTransform":[1,0,0,1,0,0],"masksToBounds":false,"rotation":0,"scale":1,"position":{"pointX":960,"pointY":540},"width":1920,"sublayerTransform":[1,0,0,0,0,1,0,0,0,0,1,0,0,0,0,1],"contentsRect":{"y":0,"x":0,"width":1,"height":1},"opacity":1,"edgeAntialiasingMask":251658240,"height":1080,"hidden":false,"anchorPoint":{"pointX":0.5,"pointY":0.5}},"objectID":"0","layers":[{"animations":[],"initialState":{"affineTransform":[1,0,0,1,0,0],"masksToBounds":false,"rotation":0,"scale":1,"position":{"pointX":960,"pointY":540},"width":1920,"sublayerTransform":[1,0,0,0,0,1,0,0,0,0,1,-0.00035007912466775983,0,0,0,1],"contentsRect":{"y":0,"x":0,"width":1,"height":1},"opacity":1,"edgeAntialiasingMask":251658240,"height":1080,"hidden":false,"anchorPoint":{"pointX":0.5,"pointY":0.5}},"layers":[{"animations":[],"layers":[],"texturedRectangle":{"isBackgroundTexture":false,"singleTextureOpacity":1,"textureType":0,"textBaseline":0,"textXHeight":0,"isVerticalText":false},"initialState":{"affineTransform":[1,0,0,1,0,0],"masksToBounds":false,"rotation":0,"scale":1,"position":{"pointX":960,"pointY":540},"width":1920,"sublayerTransform":[1,0,0,0,0,1,0,0,0,0,1,0,0,0,0,1],"contentsRect":{"y":0,"x":0,"width":1,"height":1},"opacity":1,"edgeAntialiasingMask":0,"height":1080,"hidden":false,"anchorPoint":{"pointX":0.5,"pointY":0.5}},"texture":"59B24EB43F4EBC857024FFC3EF808523"},{"animations":[{"additive":false,"timeOffset":0,"beginTime":0,"from":{"scalar":false},"repeatCount":0,"fillMode":"both","duration":0.01,"autoreverses":false,"property":"hidden","to":{"scalar":true},"removedOnCompletion":false}],"layers":[],"texturedRectangle":{"isBackgroundTexture":false,"singleTextureOpacity":1,"textureType":0,"textBaseline":0,"textXHeight":0,"isVerticalText":false},"initialState":{"affineTransform":[1,0,0,1,0,0],"masksToBounds":false,"rotation":0,"scale":1,"position":{"pointX":960,"pointY":540},"width":1920,"sublayerTransform":[1,0,0,0,0,1,0,0,0,0,1,0,0,0,0,1],"contentsRect":{"y":0,"x":0,"width":1,"height":1},"opacity":1,"edgeAntialiasingMask":0,"height":1080,"hidden":false,"anchorPoint":{"pointX":0.5,"pointY":0.5}},"texture":"0C24737CD0FC434AECEBA49D275B73C2"}]}]},"effects":[],"duration":0.01,"type":"transition","attributes":{"direction":0},"name":"none","objectID":"0"}],"automaticPlay":false,"hyperlinks":[{"url":"https:\/\/arxiv.org\/abs\/1801.00841","targetRectangle":{"y":986.68023627996445,"x":1696.5762939453125,"width":207.5546875,"height":19}}],"accessibility":[{"text":"equation.pdf","targetRectangle":{"y":298.33863830566406,"x":186.50917053222656,"width":328.55392551838577,"height":37.416469035319381}},{"text":"Joint Network","targetRectangle":{"y":46.669271469116211,"x":669.23436594009399,"width":581.53125,"height":106.859375}},{"text":"Equations","targetRectangle":{"y":237.33863830566406,"x":138.50917196273804,"width":159.33599999999996,"height":49}},{"text":"￼","targetRectangle":{"y":286.33863830566406,"x":186.50917053222656,"width":328.55392551838577,"height":49.416469035319381}},{"text":"￼","targetRectangle":{"y":335.75510734098344,"x":186.50917053222656,"width":170.45087666023846,"height":49.416469035319381}},{"text":"￼","targetRectangle":{"y":385.17157637630282,"x":186.50917053222656,"width":256.95938380548222,"height":47.847854756863285}},{"text":"Output is a probability cube (3d tensor)","targetRectangle":{"y":478.01943113316611,"x":138.50917196273804,"width":631.94399999999973,"height":61}},{"text":"(Graphemes + blank) x (T frames) x (U outputs)","targetRectangle":{"y":539.01943113316611,"x":186.50917053222656,"width":495.72000000000003,"height":45}},{"text":"Beam search decoding to convert to a sequence","targetRectangle":{"y":584.01943113316611,"x":186.50917053222656,"width":518.80800000000011,"height":45}},{"text":"Output sequence can be longer than the input sequence based on the traversal method through the cube","targetRectangle":{"y":629.01943113316611,"x":186.50917053222656,"width":721.51199999999994,"height":78}},{"text":"An external language model can be used to augment the implicit language model","targetRectangle":{"y":752.01943113316611,"x":138.50917196273804,"width":715.5,"height":110}},{"text":"Needs to be trained on a large separate text for maximum effectiveness","targetRectangle":{"y":862.01943113316611,"x":186.50917053222656,"width":630.19200000000001,"height":78}},{"text":"Motivation          Speech+Audio          Pre Processing          Networks          Verification+Identification          Detection+Recognition          Conditional          STT          TTS       ","targetRectangle":{"y":1021.5224609375,"x":69.71484375,"width":1827.24609375,"height":27.21484375}},{"text":"equation.pdf","targetRectangle":{"y":397.17157637630282,"x":186.50917053222656,"width":256.95938380548222,"height":35.847854756863285}},{"text":"equation.pdf","targetRectangle":{"y":347.75510734098344,"x":186.50917053222656,"width":170.45087666023846,"height":37.416469035319381}},{"text":"Screen Shot 2021-10-18 at 5.28.49 PM.png","targetRectangle":{"y":251.14865112304688,"x":1175.5537109375,"width":592.21728515625,"height":643.44281005859375}},{"text":"Figure from https:\/\/arxiv.org\/abs\/1801.00841","targetRectangle":{"y":986.68023627996445,"x":1615.7012939453125,"width":288.4296875,"height":19}}],"baseLayer":{"animations":[],"initialState":{"affineTransform":[1,0,0,1,0,0],"masksToBounds":false,"rotation":0,"scale":1,"position":{"pointX":960,"pointY":540},"width":1920,"sublayerTransform":[1,0,0,0,0,1,0,0,0,0,1,0,0,0,0,1],"contentsRect":{"y":0,"x":0,"width":1,"height":1},"opacity":1,"edgeAntialiasingMask":251658240,"height":1080,"hidden":false,"anchorPoint":{"pointX":0.5,"pointY":0.5}},"objectID":"0","layers":[{"animations":[],"initialState":{"affineTransform":[1,0,0,1,0,0],"masksToBounds":false,"rotation":0,"scale":1,"position":{"pointX":960,"pointY":540},"width":1920,"sublayerTransform":[1,0,0,0,0,1,0,0,0,0,1,-0.00035007912466775983,0,0,0,1],"contentsRect":{"y":0,"x":0,"width":1,"height":1},"opacity":1,"edgeAntialiasingMask":251658240,"height":1080,"hidden":false,"anchorPoint":{"pointX":0.5,"pointY":0.5}},"layers":[{"animations":[],"layers":[],"texturedRectangle":{"isBackgroundTexture":false,"singleTextureOpacity":1,"textureType":0,"textBaseline":0,"textXHeight":0,"isVerticalText":false},"initialState":{"affineTransform":[1,0,0,1,0,0],"masksToBounds":false,"rotation":0,"scale":1,"position":{"pointX":960,"pointY":540},"width":1920,"sublayerTransform":[1,0,0,0,0,1,0,0,0,0,1,0,0,0,0,1],"contentsRect":{"y":0,"x":0,"width":1,"height":1},"opacity":1,"edgeAntialiasingMask":0,"height":1080,"hidden":false,"anchorPoint":{"pointX":0.5,"pointY":0.5}},"texture":"0C24737CD0FC434AECEBA49D275B73C2"}]}]}}]}