{"assets":{"4EF9ED0B3171C5542BC628A4BBCCAF72":{"type":"texture","index":1,"assetRequest":{"type":"slide","state":"contents","slide":"none"},"url":{"native":"assets\/5DD2A52D-ED26-4C05-BC1B-841AF60FBF99.pdf"},"width":1920,"height":1080},"AB37BF18993CC923CC1D24AEECCA5152":{"type":"texture","index":0,"assetRequest":{"type":"slide","state":"contents","slide":"none"},"url":{"native":"assets\/5DD2A52D-ED26-4C05-BC1B-841AF60FBF99.pdf"},"width":1920,"height":1080}},"events":[{"effects":[{"beginTime":0,"baseLayer":{"animations":[],"initialState":{"affineTransform":[1,0,0,1,0,0],"masksToBounds":false,"rotation":0,"scale":1,"position":{"pointX":960,"pointY":540},"width":1920,"sublayerTransform":[1,0,0,0,0,1,0,0,0,0,1,0,0,0,0,1],"contentsRect":{"y":0,"x":0,"width":1,"height":1},"opacity":1,"edgeAntialiasingMask":251658240,"height":1080,"hidden":false,"anchorPoint":{"pointX":0.5,"pointY":0.5}},"objectID":"0","layers":[{"animations":[],"initialState":{"affineTransform":[1,0,0,1,0,0],"masksToBounds":false,"rotation":0,"scale":1,"position":{"pointX":960,"pointY":540},"width":1920,"sublayerTransform":[1,0,0,0,0,1,0,0,0,0,1,-0.00035007912466775983,0,0,0,1],"contentsRect":{"y":0,"x":0,"width":1,"height":1},"opacity":1,"edgeAntialiasingMask":251658240,"height":1080,"hidden":false,"anchorPoint":{"pointX":0.5,"pointY":0.5}},"layers":[{"animations":[],"layers":[],"texturedRectangle":{"isBackgroundTexture":false,"singleTextureOpacity":1,"textureType":0,"textBaseline":0,"textXHeight":0,"isVerticalText":false},"initialState":{"affineTransform":[1,0,0,1,0,0],"masksToBounds":false,"rotation":0,"scale":1,"position":{"pointX":960,"pointY":540},"width":1920,"sublayerTransform":[1,0,0,0,0,1,0,0,0,0,1,0,0,0,0,1],"contentsRect":{"y":0,"x":0,"width":1,"height":1},"opacity":1,"edgeAntialiasingMask":0,"height":1080,"hidden":false,"anchorPoint":{"pointX":0.5,"pointY":0.5}},"texture":"4EF9ED0B3171C5542BC628A4BBCCAF72"},{"animations":[{"additive":false,"timeOffset":0,"beginTime":0,"from":{"scalar":false},"repeatCount":0,"fillMode":"both","duration":0.01,"autoreverses":false,"property":"hidden","to":{"scalar":true},"removedOnCompletion":false}],"layers":[],"texturedRectangle":{"isBackgroundTexture":false,"singleTextureOpacity":1,"textureType":0,"textBaseline":0,"textXHeight":0,"isVerticalText":false},"initialState":{"affineTransform":[1,0,0,1,0,0],"masksToBounds":false,"rotation":0,"scale":1,"position":{"pointX":960,"pointY":540},"width":1920,"sublayerTransform":[1,0,0,0,0,1,0,0,0,0,1,0,0,0,0,1],"contentsRect":{"y":0,"x":0,"width":1,"height":1},"opacity":1,"edgeAntialiasingMask":0,"height":1080,"hidden":false,"anchorPoint":{"pointX":0.5,"pointY":0.5}},"texture":"AB37BF18993CC923CC1D24AEECCA5152"}]}]},"effects":[],"duration":0.01,"type":"transition","attributes":{"direction":0},"name":"none","objectID":"0"}],"automaticPlay":false,"hyperlinks":[],"accessibility":[{"text":"The Markov assumption:","targetRectangle":{"y":132.66667175292969,"x":85.833276589710295,"width":534.10000000000002,"height":61}},{"text":"n-gram models are language models that use the Markov assumption with a specific selection of ￼.","targetRectangle":{"y":254.66667175292969,"x":49.833276589710295,"width":1703.6000000000001,"height":123.34930179985327}},{"text":"This should look familiar to Lecture-03 (Word2Vec)! Skip-gram modeling generalizes n-grams by not considering the sequence order of the context words.","targetRectangle":{"y":805.01597355278295,"x":49.833276589710295,"width":1777.8000000000004,"height":122}},{"text":"equation.pdf","targetRectangle":{"y":151.500244140625,"x":676.86822509765625,"width":655.22795999999994,"height":37.312560171661374}},{"text":"equation.pdf","targetRectangle":{"y":598.72041829427098,"x":92.838884512583377,"width":1435.8143192063626,"height":34.23599999999999}},{"text":"￼","targetRectangle":{"y":1038.7800302505493,"x":1894.6409822661517,"width":12.781999999999925,"height":26}},{"text":"equation.pdf","targetRectangle":{"y":445.38704427083326,"x":92.838823477427127,"width":1312.1605102891649,"height":34.23599999999999}},{"text":"equation.pdf","targetRectangle":{"y":675.38710530598973,"x":92.838945547739627,"width":1507.5503192063625,"height":33.26400000000001}},{"text":"equation.pdf","targetRectangle":{"y":321.59062555891887,"x":495.18327658971026,"width":28.212616822429879,"height":56.425347993864079}},{"text":"n-gram models","targetRectangle":{"y":4,"x":40,"width":473.89999999999998,"height":84}},{"text":"equation.pdf","targetRectangle":{"y":522.05373128255258,"x":92.838853995005252,"width":1366.8365102891648,"height":34.23599999999999}}],"baseLayer":{"animations":[],"initialState":{"affineTransform":[1,0,0,1,0,0],"masksToBounds":false,"rotation":0,"scale":1,"position":{"pointX":960,"pointY":540},"width":1920,"sublayerTransform":[1,0,0,0,0,1,0,0,0,0,1,0,0,0,0,1],"contentsRect":{"y":0,"x":0,"width":1,"height":1},"opacity":1,"edgeAntialiasingMask":251658240,"height":1080,"hidden":false,"anchorPoint":{"pointX":0.5,"pointY":0.5}},"objectID":"0","layers":[{"animations":[],"initialState":{"affineTransform":[1,0,0,1,0,0],"masksToBounds":false,"rotation":0,"scale":1,"position":{"pointX":960,"pointY":540},"width":1920,"sublayerTransform":[1,0,0,0,0,1,0,0,0,0,1,-0.00035007912466775983,0,0,0,1],"contentsRect":{"y":0,"x":0,"width":1,"height":1},"opacity":1,"edgeAntialiasingMask":251658240,"height":1080,"hidden":false,"anchorPoint":{"pointX":0.5,"pointY":0.5}},"layers":[{"animations":[],"layers":[],"texturedRectangle":{"isBackgroundTexture":false,"singleTextureOpacity":1,"textureType":0,"textBaseline":0,"textXHeight":0,"isVerticalText":false},"initialState":{"affineTransform":[1,0,0,1,0,0],"masksToBounds":false,"rotation":0,"scale":1,"position":{"pointX":960,"pointY":540},"width":1920,"sublayerTransform":[1,0,0,0,0,1,0,0,0,0,1,0,0,0,0,1],"contentsRect":{"y":0,"x":0,"width":1,"height":1},"opacity":1,"edgeAntialiasingMask":0,"height":1080,"hidden":false,"anchorPoint":{"pointX":0.5,"pointY":0.5}},"texture":"AB37BF18993CC923CC1D24AEECCA5152"}]}]}}]}