{"assets":{"980130BE55A210754C599A1AC53BC012":{"type":"texture","index":0,"assetRequest":{"type":"slide","state":"contents","slide":"none"},"url":{"native":"assets\/C831F938-10A9-473D-AE6C-DFC8862435B4.pdf"},"width":1920,"height":1080},"29A45490CE22C92CED7CB7109F42A0F5":{"type":"texture","index":1,"assetRequest":{"type":"slide","state":"contents","slide":"none"},"url":{"native":"assets\/C831F938-10A9-473D-AE6C-DFC8862435B4.pdf"},"width":1920,"height":1080}},"events":[{"effects":[{"beginTime":0,"baseLayer":{"animations":[],"initialState":{"affineTransform":[1,0,0,1,0,0],"masksToBounds":false,"rotation":0,"scale":1,"position":{"pointX":960,"pointY":540},"width":1920,"sublayerTransform":[1,0,0,0,0,1,0,0,0,0,1,0,0,0,0,1],"contentsRect":{"y":0,"x":0,"width":1,"height":1},"opacity":1,"edgeAntialiasingMask":251658240,"height":1080,"hidden":false,"anchorPoint":{"pointX":0.5,"pointY":0.5}},"objectID":"0","layers":[{"animations":[],"initialState":{"affineTransform":[1,0,0,1,0,0],"masksToBounds":false,"rotation":0,"scale":1,"position":{"pointX":960,"pointY":540},"width":1920,"sublayerTransform":[1,0,0,0,0,1,0,0,0,0,1,-0.00035007912466775983,0,0,0,1],"contentsRect":{"y":0,"x":0,"width":1,"height":1},"opacity":1,"edgeAntialiasingMask":251658240,"height":1080,"hidden":false,"anchorPoint":{"pointX":0.5,"pointY":0.5}},"layers":[{"animations":[],"layers":[],"texturedRectangle":{"isBackgroundTexture":false,"singleTextureOpacity":1,"textureType":0,"textBaseline":0,"textXHeight":0,"isVerticalText":false},"initialState":{"affineTransform":[1,0,0,1,0,0],"masksToBounds":false,"rotation":0,"scale":1,"position":{"pointX":960,"pointY":540},"width":1920,"sublayerTransform":[1,0,0,0,0,1,0,0,0,0,1,0,0,0,0,1],"contentsRect":{"y":0,"x":0,"width":1,"height":1},"opacity":1,"edgeAntialiasingMask":0,"height":1080,"hidden":false,"anchorPoint":{"pointX":0.5,"pointY":0.5}},"texture":"29A45490CE22C92CED7CB7109F42A0F5"},{"animations":[{"additive":false,"timeOffset":0,"beginTime":0,"from":{"scalar":false},"repeatCount":0,"fillMode":"both","duration":0.01,"autoreverses":false,"property":"hidden","to":{"scalar":true},"removedOnCompletion":false}],"layers":[],"texturedRectangle":{"isBackgroundTexture":false,"singleTextureOpacity":1,"textureType":0,"textBaseline":0,"textXHeight":0,"isVerticalText":false},"initialState":{"affineTransform":[1,0,0,1,0,0],"masksToBounds":false,"rotation":0,"scale":1,"position":{"pointX":960,"pointY":540},"width":1920,"sublayerTransform":[1,0,0,0,0,1,0,0,0,0,1,0,0,0,0,1],"contentsRect":{"y":0,"x":0,"width":1,"height":1},"opacity":1,"edgeAntialiasingMask":0,"height":1080,"hidden":false,"anchorPoint":{"pointX":0.5,"pointY":0.5}},"texture":"980130BE55A210754C599A1AC53BC012"}]}]},"effects":[],"duration":0.01,"type":"transition","attributes":{"direction":0},"name":"none","objectID":"0"}],"automaticPlay":false,"hyperlinks":[],"accessibility":[{"text":"References","targetRectangle":{"y":50.669271469116211,"x":734.99413156509399,"width":450.01171875,"height":99.12109375}},{"text":"Speaker identification \\u2028• https:\/\/paperswithcode.com\/task\/speaker-identification \\u2028","targetRectangle":{"y":200.51803588867188,"x":98.419549705275358,"width":374.83318900718689,"height":38}},{"text":"Deep speaker: an end-to-end neural speaker embedding system \\u2028• https:\/\/arxiv.org\/abs\/1705.02304 \\u2028","targetRectangle":{"y":271.78903573298453,"x":98.419549705275358,"width":422.62934925743093,"height":38}},{"text":"Generalized end-to-end loss for speaker verification \\u2028• https:\/\/arxiv.org\/abs\/1710.10467 \\u2028","targetRectangle":{"y":343.06003557729719,"x":98.419549705275358,"width":340.47255227226253,"height":38}},{"text":"Transfer learning from speaker verification to multispeaker text-to-speech synthesis \\u2028• https:\/\/arxiv.org\/abs\/1806.04558 \\u2028","targetRectangle":{"y":414.33103542160984,"x":98.419549705275358,"width":537.86040306648249,"height":38}},{"text":"Speaker recognition from raw waveform with sincnet \\u2028• https:\/\/arxiv.org\/abs\/1808.00158 \\u2028","targetRectangle":{"y":485.6020352659225,"x":98.419549705275358,"width":344.70331286857601,"height":38}},{"text":"RawNet: advanced end-to-end deep neural network using raw waveforms for text-independent speaker verification \\u2028• https:\/\/arxiv.org\/abs\/1904.08104 \\u2028","targetRectangle":{"y":556.87303511023515,"x":98.419549705275358,"width":743.60972328247146,"height":38}},{"text":"Speech-VGG: a deep feature extractor for speech processing \\u2028• https:\/\/arxiv.org\/abs\/1910.09909 \\u2028","targetRectangle":{"y":628.14403495454781,"x":98.419549705275358,"width":399.8318386117553,"height":38}},{"text":"AM-MobileNet1D: a portable model for speaker recognition \\u2028• https:\/\/arxiv.org\/abs\/2004.00132 \\u2028","targetRectangle":{"y":699.41503479886046,"x":98.419549705275358,"width":395.30092270286553,"height":38}},{"text":"Improved RawNet with feature map scaling for text-independent speaker verification using raw waveforms \\u2028• https:\/\/arxiv.org\/abs\/2004.00526 \\u2028","targetRectangle":{"y":770.68603464317312,"x":98.419549705275358,"width":686.45157590187091,"height":38}},{"text":"Meta-learning for short utterance speaker recognition with imbalance length pairs \\u2028• https:\/\/arxiv.org\/abs\/2004.02863 \\u2028","targetRectangle":{"y":841.95703448748577,"x":98.419549705275358,"width":531.24269307968154,"height":38}},{"text":"AutoSpeech: neural architecture search for speaker recognition \\u2028• https:\/\/arxiv.org\/abs\/2005.03215 ","targetRectangle":{"y":913.22803433179843,"x":98.419549705275358,"width":411.99527532615667,"height":38}},{"text":"Motivation          Speech+Audio          Pre Processing          Networks          Verification+Identification          Detection+Recognition          Conditional          STT          TTS       ","targetRectangle":{"y":1021.5224609375,"x":69.71484375,"width":1827.24609375,"height":27.21484375}}],"baseLayer":{"animations":[],"initialState":{"affineTransform":[1,0,0,1,0,0],"masksToBounds":false,"rotation":0,"scale":1,"position":{"pointX":960,"pointY":540},"width":1920,"sublayerTransform":[1,0,0,0,0,1,0,0,0,0,1,0,0,0,0,1],"contentsRect":{"y":0,"x":0,"width":1,"height":1},"opacity":1,"edgeAntialiasingMask":251658240,"height":1080,"hidden":false,"anchorPoint":{"pointX":0.5,"pointY":0.5}},"objectID":"0","layers":[{"animations":[],"initialState":{"affineTransform":[1,0,0,1,0,0],"masksToBounds":false,"rotation":0,"scale":1,"position":{"pointX":960,"pointY":540},"width":1920,"sublayerTransform":[1,0,0,0,0,1,0,0,0,0,1,-0.00035007912466775983,0,0,0,1],"contentsRect":{"y":0,"x":0,"width":1,"height":1},"opacity":1,"edgeAntialiasingMask":251658240,"height":1080,"hidden":false,"anchorPoint":{"pointX":0.5,"pointY":0.5}},"layers":[{"animations":[],"layers":[],"texturedRectangle":{"isBackgroundTexture":false,"singleTextureOpacity":1,"textureType":0,"textBaseline":0,"textXHeight":0,"isVerticalText":false},"initialState":{"affineTransform":[1,0,0,1,0,0],"masksToBounds":false,"rotation":0,"scale":1,"position":{"pointX":960,"pointY":540},"width":1920,"sublayerTransform":[1,0,0,0,0,1,0,0,0,0,1,0,0,0,0,1],"contentsRect":{"y":0,"x":0,"width":1,"height":1},"opacity":1,"edgeAntialiasingMask":0,"height":1080,"hidden":false,"anchorPoint":{"pointX":0.5,"pointY":0.5}},"texture":"980130BE55A210754C599A1AC53BC012"}]}]}}]}