{"assets":{"7FBDAD864AEF353C389B0ED8E08CAF7A":{"type":"texture","index":1,"assetRequest":{"type":"slide","state":"contents","slide":"none"},"url":{"native":"assets\/A3308BEE-72FB-4EED-BBAE-AF236A3CF489.pdf"},"width":1920,"height":1080},"6D13CB959F4314A4D33396267EF6B05D":{"type":"texture","index":0,"assetRequest":{"type":"slide","state":"contents","slide":"none"},"url":{"native":"assets\/A3308BEE-72FB-4EED-BBAE-AF236A3CF489.pdf"},"width":1920,"height":1080}},"events":[{"effects":[{"beginTime":0,"baseLayer":{"animations":[],"initialState":{"affineTransform":[1,0,0,1,0,0],"masksToBounds":false,"rotation":0,"scale":1,"position":{"pointX":960,"pointY":540},"width":1920,"sublayerTransform":[1,0,0,0,0,1,0,0,0,0,1,0,0,0,0,1],"contentsRect":{"y":0,"x":0,"width":1,"height":1},"opacity":1,"edgeAntialiasingMask":251658240,"height":1080,"hidden":false,"anchorPoint":{"pointX":0.5,"pointY":0.5}},"objectID":"0","layers":[{"animations":[],"initialState":{"affineTransform":[1,0,0,1,0,0],"masksToBounds":false,"rotation":0,"scale":1,"position":{"pointX":960,"pointY":540},"width":1920,"sublayerTransform":[1,0,0,0,0,1,0,0,0,0,1,-0.00035007912466775983,0,0,0,1],"contentsRect":{"y":0,"x":0,"width":1,"height":1},"opacity":1,"edgeAntialiasingMask":251658240,"height":1080,"hidden":false,"anchorPoint":{"pointX":0.5,"pointY":0.5}},"layers":[{"animations":[],"layers":[],"texturedRectangle":{"isBackgroundTexture":false,"singleTextureOpacity":1,"textureType":0,"textBaseline":0,"textXHeight":0,"isVerticalText":false},"initialState":{"affineTransform":[1,0,0,1,0,0],"masksToBounds":false,"rotation":0,"scale":1,"position":{"pointX":960,"pointY":540},"width":1920,"sublayerTransform":[1,0,0,0,0,1,0,0,0,0,1,0,0,0,0,1],"contentsRect":{"y":0,"x":0,"width":1,"height":1},"opacity":1,"edgeAntialiasingMask":0,"height":1080,"hidden":false,"anchorPoint":{"pointX":0.5,"pointY":0.5}},"texture":"7FBDAD864AEF353C389B0ED8E08CAF7A"},{"animations":[{"additive":false,"timeOffset":0,"beginTime":0,"from":{"scalar":false},"repeatCount":0,"fillMode":"both","duration":0.01,"autoreverses":false,"property":"hidden","to":{"scalar":true},"removedOnCompletion":false}],"layers":[],"texturedRectangle":{"isBackgroundTexture":false,"singleTextureOpacity":1,"textureType":0,"textBaseline":0,"textXHeight":0,"isVerticalText":false},"initialState":{"affineTransform":[1,0,0,1,0,0],"masksToBounds":false,"rotation":0,"scale":1,"position":{"pointX":960,"pointY":540},"width":1920,"sublayerTransform":[1,0,0,0,0,1,0,0,0,0,1,0,0,0,0,1],"contentsRect":{"y":0,"x":0,"width":1,"height":1},"opacity":1,"edgeAntialiasingMask":0,"height":1080,"hidden":false,"anchorPoint":{"pointX":0.5,"pointY":0.5}},"texture":"6D13CB959F4314A4D33396267EF6B05D"}]}]},"effects":[],"duration":0.01,"type":"transition","attributes":{"direction":0},"name":"none","objectID":"0"}],"automaticPlay":false,"hyperlinks":[{"url":"https:\/\/arxiv.org\/abs\/1801.00841","targetRectangle":{"y":986.68023627996445,"x":1696.5762939453125,"width":207.5546875,"height":19}}],"accessibility":[{"text":"Screen Shot 2021-10-18 at 7.50.05 PM.png","targetRectangle":{"y":280.06283569335938,"x":1073.8709716796875,"width":762,"height":684}},{"text":"DeepSpeech 1 (2014)","targetRectangle":{"y":237.33863830566406,"x":138.50917196273804,"width":346.93200000000007,"height":49}},{"text":"7,000 hours of labeled English speech + augmentation","targetRectangle":{"y":286.33863830566406,"x":186.50917053222656,"width":586.31999999999982,"height":45}},{"text":"A simple model is competitive with state of the art","targetRectangle":{"y":331.33863830566406,"x":186.50917053222656,"width":538.51200000000006,"height":45}},{"text":"Multilayer RNN encoder with a CTC loss function","targetRectangle":{"y":376.33863830566406,"x":186.50917053222656,"width":523.56000000000017,"height":45}},{"text":"DeepSpeech 2 (2015)","targetRectangle":{"y":482.33863830566406,"x":138.50917196273804,"width":346.93200000000007,"height":61}},{"text":"Generalized to multiple languages","targetRectangle":{"y":543.33863830566406,"x":186.50917053222656,"width":368.39999999999986,"height":45}},{"text":"11,000+ hours of labeled English and 9,000+ hours of labeled Mandarin + augmentation","targetRectangle":{"y":588.33863830566406,"x":186.50917053222656,"width":801.47999999999979,"height":78}},{"text":"10s of exaflops for training","targetRectangle":{"y":666.33863830566406,"x":186.50917053222656,"width":284.85599999999994,"height":45}},{"text":"Multilayer convolution + RNN encoder with a CTC loss function","targetRectangle":{"y":711.33863830566406,"x":186.50917053222656,"width":678.24000000000035,"height":45}},{"text":"DeepSpeech 3 (2017)","targetRectangle":{"y":817.33863830566406,"x":138.50917196273804,"width":346.93200000000007,"height":61}},{"text":"Switched from CTC to RNN transducer with an external pre trained language model used during training (see the blog post and ColdFusion paper)","targetRectangle":{"y":878.33863830566406,"x":186.50917053222656,"width":828.3599999999999,"height":78}},{"text":"Figure from https:\/\/arxiv.org\/abs\/1801.00841","targetRectangle":{"y":986.68023627996445,"x":1615.7012939453125,"width":288.4296875,"height":19}},{"text":"Motivation          Speech+Audio          Pre Processing          Networks          Verification+Identification          Detection+Recognition          Conditional          STT          TTS       ","targetRectangle":{"y":1021.5224609375,"x":69.71484375,"width":1827.24609375,"height":27.21484375}},{"text":"Example: Baidu’s DeepSpeech","targetRectangle":{"y":46.669271469116211,"x":299.13280344009399,"width":1321.734375,"height":106.859375}}],"baseLayer":{"animations":[],"initialState":{"affineTransform":[1,0,0,1,0,0],"masksToBounds":false,"rotation":0,"scale":1,"position":{"pointX":960,"pointY":540},"width":1920,"sublayerTransform":[1,0,0,0,0,1,0,0,0,0,1,0,0,0,0,1],"contentsRect":{"y":0,"x":0,"width":1,"height":1},"opacity":1,"edgeAntialiasingMask":251658240,"height":1080,"hidden":false,"anchorPoint":{"pointX":0.5,"pointY":0.5}},"objectID":"0","layers":[{"animations":[],"initialState":{"affineTransform":[1,0,0,1,0,0],"masksToBounds":false,"rotation":0,"scale":1,"position":{"pointX":960,"pointY":540},"width":1920,"sublayerTransform":[1,0,0,0,0,1,0,0,0,0,1,-0.00035007912466775983,0,0,0,1],"contentsRect":{"y":0,"x":0,"width":1,"height":1},"opacity":1,"edgeAntialiasingMask":251658240,"height":1080,"hidden":false,"anchorPoint":{"pointX":0.5,"pointY":0.5}},"layers":[{"animations":[],"layers":[],"texturedRectangle":{"isBackgroundTexture":false,"singleTextureOpacity":1,"textureType":0,"textBaseline":0,"textXHeight":0,"isVerticalText":false},"initialState":{"affineTransform":[1,0,0,1,0,0],"masksToBounds":false,"rotation":0,"scale":1,"position":{"pointX":960,"pointY":540},"width":1920,"sublayerTransform":[1,0,0,0,0,1,0,0,0,0,1,0,0,0,0,1],"contentsRect":{"y":0,"x":0,"width":1,"height":1},"opacity":1,"edgeAntialiasingMask":0,"height":1080,"hidden":false,"anchorPoint":{"pointX":0.5,"pointY":0.5}},"texture":"6D13CB959F4314A4D33396267EF6B05D"}]}]}}]}