{"assets":{"724BCFFFFACD522FEDD04AE642B31F5A":{"type":"texture","index":0,"assetRequest":{"type":"slide","state":"contents","slide":"none"},"url":{"native":"assets\/9F873B70-1224-47F6-B73D-7FFB4E1FA51D.pdf"},"width":1920,"height":1080},"E46995968F1CFCA7923B9CB6B0660080":{"type":"texture","index":1,"assetRequest":{"type":"slide","state":"contents","slide":"none"},"url":{"native":"assets\/9F873B70-1224-47F6-B73D-7FFB4E1FA51D.pdf"},"width":1920,"height":1080}},"events":[{"effects":[{"beginTime":0,"baseLayer":{"animations":[],"initialState":{"affineTransform":[1,0,0,1,0,0],"masksToBounds":false,"rotation":0,"scale":1,"position":{"pointX":960,"pointY":540},"width":1920,"sublayerTransform":[1,0,0,0,0,1,0,0,0,0,1,0,0,0,0,1],"contentsRect":{"y":0,"x":0,"width":1,"height":1},"opacity":1,"edgeAntialiasingMask":251658240,"height":1080,"hidden":false,"anchorPoint":{"pointX":0.5,"pointY":0.5}},"objectID":"0","layers":[{"animations":[],"initialState":{"affineTransform":[1,0,0,1,0,0],"masksToBounds":false,"rotation":0,"scale":1,"position":{"pointX":960,"pointY":540},"width":1920,"sublayerTransform":[1,0,0,0,0,1,0,0,0,0,1,-0.00035007912466775983,0,0,0,1],"contentsRect":{"y":0,"x":0,"width":1,"height":1},"opacity":1,"edgeAntialiasingMask":251658240,"height":1080,"hidden":false,"anchorPoint":{"pointX":0.5,"pointY":0.5}},"layers":[{"animations":[],"layers":[],"texturedRectangle":{"isBackgroundTexture":false,"singleTextureOpacity":1,"textureType":0,"textBaseline":0,"textXHeight":0,"isVerticalText":false},"initialState":{"affineTransform":[1,0,0,1,0,0],"masksToBounds":false,"rotation":0,"scale":1,"position":{"pointX":960,"pointY":540},"width":1920,"sublayerTransform":[1,0,0,0,0,1,0,0,0,0,1,0,0,0,0,1],"contentsRect":{"y":0,"x":0,"width":1,"height":1},"opacity":1,"edgeAntialiasingMask":0,"height":1080,"hidden":false,"anchorPoint":{"pointX":0.5,"pointY":0.5}},"texture":"E46995968F1CFCA7923B9CB6B0660080"},{"animations":[{"additive":false,"timeOffset":0,"beginTime":0,"from":{"scalar":false},"repeatCount":0,"fillMode":"both","duration":0.01,"autoreverses":false,"property":"hidden","to":{"scalar":true},"removedOnCompletion":false}],"layers":[],"texturedRectangle":{"isBackgroundTexture":false,"singleTextureOpacity":1,"textureType":0,"textBaseline":0,"textXHeight":0,"isVerticalText":false},"initialState":{"affineTransform":[1,0,0,1,0,0],"masksToBounds":false,"rotation":0,"scale":1,"position":{"pointX":960,"pointY":540},"width":1920,"sublayerTransform":[1,0,0,0,0,1,0,0,0,0,1,0,0,0,0,1],"contentsRect":{"y":0,"x":0,"width":1,"height":1},"opacity":1,"edgeAntialiasingMask":0,"height":1080,"hidden":false,"anchorPoint":{"pointX":0.5,"pointY":0.5}},"texture":"724BCFFFFACD522FEDD04AE642B31F5A"}]}]},"effects":[],"duration":0.01,"type":"transition","attributes":{"direction":0},"name":"none","objectID":"0"}],"automaticPlay":false,"hyperlinks":[],"accessibility":[{"text":"in, under, towards, before","targetRectangle":{"y":758.77520769834518,"x":379.74609375,"width":457.15438262745738,"height":35}},{"text":"Contraction expansion","targetRectangle":{"y":134.00001525878906,"x":85.83333432674408,"width":491.35000000000014,"height":61}},{"text":"Punctuation & whitespace stripping","targetRectangle":{"y":378.00001525878906,"x":85.83333432674408,"width":770.85000000000002,"height":61}},{"text":"Capitalization","targetRectangle":{"y":500.00001525878906,"x":85.83333432674408,"width":295.69999999999999,"height":61}},{"text":"Stop word removal (applies to phrases, too)","targetRectangle":{"y":622.00001525878906,"x":85.83333432674408,"width":947.10000000000014,"height":61}},{"text":"These normalizations are often performed using regular expressions","targetRectangle":{"y":805.00001525878906,"x":85.83333432674408,"width":1491.8500000000001,"height":61}},{"text":"￼","targetRectangle":{"y":1038.7800302505493,"x":1894.8939825318812,"width":12.276000000000067,"height":26}},{"text":"aren’t  -> are not","targetRectangle":{"y":225.05000257492065,"x":190.09233093261719,"width":316.4914956651628,"height":42.199999809265137}},{"text":"isn’t   -> is not","targetRectangle":{"y":267.25000238418579,"x":190.09233093261719,"width":298.90863479487598,"height":42.199999809265137}},{"text":"they’ll -> they will  ","targetRectangle":{"y":309.45000219345093,"x":190.09233093261719,"width":386.82293914631009,"height":35}},{"text":"Determiners:","targetRectangle":{"y":692.25318121910095,"x":219.54278583908084,"width":144.88800000000001,"height":30.759999513626099}},{"text":"Conjunctions:","targetRectangle":{"y":723.25318121910095,"x":207.63878583908081,"width":156.79200000000003,"height":30.759999513626099}},{"text":"Prepositions:","targetRectangle":{"y":754.25318121910095,"x":218.99078583908084,"width":145.44,"height":30.759999513626099}},{"text":"… had, for various reasons, went broke.  … -> had for various reasons went broke …","targetRectangle":{"y":456.50000017881393,"x":194.39244079589844,"width":1441.7945913635194,"height":35}},{"text":"the, a, an, another","targetRectangle":{"y":727.46160906553268,"x":379.74609375,"width":334.07435653544962,"height":35}},{"text":"Text normalization","targetRectangle":{"y":4,"x":40,"width":579.66999999999985,"height":84}},{"text":"Sara is gregarious -> sara is gregarious ","targetRectangle":{"y":580.43591326475143,"x":196.72084045410156,"width":720.89729568175972,"height":35}},{"text":"For, an, nor, but","targetRectangle":{"y":695.49121111631393,"x":379.74609375,"width":298.90863479487598,"height":35}}],"baseLayer":{"animations":[],"initialState":{"affineTransform":[1,0,0,1,0,0],"masksToBounds":false,"rotation":0,"scale":1,"position":{"pointX":960,"pointY":540},"width":1920,"sublayerTransform":[1,0,0,0,0,1,0,0,0,0,1,0,0,0,0,1],"contentsRect":{"y":0,"x":0,"width":1,"height":1},"opacity":1,"edgeAntialiasingMask":251658240,"height":1080,"hidden":false,"anchorPoint":{"pointX":0.5,"pointY":0.5}},"objectID":"0","layers":[{"animations":[],"initialState":{"affineTransform":[1,0,0,1,0,0],"masksToBounds":false,"rotation":0,"scale":1,"position":{"pointX":960,"pointY":540},"width":1920,"sublayerTransform":[1,0,0,0,0,1,0,0,0,0,1,-0.00035007912466775983,0,0,0,1],"contentsRect":{"y":0,"x":0,"width":1,"height":1},"opacity":1,"edgeAntialiasingMask":251658240,"height":1080,"hidden":false,"anchorPoint":{"pointX":0.5,"pointY":0.5}},"layers":[{"animations":[],"layers":[],"texturedRectangle":{"isBackgroundTexture":false,"singleTextureOpacity":1,"textureType":0,"textBaseline":0,"textXHeight":0,"isVerticalText":false},"initialState":{"affineTransform":[1,0,0,1,0,0],"masksToBounds":false,"rotation":0,"scale":1,"position":{"pointX":960,"pointY":540},"width":1920,"sublayerTransform":[1,0,0,0,0,1,0,0,0,0,1,0,0,0,0,1],"contentsRect":{"y":0,"x":0,"width":1,"height":1},"opacity":1,"edgeAntialiasingMask":0,"height":1080,"hidden":false,"anchorPoint":{"pointX":0.5,"pointY":0.5}},"texture":"724BCFFFFACD522FEDD04AE642B31F5A"}]}]}}]}