{"assets":{"92CDC7E4404F166940BDD53229F77B75":{"type":"texture","index":0,"assetRequest":{"type":"slide","state":"contents","slide":"none"},"url":{"native":"assets\/CEE24C95-23FC-4D65-95AB-544245E7778E.pdf"},"width":1920,"height":1080},"72E67BA82D8E6BD4F281E24B460842D2":{"type":"texture","index":1,"assetRequest":{"type":"slide","state":"contents","slide":"none"},"url":{"native":"assets\/CEE24C95-23FC-4D65-95AB-544245E7778E.pdf"},"width":1920,"height":1080}},"events":[{"effects":[{"beginTime":0,"baseLayer":{"animations":[],"initialState":{"affineTransform":[1,0,0,1,0,0],"masksToBounds":false,"rotation":0,"scale":1,"position":{"pointX":960,"pointY":540},"width":1920,"sublayerTransform":[1,0,0,0,0,1,0,0,0,0,1,0,0,0,0,1],"contentsRect":{"y":0,"x":0,"width":1,"height":1},"opacity":1,"edgeAntialiasingMask":251658240,"height":1080,"hidden":false,"anchorPoint":{"pointX":0.5,"pointY":0.5}},"objectID":"0","layers":[{"animations":[],"initialState":{"affineTransform":[1,0,0,1,0,0],"masksToBounds":false,"rotation":0,"scale":1,"position":{"pointX":960,"pointY":540},"width":1920,"sublayerTransform":[1,0,0,0,0,1,0,0,0,0,1,-0.00035007912466775983,0,0,0,1],"contentsRect":{"y":0,"x":0,"width":1,"height":1},"opacity":1,"edgeAntialiasingMask":251658240,"height":1080,"hidden":false,"anchorPoint":{"pointX":0.5,"pointY":0.5}},"layers":[{"animations":[],"layers":[],"texturedRectangle":{"isBackgroundTexture":false,"singleTextureOpacity":1,"textureType":0,"textBaseline":0,"textXHeight":0,"isVerticalText":false},"initialState":{"affineTransform":[1,0,0,1,0,0],"masksToBounds":false,"rotation":0,"scale":1,"position":{"pointX":960,"pointY":540},"width":1920,"sublayerTransform":[1,0,0,0,0,1,0,0,0,0,1,0,0,0,0,1],"contentsRect":{"y":0,"x":0,"width":1,"height":1},"opacity":1,"edgeAntialiasingMask":0,"height":1080,"hidden":false,"anchorPoint":{"pointX":0.5,"pointY":0.5}},"texture":"72E67BA82D8E6BD4F281E24B460842D2"},{"animations":[{"additive":false,"timeOffset":0,"beginTime":0,"from":{"scalar":false},"repeatCount":0,"fillMode":"both","duration":0.01,"autoreverses":false,"property":"hidden","to":{"scalar":true},"removedOnCompletion":false}],"layers":[],"texturedRectangle":{"isBackgroundTexture":false,"singleTextureOpacity":1,"textureType":0,"textBaseline":0,"textXHeight":0,"isVerticalText":false},"initialState":{"affineTransform":[1,0,0,1,0,0],"masksToBounds":false,"rotation":0,"scale":1,"position":{"pointX":960,"pointY":540},"width":1920,"sublayerTransform":[1,0,0,0,0,1,0,0,0,0,1,0,0,0,0,1],"contentsRect":{"y":0,"x":0,"width":1,"height":1},"opacity":1,"edgeAntialiasingMask":0,"height":1080,"hidden":false,"anchorPoint":{"pointX":0.5,"pointY":0.5}},"texture":"92CDC7E4404F166940BDD53229F77B75"}]}]},"effects":[],"duration":0.01,"type":"transition","attributes":{"direction":0},"name":"none","objectID":"0"}],"automaticPlay":false,"hyperlinks":[{"url":"mailto:TarekLahlou@gmail.com","targetRectangle":{"y":200.51803588867188,"x":581.90400034332265,"width":387.53999999999962,"height":49}}],"accessibility":[{"text":"You can reach me directly at TarekLahlou@gmail.com ","targetRectangle":{"y":200.51803588867188,"x":121.14000034332275,"width":858.31199999999956,"height":49}},{"text":"Current","targetRectangle":{"y":298.51803588867188,"x":121.14000034332275,"width":120.59999999999999,"height":49}},{"text":"Distinguished Data Scientist, Walmart Global Tech","targetRectangle":{"y":347.51803588867188,"x":183,"width":803.84399999999982,"height":49}},{"text":"Adjunct Faculty, George Mason University","targetRectangle":{"y":396.51803588867188,"x":183,"width":671.47199999999987,"height":49}},{"text":"Previous","targetRectangle":{"y":494.51803588867188,"x":135,"width":134.67599999999999,"height":49}},{"text":"Conversational AI and Servicing ML at Capital One","targetRectangle":{"y":543.51803588867188,"x":183,"width":814.93199999999979,"height":49}},{"text":"Deep Learning Applied Research at Texas Instruments","targetRectangle":{"y":592.51803588867188,"x":183,"width":866.23199999999974,"height":49}},{"text":"Signal Processing Engineering at Bose Corp","targetRectangle":{"y":641.51803588867188,"x":183,"width":705.34799999999996,"height":49}},{"text":"Adjunct Faculty, University of Texas","targetRectangle":{"y":690.51803588867188,"x":183,"width":561.41999999999996,"height":49}},{"text":"Research Fellow, MIT","targetRectangle":{"y":739.51803588867188,"x":183,"width":338.97599999999989,"height":49}},{"text":"Informal","targetRectangle":{"y":837.51803588867188,"x":135,"width":132.12,"height":49}},{"text":"Highly interested in cooking with fire (I’m very early on this journey)","targetRectangle":{"y":886.51803588867188,"x":183,"width":1076.7599999999998,"height":49}},{"text":"Highly interested in applications of deep learning to stock trading and automating my daily chores","targetRectangle":{"y":935.51803588867188,"x":183,"width":1577.8080000000009,"height":49}},{"text":"Working on an autonomous (riding size) lawnmower","targetRectangle":{"y":984.51803588867188,"x":231,"width":830.08799999999974,"height":49}},{"text":"Introduction","targetRectangle":{"y":46.669271469116211,"x":709.17186594009399,"width":501.65625,"height":106.859375}}],"baseLayer":{"animations":[],"initialState":{"affineTransform":[1,0,0,1,0,0],"masksToBounds":false,"rotation":0,"scale":1,"position":{"pointX":960,"pointY":540},"width":1920,"sublayerTransform":[1,0,0,0,0,1,0,0,0,0,1,0,0,0,0,1],"contentsRect":{"y":0,"x":0,"width":1,"height":1},"opacity":1,"edgeAntialiasingMask":251658240,"height":1080,"hidden":false,"anchorPoint":{"pointX":0.5,"pointY":0.5}},"objectID":"0","layers":[{"animations":[],"initialState":{"affineTransform":[1,0,0,1,0,0],"masksToBounds":false,"rotation":0,"scale":1,"position":{"pointX":960,"pointY":540},"width":1920,"sublayerTransform":[1,0,0,0,0,1,0,0,0,0,1,-0.00035007912466775983,0,0,0,1],"contentsRect":{"y":0,"x":0,"width":1,"height":1},"opacity":1,"edgeAntialiasingMask":251658240,"height":1080,"hidden":false,"anchorPoint":{"pointX":0.5,"pointY":0.5}},"layers":[{"animations":[],"layers":[],"texturedRectangle":{"isBackgroundTexture":false,"singleTextureOpacity":1,"textureType":0,"textBaseline":0,"textXHeight":0,"isVerticalText":false},"initialState":{"affineTransform":[1,0,0,1,0,0],"masksToBounds":false,"rotation":0,"scale":1,"position":{"pointX":960,"pointY":540},"width":1920,"sublayerTransform":[1,0,0,0,0,1,0,0,0,0,1,0,0,0,0,1],"contentsRect":{"y":0,"x":0,"width":1,"height":1},"opacity":1,"edgeAntialiasingMask":0,"height":1080,"hidden":false,"anchorPoint":{"pointX":0.5,"pointY":0.5}},"texture":"92CDC7E4404F166940BDD53229F77B75"}]}]}}]}