{"assets":{"00839AA177838AC7753829FA615FEFA9":{"type":"texture","index":0,"assetRequest":{"type":"slide","state":"contents","slide":"none"},"url":{"native":"assets\/932D6A0D-AF9B-4C17-A6C6-A567CC2F4380.pdf"},"width":1920,"height":1080},"609606F14E2270D6C674CE9A59E0C023":{"type":"texture","index":1,"assetRequest":{"type":"slide","state":"contents","slide":"none"},"url":{"native":"assets\/932D6A0D-AF9B-4C17-A6C6-A567CC2F4380.pdf"},"width":1920,"height":1080}},"events":[{"effects":[{"beginTime":0,"baseLayer":{"animations":[],"initialState":{"affineTransform":[1,0,0,1,0,0],"masksToBounds":false,"rotation":0,"scale":1,"position":{"pointX":960,"pointY":540},"width":1920,"sublayerTransform":[1,0,0,0,0,1,0,0,0,0,1,0,0,0,0,1],"contentsRect":{"y":0,"x":0,"width":1,"height":1},"opacity":1,"edgeAntialiasingMask":251658240,"height":1080,"hidden":false,"anchorPoint":{"pointX":0.5,"pointY":0.5}},"objectID":"0","layers":[{"animations":[],"initialState":{"affineTransform":[1,0,0,1,0,0],"masksToBounds":false,"rotation":0,"scale":1,"position":{"pointX":960,"pointY":540},"width":1920,"sublayerTransform":[1,0,0,0,0,1,0,0,0,0,1,-0.00035007912466775983,0,0,0,1],"contentsRect":{"y":0,"x":0,"width":1,"height":1},"opacity":1,"edgeAntialiasingMask":251658240,"height":1080,"hidden":false,"anchorPoint":{"pointX":0.5,"pointY":0.5}},"layers":[{"animations":[],"layers":[],"texturedRectangle":{"isBackgroundTexture":false,"singleTextureOpacity":1,"textureType":0,"textBaseline":0,"textXHeight":0,"isVerticalText":false},"initialState":{"affineTransform":[1,0,0,1,0,0],"masksToBounds":false,"rotation":0,"scale":1,"position":{"pointX":960,"pointY":540},"width":1920,"sublayerTransform":[1,0,0,0,0,1,0,0,0,0,1,0,0,0,0,1],"contentsRect":{"y":0,"x":0,"width":1,"height":1},"opacity":1,"edgeAntialiasingMask":0,"height":1080,"hidden":false,"anchorPoint":{"pointX":0.5,"pointY":0.5}},"texture":"609606F14E2270D6C674CE9A59E0C023"},{"animations":[{"additive":false,"timeOffset":0,"beginTime":0,"from":{"scalar":false},"repeatCount":0,"fillMode":"both","duration":0.01,"autoreverses":false,"property":"hidden","to":{"scalar":true},"removedOnCompletion":false}],"layers":[],"texturedRectangle":{"isBackgroundTexture":false,"singleTextureOpacity":1,"textureType":0,"textBaseline":0,"textXHeight":0,"isVerticalText":false},"initialState":{"affineTransform":[1,0,0,1,0,0],"masksToBounds":false,"rotation":0,"scale":1,"position":{"pointX":960,"pointY":540},"width":1920,"sublayerTransform":[1,0,0,0,0,1,0,0,0,0,1,0,0,0,0,1],"contentsRect":{"y":0,"x":0,"width":1,"height":1},"opacity":1,"edgeAntialiasingMask":0,"height":1080,"hidden":false,"anchorPoint":{"pointX":0.5,"pointY":0.5}},"texture":"00839AA177838AC7753829FA615FEFA9"}]}]},"effects":[],"duration":0.01,"type":"transition","attributes":{"direction":0},"name":"none","objectID":"0"}],"automaticPlay":false,"hyperlinks":[{"url":"https:\/\/towardsdatascience.com\/the-fall-of-rnn-lstm-2d1594c74ce0","targetRectangle":{"y":722.07249450683594,"x":701.89877764892594,"width":715.92000000000053,"height":45}},{"url":"https:\/\/bair.berkeley.edu\/blog\/2018\/08\/06\/recurrent\/","targetRectangle":{"y":767.07249450683594,"x":800.03477764892591,"width":566.59200000000146,"height":45}}],"accessibility":[{"text":"Should You Use A CNN, RNN Or Transformer?","targetRectangle":{"y":51.669271469116211,"x":68.568838596343994,"width":1782.8623046875,"height":96.1865234375}},{"text":"For the problem of interest","targetRectangle":{"y":219.07249450683594,"x":94.626779079437256,"width":432.53999999999996,"height":49}},{"text":"Which is better for mapping from weak features to strong features with respect to metrics like accuracy?","targetRectangle":{"y":268.07249450683594,"x":142.62677764892578,"width":1107.8160000000003,"height":45}},{"text":"Which is better for mapping from weak features to strong features with respect to efficiency of implementation?","targetRectangle":{"y":313.07249450683594,"x":142.62677764892578,"width":1191.8160000000007,"height":45}},{"text":"What matters?","targetRectangle":{"y":358.07249450683594,"x":142.62677764892578,"width":155.04000000000002,"height":45}},{"text":"The historical split was CNNs for vision and RNN \/ variants for speech and language","targetRectangle":{"y":493.07249450683594,"x":94.626779079437256,"width":1345.3560000000009,"height":61}},{"text":"But there are blurring lines and CNNs are finding more uses in problems with sequential data","targetRectangle":{"y":554.07249450683594,"x":142.62677764892578,"width":995.01600000000053,"height":45}},{"text":"An argument can be made that RNNs \/ LSTMs are not the most efficient structures for propagating longer range information and are also inefficient to implement as they are memory bound","targetRectangle":{"y":599.07249450683594,"x":142.62677764892578,"width":1612.3679999999999,"height":78}},{"text":"Transformer models are also starting to see more applications in speech and time-series","targetRectangle":{"y":677.07249450683594,"x":142.62677764892578,"width":938.11200000000053,"height":45}},{"text":"For more commentary, see: The fall of RNN \/ LSTM (https:\/\/towardsdatascience.com\/the-fall-of-rnn-lstm-2d1594c74ce0)","targetRectangle":{"y":722.07249450683594,"x":142.62677764892578,"width":1281.4320000000007,"height":45}},{"text":"Also see: When recurrent models don’t need to be recurrent (https:\/\/bair.berkeley.edu\/blog\/2018\/08\/06\/recurrent\/)","targetRectangle":{"y":767.07249450683594,"x":142.62677764892578,"width":1230.2400000000016,"height":45}},{"text":"It will be interesting to see how this evolves","targetRectangle":{"y":857.07249450683594,"x":94.626779079437256,"width":697.35599999999977,"height":61}},{"text":"Motivation          Speech+Audio          Pre Processing          Networks          Verification+Identification          Detection+Recognition          Conditional          STT          TTS       ","targetRectangle":{"y":1021.5224609375,"x":69.71484375,"width":1827.24609375,"height":27.21484375}}],"baseLayer":{"animations":[],"initialState":{"affineTransform":[1,0,0,1,0,0],"masksToBounds":false,"rotation":0,"scale":1,"position":{"pointX":960,"pointY":540},"width":1920,"sublayerTransform":[1,0,0,0,0,1,0,0,0,0,1,0,0,0,0,1],"contentsRect":{"y":0,"x":0,"width":1,"height":1},"opacity":1,"edgeAntialiasingMask":251658240,"height":1080,"hidden":false,"anchorPoint":{"pointX":0.5,"pointY":0.5}},"objectID":"0","layers":[{"animations":[],"initialState":{"affineTransform":[1,0,0,1,0,0],"masksToBounds":false,"rotation":0,"scale":1,"position":{"pointX":960,"pointY":540},"width":1920,"sublayerTransform":[1,0,0,0,0,1,0,0,0,0,1,-0.00035007912466775983,0,0,0,1],"contentsRect":{"y":0,"x":0,"width":1,"height":1},"opacity":1,"edgeAntialiasingMask":251658240,"height":1080,"hidden":false,"anchorPoint":{"pointX":0.5,"pointY":0.5}},"layers":[{"animations":[],"layers":[],"texturedRectangle":{"isBackgroundTexture":false,"singleTextureOpacity":1,"textureType":0,"textBaseline":0,"textXHeight":0,"isVerticalText":false},"initialState":{"affineTransform":[1,0,0,1,0,0],"masksToBounds":false,"rotation":0,"scale":1,"position":{"pointX":960,"pointY":540},"width":1920,"sublayerTransform":[1,0,0,0,0,1,0,0,0,0,1,0,0,0,0,1],"contentsRect":{"y":0,"x":0,"width":1,"height":1},"opacity":1,"edgeAntialiasingMask":0,"height":1080,"hidden":false,"anchorPoint":{"pointX":0.5,"pointY":0.5}},"texture":"00839AA177838AC7753829FA615FEFA9"}]}]}}]}