{"assets":{"70696E51A617CBA4C86AB1E98FF13082":{"type":"texture","index":1,"assetRequest":{"type":"slide","state":"contents","slide":"none"},"url":{"native":"assets\/AD3F6654-E363-430A-9A3A-5AB9F3B584F9.pdf"},"width":1920,"height":1080},"85A28196E2E57A47420D85EF6B4355CB":{"type":"texture","index":0,"assetRequest":{"type":"slide","state":"contents","slide":"none"},"url":{"native":"assets\/AD3F6654-E363-430A-9A3A-5AB9F3B584F9.pdf"},"width":1920,"height":1080}},"events":[{"effects":[{"beginTime":0,"baseLayer":{"animations":[],"initialState":{"affineTransform":[1,0,0,1,0,0],"masksToBounds":false,"rotation":0,"scale":1,"position":{"pointX":960,"pointY":540},"width":1920,"sublayerTransform":[1,0,0,0,0,1,0,0,0,0,1,0,0,0,0,1],"contentsRect":{"y":0,"x":0,"width":1,"height":1},"opacity":1,"edgeAntialiasingMask":251658240,"height":1080,"hidden":false,"anchorPoint":{"pointX":0.5,"pointY":0.5}},"objectID":"0","layers":[{"animations":[],"initialState":{"affineTransform":[1,0,0,1,0,0],"masksToBounds":false,"rotation":0,"scale":1,"position":{"pointX":960,"pointY":540},"width":1920,"sublayerTransform":[1,0,0,0,0,1,0,0,0,0,1,-0.00035007912466775983,0,0,0,1],"contentsRect":{"y":0,"x":0,"width":1,"height":1},"opacity":1,"edgeAntialiasingMask":251658240,"height":1080,"hidden":false,"anchorPoint":{"pointX":0.5,"pointY":0.5}},"layers":[{"animations":[],"layers":[],"texturedRectangle":{"isBackgroundTexture":false,"singleTextureOpacity":1,"textureType":0,"textBaseline":0,"textXHeight":0,"isVerticalText":false},"initialState":{"affineTransform":[1,0,0,1,0,0],"masksToBounds":false,"rotation":0,"scale":1,"position":{"pointX":960,"pointY":540},"width":1920,"sublayerTransform":[1,0,0,0,0,1,0,0,0,0,1,0,0,0,0,1],"contentsRect":{"y":0,"x":0,"width":1,"height":1},"opacity":1,"edgeAntialiasingMask":0,"height":1080,"hidden":false,"anchorPoint":{"pointX":0.5,"pointY":0.5}},"texture":"70696E51A617CBA4C86AB1E98FF13082"},{"animations":[{"additive":false,"timeOffset":0,"beginTime":0,"from":{"scalar":false},"repeatCount":0,"fillMode":"both","duration":0.01,"autoreverses":false,"property":"hidden","to":{"scalar":true},"removedOnCompletion":false}],"layers":[],"texturedRectangle":{"isBackgroundTexture":false,"singleTextureOpacity":1,"textureType":0,"textBaseline":0,"textXHeight":0,"isVerticalText":false},"initialState":{"affineTransform":[1,0,0,1,0,0],"masksToBounds":false,"rotation":0,"scale":1,"position":{"pointX":960,"pointY":540},"width":1920,"sublayerTransform":[1,0,0,0,0,1,0,0,0,0,1,0,0,0,0,1],"contentsRect":{"y":0,"x":0,"width":1,"height":1},"opacity":1,"edgeAntialiasingMask":0,"height":1080,"hidden":false,"anchorPoint":{"pointX":0.5,"pointY":0.5}},"texture":"85A28196E2E57A47420D85EF6B4355CB"}]}]},"effects":[],"duration":0.01,"type":"transition","attributes":{"direction":0},"name":"none","objectID":"0"}],"automaticPlay":false,"hyperlinks":[{"url":"https:\/\/ieeexplore.ieee.org\/document\/6296526","targetRectangle":{"y":988.2430414557457,"x":1619.52294921875,"width":293.859375,"height":19}}],"accessibility":[{"text":"An Abbreviated History","targetRectangle":{"y":47.669271469116211,"x":481.92186594009399,"width":956.15625,"height":104.9248046875}},{"text":"Figure from https:\/\/ieeexplore.ieee.org\/document\/6296526","targetRectangle":{"y":988.2430414557457,"x":1538.64794921875,"width":374.734375,"height":19}},{"text":"Classical (-ish): GMM-HMM","targetRectangle":{"y":217.41506958007812,"x":94.375805652936378,"width":422.46216000000004,"height":48}},{"text":"Predict phonemes (sounds) from speech via an acoustic model","targetRectangle":{"y":265.41506958007812,"x":142.37580299377441,"width":646.41575999999986,"height":43.640000343322754}},{"text":"Concatenate phonemes to words via a pronunciation model","targetRectangle":{"y":309.05506992340088,"x":142.37580299377441,"width":621.76223999999991,"height":43.640000343322754}},{"text":"Rescore sequences of words via a language model","targetRectangle":{"y":352.69507026672363,"x":142.37580565293638,"width":524.40528000000006,"height":43.640000343322754}},{"text":"An intermediate hybrid step: xNN-HMM","targetRectangle":{"y":455.97507095336914,"x":94.375805652936378,"width":627.23303999999996,"height":59.640000343322754}},{"text":"Replace the GMM used for acoustic modeling with an xNN","targetRectangle":{"y":515.61507129669189,"x":142.37580299377441,"width":611.86824000000001,"height":43.640000343322754}},{"text":"Present (or more precisely, what is described here): xNN","targetRectangle":{"y":602.8950719833374,"x":94.375805652936378,"width":869.82228000000055,"height":59.640000343322754}},{"text":"The methods described here can still predict phonemes","targetRectangle":{"y":662.53507232666016,"x":142.37580299377441,"width":578.55455999999992,"height":43.640000343322754}},{"text":"But the focus will typically be on predicting characters from speech","targetRectangle":{"y":706.17507266998291,"x":142.37580299377441,"width":694.02336000000003,"height":43.640000343322754}},{"text":"Sometimes there’s a 1-to-1 correspondence between phonemes and graphemes, sometimes a phoneme corresponds to multiple graphemes, sometimes a grapheme is unvoiced","targetRectangle":{"y":749.81507301330566,"x":190.37580299377441,"width":965.86392000000001,"height":75.640000343322754}},{"text":"Nice because a separate punctuation model is no longer needed and a network can learn basic pronunciation and a language model","targetRectangle":{"y":825.45507335662842,"x":190.37580299377441,"width":935.66976,"height":75.640000343322754}},{"text":"Sometimes word pieces are predicted including graphemes as a subset such that there are no out of model words","targetRectangle":{"y":901.09507369995117,"x":142.37580299377441,"width":1019.61744,"height":75.640000343322754}},{"text":"Motivation          Speech+Audio          Pre Processing          Networks          Verification+Identification          Detection+Recognition          Conditional          STT          TTS       ","targetRectangle":{"y":1021.5224609375,"x":69.71484375,"width":1827.24609375,"height":27.21484375}},{"text":"Screen Shot 2021-10-18 at 4.43.37 PM.png","targetRectangle":{"y":244.24505615234375,"x":1304.1531982421875,"width":499.84457397460938,"height":665.35601806640625}}],"baseLayer":{"animations":[],"initialState":{"affineTransform":[1,0,0,1,0,0],"masksToBounds":false,"rotation":0,"scale":1,"position":{"pointX":960,"pointY":540},"width":1920,"sublayerTransform":[1,0,0,0,0,1,0,0,0,0,1,0,0,0,0,1],"contentsRect":{"y":0,"x":0,"width":1,"height":1},"opacity":1,"edgeAntialiasingMask":251658240,"height":1080,"hidden":false,"anchorPoint":{"pointX":0.5,"pointY":0.5}},"objectID":"0","layers":[{"animations":[],"initialState":{"affineTransform":[1,0,0,1,0,0],"masksToBounds":false,"rotation":0,"scale":1,"position":{"pointX":960,"pointY":540},"width":1920,"sublayerTransform":[1,0,0,0,0,1,0,0,0,0,1,-0.00035007912466775983,0,0,0,1],"contentsRect":{"y":0,"x":0,"width":1,"height":1},"opacity":1,"edgeAntialiasingMask":251658240,"height":1080,"hidden":false,"anchorPoint":{"pointX":0.5,"pointY":0.5}},"layers":[{"animations":[],"layers":[],"texturedRectangle":{"isBackgroundTexture":false,"singleTextureOpacity":1,"textureType":0,"textBaseline":0,"textXHeight":0,"isVerticalText":false},"initialState":{"affineTransform":[1,0,0,1,0,0],"masksToBounds":false,"rotation":0,"scale":1,"position":{"pointX":960,"pointY":540},"width":1920,"sublayerTransform":[1,0,0,0,0,1,0,0,0,0,1,0,0,0,0,1],"contentsRect":{"y":0,"x":0,"width":1,"height":1},"opacity":1,"edgeAntialiasingMask":0,"height":1080,"hidden":false,"anchorPoint":{"pointX":0.5,"pointY":0.5}},"texture":"85A28196E2E57A47420D85EF6B4355CB"}]}]}}]}