{"assets":{"C9C7F896EF9D83653D16AA4102DE8139":{"type":"texture","index":0,"assetRequest":{"type":"slide","state":"contents","slide":"none"},"url":{"native":"assets\/0A2F06DB-7BCF-4915-8C40-8A73A11A9524.pdf"},"width":1920,"height":1080},"C9501CECA3BEAE002B946925FC4E59C1":{"type":"texture","index":1,"assetRequest":{"type":"slide","state":"contents","slide":"none"},"url":{"native":"assets\/0A2F06DB-7BCF-4915-8C40-8A73A11A9524.pdf"},"width":1920,"height":1080}},"events":[{"effects":[{"beginTime":0,"baseLayer":{"animations":[],"initialState":{"affineTransform":[1,0,0,1,0,0],"masksToBounds":false,"rotation":0,"scale":1,"position":{"pointX":960,"pointY":540},"width":1920,"sublayerTransform":[1,0,0,0,0,1,0,0,0,0,1,0,0,0,0,1],"contentsRect":{"y":0,"x":0,"width":1,"height":1},"opacity":1,"edgeAntialiasingMask":251658240,"height":1080,"hidden":false,"anchorPoint":{"pointX":0.5,"pointY":0.5}},"objectID":"0","layers":[{"animations":[],"initialState":{"affineTransform":[1,0,0,1,0,0],"masksToBounds":false,"rotation":0,"scale":1,"position":{"pointX":960,"pointY":540},"width":1920,"sublayerTransform":[1,0,0,0,0,1,0,0,0,0,1,-0.00035007912466775983,0,0,0,1],"contentsRect":{"y":0,"x":0,"width":1,"height":1},"opacity":1,"edgeAntialiasingMask":251658240,"height":1080,"hidden":false,"anchorPoint":{"pointX":0.5,"pointY":0.5}},"layers":[{"animations":[],"layers":[],"texturedRectangle":{"isBackgroundTexture":false,"singleTextureOpacity":1,"textureType":0,"textBaseline":0,"textXHeight":0,"isVerticalText":false},"initialState":{"affineTransform":[1,0,0,1,0,0],"masksToBounds":false,"rotation":0,"scale":1,"position":{"pointX":960,"pointY":540},"width":1920,"sublayerTransform":[1,0,0,0,0,1,0,0,0,0,1,0,0,0,0,1],"contentsRect":{"y":0,"x":0,"width":1,"height":1},"opacity":1,"edgeAntialiasingMask":0,"height":1080,"hidden":false,"anchorPoint":{"pointX":0.5,"pointY":0.5}},"texture":"C9501CECA3BEAE002B946925FC4E59C1"},{"animations":[{"additive":false,"timeOffset":0,"beginTime":0,"from":{"scalar":false},"repeatCount":0,"fillMode":"both","duration":0.01,"autoreverses":false,"property":"hidden","to":{"scalar":true},"removedOnCompletion":false}],"layers":[],"texturedRectangle":{"isBackgroundTexture":false,"singleTextureOpacity":1,"textureType":0,"textBaseline":0,"textXHeight":0,"isVerticalText":false},"initialState":{"affineTransform":[1,0,0,1,0,0],"masksToBounds":false,"rotation":0,"scale":1,"position":{"pointX":960,"pointY":540},"width":1920,"sublayerTransform":[1,0,0,0,0,1,0,0,0,0,1,0,0,0,0,1],"contentsRect":{"y":0,"x":0,"width":1,"height":1},"opacity":1,"edgeAntialiasingMask":0,"height":1080,"hidden":false,"anchorPoint":{"pointX":0.5,"pointY":0.5}},"texture":"C9C7F896EF9D83653D16AA4102DE8139"}]}]},"effects":[],"duration":0.01,"type":"transition","attributes":{"direction":0},"name":"none","objectID":"0"}],"automaticPlay":false,"hyperlinks":[],"accessibility":[{"text":"References","targetRectangle":{"y":46.669271469116211,"x":714.53905344009399,"width":490.921875,"height":106.859375}},{"text":"Streaming automatic speech recognition with the transformer model \\u2028• https:\/\/arxiv.org\/abs\/2001.02674 \\u2028","targetRectangle":{"y":226.61666870117188,"x":68.331621379102216,"width":534.8323820207263,"height":46.628115190938104}},{"text":"ContextNet: improving convolutional neural networks for automatic speech recognition with global context \\u2028• https:\/\/arxiv.org\/abs\/2005.03191 \\u2028","targetRectangle":{"y":315.04289788857102,"x":68.331621379102216,"width":838.78388531319706,"height":46.628115190938161}},{"text":"Improved noisy student training for automatic speech recognition \\u2028• https:\/\/arxiv.org\/abs\/2005.09629 \\u2028","targetRectangle":{"y":403.46912707597022,"x":68.331621379102216,"width":514.59207310676516,"height":46.628115190938104}},{"text":"ASAPP-ASR: multistream CNN and self-attentive SRU for SOTA speech recognition \\u2028• https:\/\/arxiv.org\/abs\/2005.10469 \\u2028","targetRectangle":{"y":491.89535626336937,"x":68.331621379102216,"width":671.00213050395189,"height":46.628115190938104}},{"text":"wav2vec 2.0: a framework for self-supervised learning of speech representations \\u2028• https:\/\/arxiv.org\/abs\/2006.11477 \\u2028","targetRectangle":{"y":580.32158545076845,"x":68.331621379102216,"width":631.28087581731313,"height":46.628115190938161}},{"text":"Efficient minimum word error rate training of RNN-Transducer for end-to-end speech recognition \\u2028• https:\/\/arxiv.org\/abs\/2007.13802 \\u2028","targetRectangle":{"y":668.74781463816771,"x":68.331621379102216,"width":764.46942085698174,"height":46}},{"text":"Pushing the limits of semi-supervised learning for automatic speech recognition \\u2028• https:\/\/arxiv.org\/abs\/2010.10504 \\u2028","targetRectangle":{"y":756.54592863462869,"x":68.331621379102216,"width":625.51534085571689,"height":46.628115190938161}},{"text":"Self-training and pre-training are complementary for speech recognition \\u2028• https:\/\/arxiv.org\/abs\/2010.11430 \\u2028","targetRectangle":{"y":844.97215782202795,"x":68.331621379102216,"width":565.70377491265481,"height":46.628115190938161}},{"text":"Improving RNN transducer based ASR with auxiliary tasks \\u2028• https:\/\/arxiv.org\/abs\/2011.03109 ","targetRectangle":{"y":933.39838700942721,"x":68.331621379102216,"width":467.73655483350115,"height":46}},{"text":"Motivation          Speech+Audio          Pre Processing          Networks          Verification+Identification          Detection+Recognition          Conditional          STT          TTS       ","targetRectangle":{"y":1021.5224609375,"x":69.71484375,"width":1827.24609375,"height":27.21484375}}],"baseLayer":{"animations":[],"initialState":{"affineTransform":[1,0,0,1,0,0],"masksToBounds":false,"rotation":0,"scale":1,"position":{"pointX":960,"pointY":540},"width":1920,"sublayerTransform":[1,0,0,0,0,1,0,0,0,0,1,0,0,0,0,1],"contentsRect":{"y":0,"x":0,"width":1,"height":1},"opacity":1,"edgeAntialiasingMask":251658240,"height":1080,"hidden":false,"anchorPoint":{"pointX":0.5,"pointY":0.5}},"objectID":"0","layers":[{"animations":[],"initialState":{"affineTransform":[1,0,0,1,0,0],"masksToBounds":false,"rotation":0,"scale":1,"position":{"pointX":960,"pointY":540},"width":1920,"sublayerTransform":[1,0,0,0,0,1,0,0,0,0,1,-0.00035007912466775983,0,0,0,1],"contentsRect":{"y":0,"x":0,"width":1,"height":1},"opacity":1,"edgeAntialiasingMask":251658240,"height":1080,"hidden":false,"anchorPoint":{"pointX":0.5,"pointY":0.5}},"layers":[{"animations":[],"layers":[],"texturedRectangle":{"isBackgroundTexture":false,"singleTextureOpacity":1,"textureType":0,"textBaseline":0,"textXHeight":0,"isVerticalText":false},"initialState":{"affineTransform":[1,0,0,1,0,0],"masksToBounds":false,"rotation":0,"scale":1,"position":{"pointX":960,"pointY":540},"width":1920,"sublayerTransform":[1,0,0,0,0,1,0,0,0,0,1,0,0,0,0,1],"contentsRect":{"y":0,"x":0,"width":1,"height":1},"opacity":1,"edgeAntialiasingMask":0,"height":1080,"hidden":false,"anchorPoint":{"pointX":0.5,"pointY":0.5}},"texture":"C9C7F896EF9D83653D16AA4102DE8139"}]}]}}]}