{"assets":{"70696E51A617CBA4C86AB1E98FF13082":{"type":"texture","index":0,"assetRequest":{"type":"slide","state":"contents","slide":"none"},"url":{"native":"assets\/576CE023-3268-43CC-97B4-9655182AE58D.pdf"},"width":1920,"height":1080},"AF03B3EE380AEF54BF31E6729B504375":{"type":"texture","index":1,"assetRequest":{"type":"slide","state":"contents","slide":"none"},"url":{"native":"assets\/576CE023-3268-43CC-97B4-9655182AE58D.pdf"},"width":1920,"height":1080}},"events":[{"effects":[{"beginTime":0,"baseLayer":{"animations":[],"initialState":{"affineTransform":[1,0,0,1,0,0],"masksToBounds":false,"rotation":0,"scale":1,"position":{"pointX":960,"pointY":540},"width":1920,"sublayerTransform":[1,0,0,0,0,1,0,0,0,0,1,0,0,0,0,1],"contentsRect":{"y":0,"x":0,"width":1,"height":1},"opacity":1,"edgeAntialiasingMask":251658240,"height":1080,"hidden":false,"anchorPoint":{"pointX":0.5,"pointY":0.5}},"objectID":"0","layers":[{"animations":[],"initialState":{"affineTransform":[1,0,0,1,0,0],"masksToBounds":false,"rotation":0,"scale":1,"position":{"pointX":960,"pointY":540},"width":1920,"sublayerTransform":[1,0,0,0,0,1,0,0,0,0,1,-0.00035007912466775983,0,0,0,1],"contentsRect":{"y":0,"x":0,"width":1,"height":1},"opacity":1,"edgeAntialiasingMask":251658240,"height":1080,"hidden":false,"anchorPoint":{"pointX":0.5,"pointY":0.5}},"layers":[{"animations":[],"layers":[],"texturedRectangle":{"isBackgroundTexture":false,"singleTextureOpacity":1,"textureType":0,"textBaseline":0,"textXHeight":0,"isVerticalText":false},"initialState":{"affineTransform":[1,0,0,1,0,0],"masksToBounds":false,"rotation":0,"scale":1,"position":{"pointX":960,"pointY":540},"width":1920,"sublayerTransform":[1,0,0,0,0,1,0,0,0,0,1,0,0,0,0,1],"contentsRect":{"y":0,"x":0,"width":1,"height":1},"opacity":1,"edgeAntialiasingMask":0,"height":1080,"hidden":false,"anchorPoint":{"pointX":0.5,"pointY":0.5}},"texture":"AF03B3EE380AEF54BF31E6729B504375"},{"animations":[{"additive":false,"timeOffset":0,"beginTime":0,"from":{"scalar":false},"repeatCount":0,"fillMode":"both","duration":0.01,"autoreverses":false,"property":"hidden","to":{"scalar":true},"removedOnCompletion":false}],"layers":[],"texturedRectangle":{"isBackgroundTexture":false,"singleTextureOpacity":1,"textureType":0,"textBaseline":0,"textXHeight":0,"isVerticalText":false},"initialState":{"affineTransform":[1,0,0,1,0,0],"masksToBounds":false,"rotation":0,"scale":1,"position":{"pointX":960,"pointY":540},"width":1920,"sublayerTransform":[1,0,0,0,0,1,0,0,0,0,1,0,0,0,0,1],"contentsRect":{"y":0,"x":0,"width":1,"height":1},"opacity":1,"edgeAntialiasingMask":0,"height":1080,"hidden":false,"anchorPoint":{"pointX":0.5,"pointY":0.5}},"texture":"70696E51A617CBA4C86AB1E98FF13082"}]}]},"effects":[],"duration":0.01,"type":"transition","attributes":{"direction":0},"name":"none","objectID":"0"}],"automaticPlay":false,"hyperlinks":[],"accessibility":[{"text":"Speech to Text Methods Described Here","targetRectangle":{"y":47.669271469116211,"x":117.02928781509399,"width":1685.94140625,"height":104.9248046875}},{"text":"Motivation          Speech+Audio          Pre Processing          Networks          Verification+Identification          Detection+Recognition          Conditional          STT          TTS       ","targetRectangle":{"y":1021.5224609375,"x":69.71484375,"width":1827.24609375,"height":27.21484375}},{"text":"Pre processing","targetRectangle":{"y":217.41506958007812,"x":95.815803050994873,"width":235.33199999999999,"height":49}},{"text":"Optionally use MFCC or other transformation to pre process speech and make the speech to text transduction problem easier","targetRectangle":{"y":266.41506958007812,"x":143.8158016204834,"width":1347.0720000000015,"height":45}},{"text":"3 different xNN based speech to text transduction strategies","targetRectangle":{"y":311.41506958007812,"x":95.815803050994873,"width":970.52399999999966,"height":61}},{"text":"Method 1: connectionist temporal classification (CTC)","targetRectangle":{"y":372.41506958007812,"x":143.8158016204834,"width":572.01599999999985,"height":45}},{"text":"Create a xNN based acoustic model that maps (classifies) pre processed speech vectors to graphemes","targetRectangle":{"y":417.41506958007812,"x":191.8158016204834,"width":1093.0320000000006,"height":45}},{"text":"Use the CTC loss function to handle the unknown alignment between the speech waveform and text","targetRectangle":{"y":462.41506958007812,"x":191.8158016204834,"width":1073.4720000000011,"height":45}},{"text":"Method 2: RNN transducer","targetRectangle":{"y":507.41506958007812,"x":143.8158016204834,"width":289.36799999999994,"height":45}},{"text":"Pre train a xNN based acoustic model using the CTC loss function (as above, so monotonic alignment) then remove the classification head (so features only)","targetRectangle":{"y":552.41506958007812,"x":191.8158016204834,"width":1664.2800000000011,"height":45}},{"text":"Also pre train a data dependent xNN based language model","targetRectangle":{"y":597.41506958007812,"x":191.8158016204834,"width":651.19200000000012,"height":45}},{"text":"Combine the outputs of the 2 networks using a shallow joint network to add conditional dependences in the outputs that are decoded via search","targetRectangle":{"y":642.41506958007812,"x":191.8158016204834,"width":1549.8000000000009,"height":45}},{"text":"Method 3: encoder -> attention -> decoder","targetRectangle":{"y":687.41506958007812,"x":143.8158016204834,"width":467.5440000000001,"height":45}},{"text":"Pre train a xNN based acoustic model using the CTC loss function (as above, so monotonic alignment) then remove the classification head (so features only)","targetRectangle":{"y":732.41506958007812,"x":191.8158016204834,"width":1664.2800000000011,"height":45}},{"text":"Add xNN based attention and decoder networks to access all needed features and handle the unknown alignment between the speech waveform and text","targetRectangle":{"y":777.41506958007812,"x":191.8158016204834,"width":1655.328000000002,"height":45}},{"text":"Post processing","targetRectangle":{"y":822.41506958007812,"x":95.815803050994873,"width":252.64799999999997,"height":61}},{"text":"Optionally improve the speech to text transduction output via an external language model","targetRectangle":{"y":883.41506958007812,"x":143.8158016204834,"width":967.94400000000041,"height":45}}],"baseLayer":{"animations":[],"initialState":{"affineTransform":[1,0,0,1,0,0],"masksToBounds":false,"rotation":0,"scale":1,"position":{"pointX":960,"pointY":540},"width":1920,"sublayerTransform":[1,0,0,0,0,1,0,0,0,0,1,0,0,0,0,1],"contentsRect":{"y":0,"x":0,"width":1,"height":1},"opacity":1,"edgeAntialiasingMask":251658240,"height":1080,"hidden":false,"anchorPoint":{"pointX":0.5,"pointY":0.5}},"objectID":"0","layers":[{"animations":[],"initialState":{"affineTransform":[1,0,0,1,0,0],"masksToBounds":false,"rotation":0,"scale":1,"position":{"pointX":960,"pointY":540},"width":1920,"sublayerTransform":[1,0,0,0,0,1,0,0,0,0,1,-0.00035007912466775983,0,0,0,1],"contentsRect":{"y":0,"x":0,"width":1,"height":1},"opacity":1,"edgeAntialiasingMask":251658240,"height":1080,"hidden":false,"anchorPoint":{"pointX":0.5,"pointY":0.5}},"layers":[{"animations":[],"layers":[],"texturedRectangle":{"isBackgroundTexture":false,"singleTextureOpacity":1,"textureType":0,"textBaseline":0,"textXHeight":0,"isVerticalText":false},"initialState":{"affineTransform":[1,0,0,1,0,0],"masksToBounds":false,"rotation":0,"scale":1,"position":{"pointX":960,"pointY":540},"width":1920,"sublayerTransform":[1,0,0,0,0,1,0,0,0,0,1,0,0,0,0,1],"contentsRect":{"y":0,"x":0,"width":1,"height":1},"opacity":1,"edgeAntialiasingMask":0,"height":1080,"hidden":false,"anchorPoint":{"pointX":0.5,"pointY":0.5}},"texture":"70696E51A617CBA4C86AB1E98FF13082"}]}]}}]}