{"assets":{"B6416897B1E96EE7C8099378704CC921":{"type":"texture","index":0,"assetRequest":{"type":"slide","state":"contents","slide":"none"},"url":{"native":"assets\/71FF0816-B2F6-4159-9714-F22A7677CECD.pdf"},"width":1920,"height":1080},"03946A9C5E7FAC9D04AFAF676719CF9B":{"type":"texture","index":1,"assetRequest":{"type":"slide","state":"contents","slide":"none"},"url":{"native":"assets\/71FF0816-B2F6-4159-9714-F22A7677CECD.pdf"},"width":1920,"height":1080}},"events":[{"effects":[{"beginTime":0,"baseLayer":{"animations":[],"initialState":{"affineTransform":[1,0,0,1,0,0],"masksToBounds":false,"rotation":0,"scale":1,"position":{"pointX":960,"pointY":540},"width":1920,"sublayerTransform":[1,0,0,0,0,1,0,0,0,0,1,0,0,0,0,1],"contentsRect":{"y":0,"x":0,"width":1,"height":1},"opacity":1,"edgeAntialiasingMask":251658240,"height":1080,"hidden":false,"anchorPoint":{"pointX":0.5,"pointY":0.5}},"objectID":"0","layers":[{"animations":[],"initialState":{"affineTransform":[1,0,0,1,0,0],"masksToBounds":false,"rotation":0,"scale":1,"position":{"pointX":960,"pointY":540},"width":1920,"sublayerTransform":[1,0,0,0,0,1,0,0,0,0,1,-0.00035007912466775983,0,0,0,1],"contentsRect":{"y":0,"x":0,"width":1,"height":1},"opacity":1,"edgeAntialiasingMask":251658240,"height":1080,"hidden":false,"anchorPoint":{"pointX":0.5,"pointY":0.5}},"layers":[{"animations":[],"layers":[],"texturedRectangle":{"isBackgroundTexture":false,"singleTextureOpacity":1,"textureType":0,"textBaseline":0,"textXHeight":0,"isVerticalText":false},"initialState":{"affineTransform":[1,0,0,1,0,0],"masksToBounds":false,"rotation":0,"scale":1,"position":{"pointX":960,"pointY":540},"width":1920,"sublayerTransform":[1,0,0,0,0,1,0,0,0,0,1,0,0,0,0,1],"contentsRect":{"y":0,"x":0,"width":1,"height":1},"opacity":1,"edgeAntialiasingMask":0,"height":1080,"hidden":false,"anchorPoint":{"pointX":0.5,"pointY":0.5}},"texture":"03946A9C5E7FAC9D04AFAF676719CF9B"},{"animations":[{"additive":false,"timeOffset":0,"beginTime":0,"from":{"scalar":false},"repeatCount":0,"fillMode":"both","duration":0.01,"autoreverses":false,"property":"hidden","to":{"scalar":true},"removedOnCompletion":false}],"layers":[],"texturedRectangle":{"isBackgroundTexture":false,"singleTextureOpacity":1,"textureType":0,"textBaseline":0,"textXHeight":0,"isVerticalText":false},"initialState":{"affineTransform":[1,0,0,1,0,0],"masksToBounds":false,"rotation":0,"scale":1,"position":{"pointX":960,"pointY":540},"width":1920,"sublayerTransform":[1,0,0,0,0,1,0,0,0,0,1,0,0,0,0,1],"contentsRect":{"y":0,"x":0,"width":1,"height":1},"opacity":1,"edgeAntialiasingMask":0,"height":1080,"hidden":false,"anchorPoint":{"pointX":0.5,"pointY":0.5}},"texture":"B6416897B1E96EE7C8099378704CC921"}]}]},"effects":[],"duration":0.01,"type":"transition","attributes":{"direction":0},"name":"none","objectID":"0"}],"automaticPlay":false,"hyperlinks":[{"url":"https:\/\/github.com\/oxford-cs-deepnlp-2017\/lectures\/blob\/master\/Lecture%252010%2520-%2520Text%2520to%2520Speech.pdf","targetRectangle":{"y":985.6091303229332,"x":814.14788818359375,"width":823.578125,"height":19}},{"url":"https:\/\/arxiv.org\/abs\/1609.03499","targetRectangle":{"y":985.6091303229332,"x":1668.8275756835938,"width":207.5546875,"height":19}}],"accessibility":[{"text":"Motivation          Speech+Audio          Pre Processing          Networks          Verification+Identification          Detection+Recognition          Conditional          STT          TTS       ","targetRectangle":{"y":1021.5224609375,"x":69.71484375,"width":1827.24609375,"height":27.21484375}},{"text":"A neural network based method for part 2","targetRectangle":{"y":237.33863830566406,"x":131.76237630844116,"width":675.2879999999999,"height":49}},{"text":"Sample by sample classification to an o output that is conditioned on previous outputs, speaker and linguistic features of the text","targetRectangle":{"y":286.33863830566406,"x":131.76237630844116,"width":785.30399999999997,"height":159}},{"text":"Output waveform ￼ factored as","targetRectangle":{"y":445.33863830566406,"x":131.76237630844116,"width":715.80681219369569,"height":65.771782135294984}},{"text":"￼","targetRectangle":{"y":511.11042044095905,"x":179.76237487792969,"width":284.31740076744632,"height":70.530004485981294}},{"text":"Each sample ￼ is conditioned on all previous samples","targetRectangle":{"y":581.64042492694034,"x":179.76237487792969,"width":571.9896763928873,"height":47.847854756863285}},{"text":"During testing the previous output sample is fed back into the network to produce the next sample such that generation is sequential","targetRectangle":{"y":629.48827968380363,"x":179.76237487792969,"width":670.58400000000006,"height":111}},{"text":"Causal (non bi-directional convolution","targetRectangle":{"y":740.48827968380363,"x":131.76237630844116,"width":606.70799999999974,"height":61}},{"text":"Dilated convolution to increase receptive field size","targetRectangle":{"y":801.48827968380363,"x":179.76237487792969,"width":538.17599999999993,"height":45}},{"text":"The dilation factor is doubled after every layer up to a limit of 512 then the process is repeated","targetRectangle":{"y":846.48827968380363,"x":179.76237487792969,"width":709.22400000000005,"height":78}},{"text":"equation.pdf","targetRectangle":{"y":457.33863830566406,"x":425.05437630844114,"width":235.17081219369589,"height":53.771782135294984}},{"text":"Figure from https:\/\/github.com\/oxford-cs-deepnlp-2017\/lectures\/blob\/master\/Lecture%252010%2520-%2520Text%2520to%2520Speech.pdf and https:\/\/arxiv.org\/abs\/1609.03499","targetRectangle":{"y":985.6091303229332,"x":733.27288818359375,"width":1143.109375,"height":19}},{"text":"equation.pdf","targetRectangle":{"y":523.11042044095905,"x":179.76237487792969,"width":284.31740076744632,"height":58.530004485981294}},{"text":"equation.pdf","targetRectangle":{"y":593.64042492694034,"x":321.60237487792972,"width":15.909676392887093,"height":35.847854756863285}},{"text":"Screen Shot 2021-10-19 at 2.08.41 PM.png","targetRectangle":{"y":187.24687194824219,"x":950.88970947265625,"width":913.18438720703125,"height":776.71844482421875}},{"text":"Example: WaveNet","targetRectangle":{"y":46.669271469116211,"x":550.96874094009399,"width":818.0625,"height":106.859375}}],"baseLayer":{"animations":[],"initialState":{"affineTransform":[1,0,0,1,0,0],"masksToBounds":false,"rotation":0,"scale":1,"position":{"pointX":960,"pointY":540},"width":1920,"sublayerTransform":[1,0,0,0,0,1,0,0,0,0,1,0,0,0,0,1],"contentsRect":{"y":0,"x":0,"width":1,"height":1},"opacity":1,"edgeAntialiasingMask":251658240,"height":1080,"hidden":false,"anchorPoint":{"pointX":0.5,"pointY":0.5}},"objectID":"0","layers":[{"animations":[],"initialState":{"affineTransform":[1,0,0,1,0,0],"masksToBounds":false,"rotation":0,"scale":1,"position":{"pointX":960,"pointY":540},"width":1920,"sublayerTransform":[1,0,0,0,0,1,0,0,0,0,1,-0.00035007912466775983,0,0,0,1],"contentsRect":{"y":0,"x":0,"width":1,"height":1},"opacity":1,"edgeAntialiasingMask":251658240,"height":1080,"hidden":false,"anchorPoint":{"pointX":0.5,"pointY":0.5}},"layers":[{"animations":[],"layers":[],"texturedRectangle":{"isBackgroundTexture":false,"singleTextureOpacity":1,"textureType":0,"textBaseline":0,"textXHeight":0,"isVerticalText":false},"initialState":{"affineTransform":[1,0,0,1,0,0],"masksToBounds":false,"rotation":0,"scale":1,"position":{"pointX":960,"pointY":540},"width":1920,"sublayerTransform":[1,0,0,0,0,1,0,0,0,0,1,0,0,0,0,1],"contentsRect":{"y":0,"x":0,"width":1,"height":1},"opacity":1,"edgeAntialiasingMask":0,"height":1080,"hidden":false,"anchorPoint":{"pointX":0.5,"pointY":0.5}},"texture":"B6416897B1E96EE7C8099378704CC921"}]}]}}]}