{"assets":{"F6C6146601FCC6A7CAA19C46CB3AD666":{"type":"texture","index":1,"assetRequest":{"type":"slide","state":"contents","slide":"none"},"url":{"native":"assets\/06C0EF2E-BECA-4FDC-974F-07C30AE061D4.pdf"},"width":1920,"height":1080},"63B2964A3628911A62487FC2187DED8C":{"type":"texture","index":0,"assetRequest":{"type":"slide","state":"contents","slide":"none"},"url":{"native":"assets\/06C0EF2E-BECA-4FDC-974F-07C30AE061D4.pdf"},"width":1920,"height":1080}},"events":[{"effects":[{"beginTime":0,"baseLayer":{"animations":[],"initialState":{"affineTransform":[1,0,0,1,0,0],"masksToBounds":false,"rotation":0,"scale":1,"position":{"pointX":960,"pointY":540},"width":1920,"sublayerTransform":[1,0,0,0,0,1,0,0,0,0,1,0,0,0,0,1],"contentsRect":{"y":0,"x":0,"width":1,"height":1},"opacity":1,"edgeAntialiasingMask":251658240,"height":1080,"hidden":false,"anchorPoint":{"pointX":0.5,"pointY":0.5}},"objectID":"0","layers":[{"animations":[],"initialState":{"affineTransform":[1,0,0,1,0,0],"masksToBounds":false,"rotation":0,"scale":1,"position":{"pointX":960,"pointY":540},"width":1920,"sublayerTransform":[1,0,0,0,0,1,0,0,0,0,1,-0.00035007912466775983,0,0,0,1],"contentsRect":{"y":0,"x":0,"width":1,"height":1},"opacity":1,"edgeAntialiasingMask":251658240,"height":1080,"hidden":false,"anchorPoint":{"pointX":0.5,"pointY":0.5}},"layers":[{"animations":[],"layers":[],"texturedRectangle":{"isBackgroundTexture":false,"singleTextureOpacity":1,"textureType":0,"textBaseline":0,"textXHeight":0,"isVerticalText":false},"initialState":{"affineTransform":[1,0,0,1,0,0],"masksToBounds":false,"rotation":0,"scale":1,"position":{"pointX":960,"pointY":540},"width":1920,"sublayerTransform":[1,0,0,0,0,1,0,0,0,0,1,0,0,0,0,1],"contentsRect":{"y":0,"x":0,"width":1,"height":1},"opacity":1,"edgeAntialiasingMask":0,"height":1080,"hidden":false,"anchorPoint":{"pointX":0.5,"pointY":0.5}},"texture":"F6C6146601FCC6A7CAA19C46CB3AD666"},{"animations":[{"additive":false,"timeOffset":0,"beginTime":0,"from":{"scalar":false},"repeatCount":0,"fillMode":"both","duration":0.01,"autoreverses":false,"property":"hidden","to":{"scalar":true},"removedOnCompletion":false}],"layers":[],"texturedRectangle":{"isBackgroundTexture":false,"singleTextureOpacity":1,"textureType":0,"textBaseline":0,"textXHeight":0,"isVerticalText":false},"initialState":{"affineTransform":[1,0,0,1,0,0],"masksToBounds":false,"rotation":0,"scale":1,"position":{"pointX":960,"pointY":540},"width":1920,"sublayerTransform":[1,0,0,0,0,1,0,0,0,0,1,0,0,0,0,1],"contentsRect":{"y":0,"x":0,"width":1,"height":1},"opacity":1,"edgeAntialiasingMask":0,"height":1080,"hidden":false,"anchorPoint":{"pointX":0.5,"pointY":0.5}},"texture":"63B2964A3628911A62487FC2187DED8C"}]}]},"effects":[],"duration":0.01,"type":"transition","attributes":{"direction":0},"name":"none","objectID":"0"}],"automaticPlay":false,"hyperlinks":[{"url":"https:\/\/haythamfayek.com\/2016\/04\/21\/speech-processing-for-machine-learning.html","targetRectangle":{"y":988.9129633307457,"x":1364.9461669921875,"width":539.9765625,"height":19}}],"accessibility":[{"text":"Motivation          Speech+Audio          Pre Processing          Networks          Verification+Identification          Detection+Recognition          Conditional          STT          TTS       ","targetRectangle":{"y":1021.5224609375,"x":69.71484375,"width":1827.24609375,"height":27.21484375}},{"text":"pasted-image.tiff","targetRectangle":{"y":177.96359252929688,"x":963.974609375,"width":920.20721435546875,"height":261.1793212890625}},{"text":"Transform to MFCCs","targetRectangle":{"y":46.669271469116211,"x":513.74999094009399,"width":892.5,"height":106.859375}},{"text":"pasted-image.tiff","targetRectangle":{"y":702.14959716796875,"x":963.974609375,"width":920.20721435546875,"height":301.01239013671875}},{"text":"Figure from https:\/\/haythamfayek.com\/2016\/04\/21\/speech-processing-for-machine-learning.html","targetRectangle":{"y":988.9129633307457,"x":1284.0711669921875,"width":620.8515625,"height":19}},{"text":"Mel frequency cepstral coefficients","targetRectangle":{"y":219.07249450683594,"x":94.626779079437256,"width":556.70399999999984,"height":49}},{"text":"Humans don’t respond to all frequencies equally","targetRectangle":{"y":268.07249450683594,"x":94.626779079437256,"width":776.77199999999971,"height":61}},{"text":"The Mel frequency spacing mimics the greater sensitivity of the lear to lower frequencies","targetRectangle":{"y":329.07249450683594,"x":142.62677764892578,"width":756.83999999999992,"height":78}},{"text":"A mel filter bank with ~40 filters can be applied to the spectrogram output to create a Mel filter bank output","targetRectangle":{"y":407.07249450683594,"x":142.62677764892578,"width":726.50399999999991,"height":78}},{"text":"For log mel, take the log of the Mel spectrogram","targetRectangle":{"y":485.07249450683594,"x":142.62677764892578,"width":522.64800000000014,"height":45}},{"text":"Next Steps","targetRectangle":{"y":530.07249450683594,"x":94.626779079437256,"width":176.65199999999999,"height":61}},{"text":"Take the DCT of this to concentrate energy ","targetRectangle":{"y":591.07249450683594,"x":142.62677764892578,"width":466.70399999999995,"height":45}},{"text":"Keep coefficients 2-13 (replace coefficient 1 with the log energy, throw away coefficients 14+ as most of the information is in the lower frequencies)","targetRectangle":{"y":636.07249450683594,"x":142.62677764892578,"width":760.07999999999993,"height":111}},{"text":"Create additional features with Δ values representing 1st order differences in coefficients 1-13 (1st order derivative, provides shape info)","targetRectangle":{"y":747.07249450683594,"x":142.62677764892578,"width":774.26400000000035,"height":78}},{"text":"Create additional features with ΔΔ values representing 1st order differences in Δ values (~2nd order derivative, provides shape info)","targetRectangle":{"y":825.07249450683594,"x":142.62677764892578,"width":713.92800000000034,"height":78}},{"text":"Normalize coefficients to 0 mean and 1 variance","targetRectangle":{"y":903.07249450683594,"x":142.62677764892578,"width":514.29600000000016,"height":45}},{"text":"pasted-image.tiff","targetRectangle":{"y":426.23074340820312,"x":977.1646728515625,"width":920.20721435546875,"height":269.01651000976562}}],"baseLayer":{"animations":[],"initialState":{"affineTransform":[1,0,0,1,0,0],"masksToBounds":false,"rotation":0,"scale":1,"position":{"pointX":960,"pointY":540},"width":1920,"sublayerTransform":[1,0,0,0,0,1,0,0,0,0,1,0,0,0,0,1],"contentsRect":{"y":0,"x":0,"width":1,"height":1},"opacity":1,"edgeAntialiasingMask":251658240,"height":1080,"hidden":false,"anchorPoint":{"pointX":0.5,"pointY":0.5}},"objectID":"0","layers":[{"animations":[],"initialState":{"affineTransform":[1,0,0,1,0,0],"masksToBounds":false,"rotation":0,"scale":1,"position":{"pointX":960,"pointY":540},"width":1920,"sublayerTransform":[1,0,0,0,0,1,0,0,0,0,1,-0.00035007912466775983,0,0,0,1],"contentsRect":{"y":0,"x":0,"width":1,"height":1},"opacity":1,"edgeAntialiasingMask":251658240,"height":1080,"hidden":false,"anchorPoint":{"pointX":0.5,"pointY":0.5}},"layers":[{"animations":[],"layers":[],"texturedRectangle":{"isBackgroundTexture":false,"singleTextureOpacity":1,"textureType":0,"textBaseline":0,"textXHeight":0,"isVerticalText":false},"initialState":{"affineTransform":[1,0,0,1,0,0],"masksToBounds":false,"rotation":0,"scale":1,"position":{"pointX":960,"pointY":540},"width":1920,"sublayerTransform":[1,0,0,0,0,1,0,0,0,0,1,0,0,0,0,1],"contentsRect":{"y":0,"x":0,"width":1,"height":1},"opacity":1,"edgeAntialiasingMask":0,"height":1080,"hidden":false,"anchorPoint":{"pointX":0.5,"pointY":0.5}},"texture":"63B2964A3628911A62487FC2187DED8C"}]}]}}]}