{"assets":{"3B338EB9B50601997D4B0EC3CFC97130":{"type":"texture","index":1,"assetRequest":{"type":"slide","state":"contents","slide":"none"},"url":{"native":"assets\/2EF883E6-A578-435E-BA66-10D4EBFFCDAB.pdf"},"width":1920,"height":1080},"B90E9694A6D52B8077B088C9CE10CB89":{"type":"texture","index":0,"assetRequest":{"type":"slide","state":"contents","slide":"none"},"url":{"native":"assets\/2EF883E6-A578-435E-BA66-10D4EBFFCDAB.pdf"},"width":1920,"height":1080}},"events":[{"effects":[{"beginTime":0,"baseLayer":{"animations":[],"initialState":{"affineTransform":[1,0,0,1,0,0],"masksToBounds":false,"rotation":0,"scale":1,"position":{"pointX":960,"pointY":540},"width":1920,"sublayerTransform":[1,0,0,0,0,1,0,0,0,0,1,0,0,0,0,1],"contentsRect":{"y":0,"x":0,"width":1,"height":1},"opacity":1,"edgeAntialiasingMask":251658240,"height":1080,"hidden":false,"anchorPoint":{"pointX":0.5,"pointY":0.5}},"objectID":"0","layers":[{"animations":[],"initialState":{"affineTransform":[1,0,0,1,0,0],"masksToBounds":false,"rotation":0,"scale":1,"position":{"pointX":960,"pointY":540},"width":1920,"sublayerTransform":[1,0,0,0,0,1,0,0,0,0,1,-0.00035007912466775983,0,0,0,1],"contentsRect":{"y":0,"x":0,"width":1,"height":1},"opacity":1,"edgeAntialiasingMask":251658240,"height":1080,"hidden":false,"anchorPoint":{"pointX":0.5,"pointY":0.5}},"layers":[{"animations":[],"layers":[],"texturedRectangle":{"isBackgroundTexture":false,"singleTextureOpacity":1,"textureType":0,"textBaseline":0,"textXHeight":0,"isVerticalText":false},"initialState":{"affineTransform":[1,0,0,1,0,0],"masksToBounds":false,"rotation":0,"scale":1,"position":{"pointX":960,"pointY":540},"width":1920,"sublayerTransform":[1,0,0,0,0,1,0,0,0,0,1,0,0,0,0,1],"contentsRect":{"y":0,"x":0,"width":1,"height":1},"opacity":1,"edgeAntialiasingMask":0,"height":1080,"hidden":false,"anchorPoint":{"pointX":0.5,"pointY":0.5}},"texture":"3B338EB9B50601997D4B0EC3CFC97130"},{"animations":[{"additive":false,"timeOffset":0,"beginTime":0,"from":{"scalar":false},"repeatCount":0,"fillMode":"both","duration":0.01,"autoreverses":false,"property":"hidden","to":{"scalar":true},"removedOnCompletion":false}],"layers":[],"texturedRectangle":{"isBackgroundTexture":false,"singleTextureOpacity":1,"textureType":0,"textBaseline":0,"textXHeight":0,"isVerticalText":false},"initialState":{"affineTransform":[1,0,0,1,0,0],"masksToBounds":false,"rotation":0,"scale":1,"position":{"pointX":960,"pointY":540},"width":1920,"sublayerTransform":[1,0,0,0,0,1,0,0,0,0,1,0,0,0,0,1],"contentsRect":{"y":0,"x":0,"width":1,"height":1},"opacity":1,"edgeAntialiasingMask":0,"height":1080,"hidden":false,"anchorPoint":{"pointX":0.5,"pointY":0.5}},"texture":"B90E9694A6D52B8077B088C9CE10CB89"}]}]},"effects":[],"duration":0.01,"type":"transition","attributes":{"direction":0},"name":"none","objectID":"0"}],"automaticPlay":false,"hyperlinks":[],"accessibility":[{"text":"equation.pdf","targetRectangle":{"y":416.26292433694141,"x":191.8158016204834,"width":495.93934469880355,"height":62.9800283799309}},{"text":"Model → Conditional Model","targetRectangle":{"y":47.669271469116211,"x":382.64354562759399,"width":1154.712890625,"height":104.9248046875}},{"text":"equation.pdf","targetRectangle":{"y":788.86258960903058,"x":686.28780305099485,"width":208.98386638481452,"height":53.771782135294984}},{"text":"equation.pdf","targetRectangle":{"y":540.24295271687231,"x":1368.415803050995,"width":17.477831775700906,"height":53.771782135294984}},{"text":"A single framework for thinking about speech to text, text to speech, language translation and other problems with an input and feedback in the prediction","targetRectangle":{"y":217.41506958007812,"x":95.815801620483398,"width":1659.0000000000016,"height":33}},{"text":"Model","targetRectangle":{"y":250.41506958007812,"x":95.815803050994873,"width":104.04000000000002,"height":61}},{"text":"Assigns probabilities to a sequence of elements ￼ (words, audio samples, etc.)","targetRectangle":{"y":311.41506958007812,"x":143.8158016204834,"width":836.87767639288722,"height":47.847854756863285}},{"text":"Th key to creating a model is next element prediction (next word, next audio sample, …) given previous elements","targetRectangle":{"y":359.26292433694141,"x":143.8158016204834,"width":1212.5520000000006,"height":45}},{"text":"￼","targetRectangle":{"y":404.26292433694141,"x":191.8158016204834,"width":495.93934469880355,"height":74.9800283799309}},{"text":"It’s possible to cast a large number of problems as learning a model using output data (next element prediction) then focusing \/ biasing the prediction by conditioning the model on input data ￼","targetRectangle":{"y":479.24295271687231,"x":95.815803050994873,"width":1802.7719999999999,"height":114.77178213529498}},{"text":"￼","targetRectangle":{"y":594.01473485216729,"x":143.8158016204834,"width":252.91049473042688,"height":47.847854756863285}},{"text":"Effectively, conditioning on the input data makes the next element prediction less uniform \/ more spikey (ideally 1 hot like)","targetRectangle":{"y":641.86258960903058,"x":143.8158016204834,"width":1305.7920000000008,"height":45}},{"text":"Reduces the entropy of the conditional PMF","targetRectangle":{"y":686.86258960903058,"x":143.8158016204834,"width":471.62400000000002,"height":45}},{"text":"Needs input output data pairs for training","targetRectangle":{"y":731.86258960903058,"x":143.8158016204834,"width":446.06400000000008,"height":45}},{"text":"Curing testing previous true outputs ￼ are replaced with previous predicted outputs","targetRectangle":{"y":776.86258960903058,"x":95.815803050994873,"width":1530.0038663848161,"height":65.771782135294984}},{"text":"￼","targetRectangle":{"y":842.63437174432556,"x":143.8158016204834,"width":255.67665358914871,"height":47.847854756863285}},{"text":"Use beam search or some similar variant to reduce error feedback","targetRectangle":{"y":890.48222650118885,"x":143.8158016204834,"width":702.24000000000024,"height":45}},{"text":"Even better if x contributes strongly to the prediction as that helps prevent error feedback effects","targetRectangle":{"y":935.48222650118885,"x":143.8158016204834,"width":1037.1360000000006,"height":45}},{"text":"equation.pdf","targetRectangle":{"y":606.01473485216729,"x":143.8158016204834,"width":252.91049473042688,"height":35.847854756863285}},{"text":"equation.pdf","targetRectangle":{"y":854.63437174432568,"x":143.8158016204834,"width":255.67665358914871,"height":35.847854756863285}},{"text":"Motivation          Speech+Audio          Pre Processing          Networks          Verification+Identification          Detection+Recognition          Conditional          STT          TTS       ","targetRectangle":{"y":1021.5224609375,"x":69.71484375,"width":1827.24609375,"height":27.21484375}},{"text":"equation.pdf","targetRectangle":{"y":323.41506958007812,"x":661.15980162048322,"width":15.90967639288715,"height":35.847854756863285}}],"baseLayer":{"animations":[],"initialState":{"affineTransform":[1,0,0,1,0,0],"masksToBounds":false,"rotation":0,"scale":1,"position":{"pointX":960,"pointY":540},"width":1920,"sublayerTransform":[1,0,0,0,0,1,0,0,0,0,1,0,0,0,0,1],"contentsRect":{"y":0,"x":0,"width":1,"height":1},"opacity":1,"edgeAntialiasingMask":251658240,"height":1080,"hidden":false,"anchorPoint":{"pointX":0.5,"pointY":0.5}},"objectID":"0","layers":[{"animations":[],"initialState":{"affineTransform":[1,0,0,1,0,0],"masksToBounds":false,"rotation":0,"scale":1,"position":{"pointX":960,"pointY":540},"width":1920,"sublayerTransform":[1,0,0,0,0,1,0,0,0,0,1,-0.00035007912466775983,0,0,0,1],"contentsRect":{"y":0,"x":0,"width":1,"height":1},"opacity":1,"edgeAntialiasingMask":251658240,"height":1080,"hidden":false,"anchorPoint":{"pointX":0.5,"pointY":0.5}},"layers":[{"animations":[],"layers":[],"texturedRectangle":{"isBackgroundTexture":false,"singleTextureOpacity":1,"textureType":0,"textBaseline":0,"textXHeight":0,"isVerticalText":false},"initialState":{"affineTransform":[1,0,0,1,0,0],"masksToBounds":false,"rotation":0,"scale":1,"position":{"pointX":960,"pointY":540},"width":1920,"sublayerTransform":[1,0,0,0,0,1,0,0,0,0,1,0,0,0,0,1],"contentsRect":{"y":0,"x":0,"width":1,"height":1},"opacity":1,"edgeAntialiasingMask":0,"height":1080,"hidden":false,"anchorPoint":{"pointX":0.5,"pointY":0.5}},"texture":"B90E9694A6D52B8077B088C9CE10CB89"}]}]}}]}