{"assets":{"1212210CBA2229408DB8A49D3EDCF2DD":{"type":"texture","index":0,"assetRequest":{"type":"slide","state":"contents","slide":"none"},"url":{"native":"assets\/95846384-DD25-44A6-9E2A-470F17F2EE9E.pdf"},"width":1920,"height":1080},"6F71969FEBF365D0E5F387D1D3CA58C2":{"type":"texture","index":1,"assetRequest":{"type":"slide","state":"contents","slide":"none"},"url":{"native":"assets\/95846384-DD25-44A6-9E2A-470F17F2EE9E.pdf"},"width":1920,"height":1080}},"events":[{"effects":[{"beginTime":0,"baseLayer":{"animations":[],"initialState":{"affineTransform":[1,0,0,1,0,0],"masksToBounds":false,"rotation":0,"scale":1,"position":{"pointX":960,"pointY":540},"width":1920,"sublayerTransform":[1,0,0,0,0,1,0,0,0,0,1,0,0,0,0,1],"contentsRect":{"y":0,"x":0,"width":1,"height":1},"opacity":1,"edgeAntialiasingMask":251658240,"height":1080,"hidden":false,"anchorPoint":{"pointX":0.5,"pointY":0.5}},"objectID":"0","layers":[{"animations":[],"initialState":{"affineTransform":[1,0,0,1,0,0],"masksToBounds":false,"rotation":0,"scale":1,"position":{"pointX":960,"pointY":540},"width":1920,"sublayerTransform":[1,0,0,0,0,1,0,0,0,0,1,-0.00035007912466775983,0,0,0,1],"contentsRect":{"y":0,"x":0,"width":1,"height":1},"opacity":1,"edgeAntialiasingMask":251658240,"height":1080,"hidden":false,"anchorPoint":{"pointX":0.5,"pointY":0.5}},"layers":[{"animations":[],"layers":[],"texturedRectangle":{"isBackgroundTexture":false,"singleTextureOpacity":1,"textureType":0,"textBaseline":0,"textXHeight":0,"isVerticalText":false},"initialState":{"affineTransform":[1,0,0,1,0,0],"masksToBounds":false,"rotation":0,"scale":1,"position":{"pointX":960,"pointY":540},"width":1920,"sublayerTransform":[1,0,0,0,0,1,0,0,0,0,1,0,0,0,0,1],"contentsRect":{"y":0,"x":0,"width":1,"height":1},"opacity":1,"edgeAntialiasingMask":0,"height":1080,"hidden":false,"anchorPoint":{"pointX":0.5,"pointY":0.5}},"texture":"6F71969FEBF365D0E5F387D1D3CA58C2"},{"animations":[{"additive":false,"timeOffset":0,"beginTime":0,"from":{"scalar":false},"repeatCount":0,"fillMode":"both","duration":0.01,"autoreverses":false,"property":"hidden","to":{"scalar":true},"removedOnCompletion":false}],"layers":[],"texturedRectangle":{"isBackgroundTexture":false,"singleTextureOpacity":1,"textureType":0,"textBaseline":0,"textXHeight":0,"isVerticalText":false},"initialState":{"affineTransform":[1,0,0,1,0,0],"masksToBounds":false,"rotation":0,"scale":1,"position":{"pointX":960,"pointY":540},"width":1920,"sublayerTransform":[1,0,0,0,0,1,0,0,0,0,1,0,0,0,0,1],"contentsRect":{"y":0,"x":0,"width":1,"height":1},"opacity":1,"edgeAntialiasingMask":0,"height":1080,"hidden":false,"anchorPoint":{"pointX":0.5,"pointY":0.5}},"texture":"1212210CBA2229408DB8A49D3EDCF2DD"}]}]},"effects":[],"duration":0.01,"type":"transition","attributes":{"direction":0},"name":"none","objectID":"0"}],"automaticPlay":false,"hyperlinks":[{"url":"https:\/\/github.com\/oxford-cs-deepnlp-2017\/lectures\/blob\/master\/Lecture%252010%2520-%2520Text%2520to%2520Speech.pdf","targetRectangle":{"y":515.9276123046875,"x":1073.3953256607056,"width":730.91999999999985,"height":68}},{"url":"http:\/\/web.stanford.edu\/class\/cs224s\/lectures\/224s.17.lec14.pdf","targetRectangle":{"y":622.9276123046875,"x":1073.3953256607056,"width":714.60000000000036,"height":39}},{"url":"http:\/\/web.stanford.edu\/class\/cs224s\/lectures\/224s.17.lec15.pdf","targetRectangle":{"y":700.9276123046875,"x":1073.3953256607056,"width":714.60000000000036,"height":39}},{"url":"http:\/\/web.stanford.edu\/class\/cs224s\/lectures\/224s.17.lec16.pdf","targetRectangle":{"y":778.9276123046875,"x":1073.3953256607056,"width":714.60000000000036,"height":28.3038330078125}}],"accessibility":[{"text":"For a nice introduction to text to speech methods with more information than is included here, the following links are a good starting point:","targetRectangle":{"y":310.9276123046875,"x":993.39532470703125,"width":860.80000000000018,"height":127}},{"text":"Generative model-based text-to-speech synthesis","targetRectangle":{"y":476.9276123046875,"x":1025.3953256607056,"width":555.31200000000035,"height":39}},{"text":"https:\/\/github.com\/oxford-cs-deepnlp-2017\/lectures\/blob\/master\/Lecture%252010%2520-%2520Text%2520to%2520Speech.pdf","targetRectangle":{"y":515.9276123046875,"x":1073.3953256607056,"width":730.91999999999985,"height":68}},{"text":"Text normalization, letter to sound, prosody","targetRectangle":{"y":583.9276123046875,"x":1025.3953256607056,"width":480.62400000000025,"height":39}},{"text":"http:\/\/web.stanford.edu\/class\/cs224s\/lectures\/224s.17.lec14.pdf","targetRectangle":{"y":622.9276123046875,"x":1073.3953256607056,"width":714.60000000000036,"height":39}},{"text":"Waveform synthesis in TTS","targetRectangle":{"y":661.9276123046875,"x":1025.3953256607056,"width":300.11999999999989,"height":39}},{"text":"http:\/\/web.stanford.edu\/class\/cs224s\/lectures\/224s.17.lec15.pdf","targetRectangle":{"y":700.9276123046875,"x":1073.3953256607056,"width":714.60000000000036,"height":39}},{"text":"Parametric TTS, intoxication, depression, trauma, personality","targetRectangle":{"y":739.9276123046875,"x":1025.3953256607056,"width":676.72800000000029,"height":39}},{"text":"http:\/\/web.stanford.edu\/class\/cs224s\/lectures\/224s.17.lec16.pdf","targetRectangle":{"y":778.9276123046875,"x":1073.3953256607056,"width":714.60000000000036,"height":28.3038330078125}},{"text":"Basics","targetRectangle":{"y":46.669271469116211,"x":818.62499094009399,"width":282.75,"height":106.859375}},{"text":"Given","targetRectangle":{"y":237.33863830566406,"x":138.50917196273804,"width":94.031999999999982,"height":49}},{"text":"Training speech waveforms","targetRectangle":{"y":286.33863830566406,"x":186.50917053222656,"width":289.79999999999995,"height":45}},{"text":"Training text","targetRectangle":{"y":331.33863830566406,"x":186.50917053222656,"width":132.38400000000001,"height":45}},{"text":"Testing text","targetRectangle":{"y":376.33863830566406,"x":186.50917053222656,"width":123.93599999999998,"height":45}},{"text":"Generate","targetRectangle":{"y":482.33863830566406,"x":138.50917196273804,"width":150.65999999999997,"height":61}},{"text":"Testing speech waveforms","targetRectangle":{"y":543.33863830566406,"x":186.50917053222656,"width":281.35199999999998,"height":45}},{"text":"In a model based system","targetRectangle":{"y":649.33863830566406,"x":138.50917196273804,"width":399.60000000000002,"height":61}},{"text":"The training speech waveforms and training text are used to create a model","targetRectangle":{"y":710.33863830566406,"x":186.50917053222656,"width":741.74399999999991,"height":78}},{"text":"The model is used with the testing text to generate testing speech waveforms","targetRectangle":{"y":788.33863830566406,"x":186.50917053222656,"width":718.10399999999993,"height":78}},{"text":"Motivation          Speech+Audio          Pre Processing          Networks          Verification+Identification          Detection+Recognition          Conditional          STT          TTS       ","targetRectangle":{"y":1021.5224609375,"x":69.71484375,"width":1827.24609375,"height":27.21484375}}],"baseLayer":{"animations":[],"initialState":{"affineTransform":[1,0,0,1,0,0],"masksToBounds":false,"rotation":0,"scale":1,"position":{"pointX":960,"pointY":540},"width":1920,"sublayerTransform":[1,0,0,0,0,1,0,0,0,0,1,0,0,0,0,1],"contentsRect":{"y":0,"x":0,"width":1,"height":1},"opacity":1,"edgeAntialiasingMask":251658240,"height":1080,"hidden":false,"anchorPoint":{"pointX":0.5,"pointY":0.5}},"objectID":"0","layers":[{"animations":[],"initialState":{"affineTransform":[1,0,0,1,0,0],"masksToBounds":false,"rotation":0,"scale":1,"position":{"pointX":960,"pointY":540},"width":1920,"sublayerTransform":[1,0,0,0,0,1,0,0,0,0,1,-0.00035007912466775983,0,0,0,1],"contentsRect":{"y":0,"x":0,"width":1,"height":1},"opacity":1,"edgeAntialiasingMask":251658240,"height":1080,"hidden":false,"anchorPoint":{"pointX":0.5,"pointY":0.5}},"layers":[{"animations":[],"layers":[],"texturedRectangle":{"isBackgroundTexture":false,"singleTextureOpacity":1,"textureType":0,"textBaseline":0,"textXHeight":0,"isVerticalText":false},"initialState":{"affineTransform":[1,0,0,1,0,0],"masksToBounds":false,"rotation":0,"scale":1,"position":{"pointX":960,"pointY":540},"width":1920,"sublayerTransform":[1,0,0,0,0,1,0,0,0,0,1,0,0,0,0,1],"contentsRect":{"y":0,"x":0,"width":1,"height":1},"opacity":1,"edgeAntialiasingMask":0,"height":1080,"hidden":false,"anchorPoint":{"pointX":0.5,"pointY":0.5}},"texture":"1212210CBA2229408DB8A49D3EDCF2DD"}]}]}}]}