{"assets":{"B7F249B6A79A5249052A61D222BFB2B6":{"type":"texture","index":1,"assetRequest":{"type":"slide","state":"contents","slide":"none"},"url":{"native":"assets\/AA15623E-44A6-4FA6-8B99-768BB7A2E85D.pdf"},"width":1920,"height":1080},"03946A9C5E7FAC9D04AFAF676719CF9B":{"type":"texture","index":0,"assetRequest":{"type":"slide","state":"contents","slide":"none"},"url":{"native":"assets\/AA15623E-44A6-4FA6-8B99-768BB7A2E85D.pdf"},"width":1920,"height":1080}},"events":[{"effects":[{"beginTime":0,"baseLayer":{"animations":[],"initialState":{"affineTransform":[1,0,0,1,0,0],"masksToBounds":false,"rotation":0,"scale":1,"position":{"pointX":960,"pointY":540},"width":1920,"sublayerTransform":[1,0,0,0,0,1,0,0,0,0,1,0,0,0,0,1],"contentsRect":{"y":0,"x":0,"width":1,"height":1},"opacity":1,"edgeAntialiasingMask":251658240,"height":1080,"hidden":false,"anchorPoint":{"pointX":0.5,"pointY":0.5}},"objectID":"0","layers":[{"animations":[],"initialState":{"affineTransform":[1,0,0,1,0,0],"masksToBounds":false,"rotation":0,"scale":1,"position":{"pointX":960,"pointY":540},"width":1920,"sublayerTransform":[1,0,0,0,0,1,0,0,0,0,1,-0.00035007912466775983,0,0,0,1],"contentsRect":{"y":0,"x":0,"width":1,"height":1},"opacity":1,"edgeAntialiasingMask":251658240,"height":1080,"hidden":false,"anchorPoint":{"pointX":0.5,"pointY":0.5}},"layers":[{"animations":[],"layers":[],"texturedRectangle":{"isBackgroundTexture":false,"singleTextureOpacity":1,"textureType":0,"textBaseline":0,"textXHeight":0,"isVerticalText":false},"initialState":{"affineTransform":[1,0,0,1,0,0],"masksToBounds":false,"rotation":0,"scale":1,"position":{"pointX":960,"pointY":540},"width":1920,"sublayerTransform":[1,0,0,0,0,1,0,0,0,0,1,0,0,0,0,1],"contentsRect":{"y":0,"x":0,"width":1,"height":1},"opacity":1,"edgeAntialiasingMask":0,"height":1080,"hidden":false,"anchorPoint":{"pointX":0.5,"pointY":0.5}},"texture":"B7F249B6A79A5249052A61D222BFB2B6"},{"animations":[{"additive":false,"timeOffset":0,"beginTime":0,"from":{"scalar":false},"repeatCount":0,"fillMode":"both","duration":0.01,"autoreverses":false,"property":"hidden","to":{"scalar":true},"removedOnCompletion":false}],"layers":[],"texturedRectangle":{"isBackgroundTexture":false,"singleTextureOpacity":1,"textureType":0,"textBaseline":0,"textXHeight":0,"isVerticalText":false},"initialState":{"affineTransform":[1,0,0,1,0,0],"masksToBounds":false,"rotation":0,"scale":1,"position":{"pointX":960,"pointY":540},"width":1920,"sublayerTransform":[1,0,0,0,0,1,0,0,0,0,1,0,0,0,0,1],"contentsRect":{"y":0,"x":0,"width":1,"height":1},"opacity":1,"edgeAntialiasingMask":0,"height":1080,"hidden":false,"anchorPoint":{"pointX":0.5,"pointY":0.5}},"texture":"03946A9C5E7FAC9D04AFAF676719CF9B"}]}]},"effects":[],"duration":0.01,"type":"transition","attributes":{"direction":0},"name":"none","objectID":"0"}],"automaticPlay":false,"hyperlinks":[{"url":"https:\/\/arxiv.org\/abs\/1609.03499","targetRectangle":{"y":987.0008539557457,"x":1671.44189453125,"width":207.5546875,"height":19}}],"accessibility":[{"text":"Screen Shot 2021-10-19 at 2.09.48 PM.png","targetRectangle":{"y":315.75634765625,"x":931.60992431640625,"width":1013,"height":492}},{"text":"equation.pdf","targetRectangle":{"y":394.84716371673301,"x":179.76237487792969,"width":39.049170972326351,"height":36.660670654205603}},{"text":"Motivation          Speech+Audio          Pre Processing          Networks          Verification+Identification          Detection+Recognition          Conditional          STT          TTS       ","targetRectangle":{"y":1021.5224609375,"x":69.71484375,"width":1827.24609375,"height":27.21484375}},{"text":"equation.pdf","targetRectangle":{"y":298.33863830566406,"x":179.76237487792969,"width":342.40294471957668,"height":36.660670654205603}},{"text":"equation.pdf","targetRectangle":{"y":346.99930895986967,"x":179.76237487792969,"width":11.65188785046729,"height":35.847854756863342}},{"text":"Gated activation units","targetRectangle":{"y":237.33863830566406,"x":131.76237630844116,"width":351.25200000000001,"height":49}},{"text":"￼","targetRectangle":{"y":286.33863830566406,"x":179.76237487792969,"width":342.40294471957668,"height":48.660670654205603}},{"text":"￼ is the index layer ","targetRectangle":{"y":334.99930895986967,"x":179.76237487792969,"width":205.4278878504673,"height":47.847854756863342}},{"text":"￼ is a learnable filter, ￼ is a learnable gate","targetRectangle":{"y":382.84716371673301,"x":179.76237487792969,"width":499.01876213156856,"height":48.660670654205546}},{"text":"Chosen because it worked better than ReLU in experiments","targetRectangle":{"y":431.50783437093855,"x":179.76237487792969,"width":636.02400000000023,"height":45}},{"text":"Residual connections in the encoder with summed skip connections in the decoder","targetRectangle":{"y":537.50783437093855,"x":115.76237511634827,"width":668.05199999999991,"height":110}},{"text":"￼-law quantization of ￼ to 256 levels","targetRectangle":{"y":708.50783437093855,"x":115.76237511634827,"width":582.5542342154987,"height":65.771782135294984}},{"text":"￼","targetRectangle":{"y":774.27961650623354,"x":163.762375831604,"width":397.8800081701711,"height":47.847854756863285}},{"text":"￼","targetRectangle":{"y":822.12747126309682,"x":163.762375831604,"width":229.21838667326091,"height":47.847854756863285}},{"text":"Note that this is a non-uniform quantization method that is well matched to human speech","targetRectangle":{"y":869.97532601996011,"x":163.762375831604,"width":682.05599999999993,"height":78}},{"text":"equation.pdf","targetRectangle":{"y":834.12747126309682,"x":163.762375831604,"width":229.21838667326091,"height":35.847854756863285}},{"text":"Figure from https:\/\/arxiv.org\/abs\/1609.03499","targetRectangle":{"y":987.0008539557457,"x":1590.56689453125,"width":288.4296875,"height":19}},{"text":"equation.pdf","targetRectangle":{"y":720.50783437093855,"x":115.76237511634827,"width":20.705719626168218,"height":53.771782135294984}},{"text":"equation.pdf","targetRectangle":{"y":720.50783437093855,"x":461.08009474251639,"width":23.864514589330668,"height":53.771782135294984}},{"text":"equation.pdf","targetRectangle":{"y":394.84716371673301,"x":432.50754585025595,"width":43.185591159242222,"height":36.642038130841115}},{"text":"equation.pdf","targetRectangle":{"y":786.27961650623365,"x":163.762375831604,"width":397.8800081701711,"height":35.847854756863285}},{"text":"Example: WaveNet","targetRectangle":{"y":46.669271469116211,"x":550.96874094009399,"width":818.0625,"height":106.859375}}],"baseLayer":{"animations":[],"initialState":{"affineTransform":[1,0,0,1,0,0],"masksToBounds":false,"rotation":0,"scale":1,"position":{"pointX":960,"pointY":540},"width":1920,"sublayerTransform":[1,0,0,0,0,1,0,0,0,0,1,0,0,0,0,1],"contentsRect":{"y":0,"x":0,"width":1,"height":1},"opacity":1,"edgeAntialiasingMask":251658240,"height":1080,"hidden":false,"anchorPoint":{"pointX":0.5,"pointY":0.5}},"objectID":"0","layers":[{"animations":[],"initialState":{"affineTransform":[1,0,0,1,0,0],"masksToBounds":false,"rotation":0,"scale":1,"position":{"pointX":960,"pointY":540},"width":1920,"sublayerTransform":[1,0,0,0,0,1,0,0,0,0,1,-0.00035007912466775983,0,0,0,1],"contentsRect":{"y":0,"x":0,"width":1,"height":1},"opacity":1,"edgeAntialiasingMask":251658240,"height":1080,"hidden":false,"anchorPoint":{"pointX":0.5,"pointY":0.5}},"layers":[{"animations":[],"layers":[],"texturedRectangle":{"isBackgroundTexture":false,"singleTextureOpacity":1,"textureType":0,"textBaseline":0,"textXHeight":0,"isVerticalText":false},"initialState":{"affineTransform":[1,0,0,1,0,0],"masksToBounds":false,"rotation":0,"scale":1,"position":{"pointX":960,"pointY":540},"width":1920,"sublayerTransform":[1,0,0,0,0,1,0,0,0,0,1,0,0,0,0,1],"contentsRect":{"y":0,"x":0,"width":1,"height":1},"opacity":1,"edgeAntialiasingMask":0,"height":1080,"hidden":false,"anchorPoint":{"pointX":0.5,"pointY":0.5}},"texture":"03946A9C5E7FAC9D04AFAF676719CF9B"}]}]}}]}