{"assets":{"4444B4F15150543D31EC748A05AF7E12":{"type":"texture","index":0,"assetRequest":{"type":"slide","state":"contents","slide":"none"},"url":{"native":"assets\/93C7FF9C-1F54-47D0-934B-956A19969A45.pdf"},"width":1920,"height":1080},"8510C202FD8C0509324B9F18566B8961":{"type":"texture","index":1,"assetRequest":{"type":"slide","state":"contents","slide":"none"},"url":{"native":"assets\/93C7FF9C-1F54-47D0-934B-956A19969A45.pdf"},"width":1920,"height":1080}},"events":[{"effects":[{"beginTime":0,"baseLayer":{"animations":[],"initialState":{"affineTransform":[1,0,0,1,0,0],"masksToBounds":false,"rotation":0,"scale":1,"position":{"pointX":960,"pointY":540},"width":1920,"sublayerTransform":[1,0,0,0,0,1,0,0,0,0,1,0,0,0,0,1],"contentsRect":{"y":0,"x":0,"width":1,"height":1},"opacity":1,"edgeAntialiasingMask":251658240,"height":1080,"hidden":false,"anchorPoint":{"pointX":0.5,"pointY":0.5}},"objectID":"0","layers":[{"animations":[],"initialState":{"affineTransform":[1,0,0,1,0,0],"masksToBounds":false,"rotation":0,"scale":1,"position":{"pointX":960,"pointY":540},"width":1920,"sublayerTransform":[1,0,0,0,0,1,0,0,0,0,1,-0.00035007912466775983,0,0,0,1],"contentsRect":{"y":0,"x":0,"width":1,"height":1},"opacity":1,"edgeAntialiasingMask":251658240,"height":1080,"hidden":false,"anchorPoint":{"pointX":0.5,"pointY":0.5}},"layers":[{"animations":[],"layers":[],"texturedRectangle":{"isBackgroundTexture":false,"singleTextureOpacity":1,"textureType":0,"textBaseline":0,"textXHeight":0,"isVerticalText":false},"initialState":{"affineTransform":[1,0,0,1,0,0],"masksToBounds":false,"rotation":0,"scale":1,"position":{"pointX":960,"pointY":540},"width":1920,"sublayerTransform":[1,0,0,0,0,1,0,0,0,0,1,0,0,0,0,1],"contentsRect":{"y":0,"x":0,"width":1,"height":1},"opacity":1,"edgeAntialiasingMask":0,"height":1080,"hidden":false,"anchorPoint":{"pointX":0.5,"pointY":0.5}},"texture":"8510C202FD8C0509324B9F18566B8961"},{"animations":[{"additive":false,"timeOffset":0,"beginTime":0,"from":{"scalar":false},"repeatCount":0,"fillMode":"both","duration":0.01,"autoreverses":false,"property":"hidden","to":{"scalar":true},"removedOnCompletion":false}],"layers":[],"texturedRectangle":{"isBackgroundTexture":false,"singleTextureOpacity":1,"textureType":0,"textBaseline":0,"textXHeight":0,"isVerticalText":false},"initialState":{"affineTransform":[1,0,0,1,0,0],"masksToBounds":false,"rotation":0,"scale":1,"position":{"pointX":960,"pointY":540},"width":1920,"sublayerTransform":[1,0,0,0,0,1,0,0,0,0,1,0,0,0,0,1],"contentsRect":{"y":0,"x":0,"width":1,"height":1},"opacity":1,"edgeAntialiasingMask":0,"height":1080,"hidden":false,"anchorPoint":{"pointX":0.5,"pointY":0.5}},"texture":"4444B4F15150543D31EC748A05AF7E12"}]}]},"effects":[],"duration":0.01,"type":"transition","attributes":{"direction":0},"name":"none","objectID":"0"}],"automaticPlay":false,"hyperlinks":[{"url":"https:\/\/www.cs.toronto.edu\/~graves\/icml_2006.pdf","targetRectangle":{"y":986.68023627996445,"x":1585.55419921875,"width":325.796875,"height":19}}],"accessibility":[{"text":" ￼ is the network input (e.g. bins x T’)","targetRectangle":{"y":274.84347534179688,"x":93.85618782043457,"width":595.44370093457928,"height":53.771782135294984}},{"text":"￼ is the network output (e.g. classes x T)","targetRectangle":{"y":389.61525747709186,"x":93.85618782043457,"width":643.2826542056074,"height":65.771782135294984}},{"text":"Let classes ￼","targetRectangle":{"y":455.38703961238684,"x":141.8561863899231,"width":333.25457943925232,"height":47.847854756863285}},{"text":"So for each time frame the network is predicting a PMF over all the letters + blank (-) for the corresponding input frame","targetRectangle":{"y":503.23489436925013,"x":141.8561863899231,"width":680.85599999999988,"height":78}},{"text":"Note that other options are possible for the classes (e.g. phonemes for smaller, word pieces for larger)","targetRectangle":{"y":581.23489436925013,"x":141.8561863899231,"width":607.51200000000006,"height":78}},{"text":"Note that the T’ can be the same size as T or different (frequently T is smaller than T’)","targetRectangle":{"y":659.23489436925013,"x":141.8561863899231,"width":702.69599999999991,"height":78}},{"text":"The key is the inclusion of the blank class for alignment purposes","targetRectangle":{"y":737.23489436925013,"x":141.8561863899231,"width":693.38400000000024,"height":45}},{"text":"￼ is a path that corresponds to selecting 1 class at each of the T times","targetRectangle":{"y":843.23489436925013,"x":93.85618782043457,"width":768.45970093457936,"height":114.77178213529498}},{"text":"Ex: ￼","targetRectangle":{"y":958.00667650454511,"x":141.8561863899231,"width":395.33944721791067,"height":47.847854756863285}},{"text":"Definitions","targetRectangle":{"y":46.669271469116211,"x":735.89061594009399,"width":448.21875,"height":106.859375}},{"text":"equation.pdf","targetRectangle":{"y":467.38703961238684,"x":262.31218638992311,"width":212.79857943925231,"height":35.847854756863285}},{"text":"equation.pdf","targetRectangle":{"y":855.23489436925001,"x":93.85618782043457,"width":19.83970093457944,"height":53.771782135294984}},{"text":"equation.pdf","targetRectangle":{"y":970.00667650454511,"x":181.0001863899231,"width":356.19544721791067,"height":35.847854756863285}},{"text":"Screen Shot 2021-10-18 at 5.05.36 PM.png","targetRectangle":{"y":286.83212280273438,"x":1057.8312072753906,"width":716.15695828736352,"height":812.34375}},{"text":"equation.pdf","targetRectangle":{"y":274.84347534179688,"x":103.86418782043457,"width":24.051700934579443,"height":53.771782135294984}},{"text":"equation.pdf","targetRectangle":{"y":401.61525747709186,"x":93.85618782043457,"width":21.886654205607471,"height":53.771782135294984}},{"text":"Motivation          Speech+Audio          Pre Processing          Networks          Verification+Identification          Detection+Recognition          Conditional          STT          TTS       ","targetRectangle":{"y":1021.5224609375,"x":69.71484375,"width":1827.24609375,"height":27.21484375}},{"text":"Figure from https:\/\/www.cs.toronto.edu\/~graves\/icml_2006.pdf","targetRectangle":{"y":986.68023627996445,"x":1504.67919921875,"width":406.671875,"height":19}}],"baseLayer":{"animations":[],"initialState":{"affineTransform":[1,0,0,1,0,0],"masksToBounds":false,"rotation":0,"scale":1,"position":{"pointX":960,"pointY":540},"width":1920,"sublayerTransform":[1,0,0,0,0,1,0,0,0,0,1,0,0,0,0,1],"contentsRect":{"y":0,"x":0,"width":1,"height":1},"opacity":1,"edgeAntialiasingMask":251658240,"height":1080,"hidden":false,"anchorPoint":{"pointX":0.5,"pointY":0.5}},"objectID":"0","layers":[{"animations":[],"initialState":{"affineTransform":[1,0,0,1,0,0],"masksToBounds":false,"rotation":0,"scale":1,"position":{"pointX":960,"pointY":540},"width":1920,"sublayerTransform":[1,0,0,0,0,1,0,0,0,0,1,-0.00035007912466775983,0,0,0,1],"contentsRect":{"y":0,"x":0,"width":1,"height":1},"opacity":1,"edgeAntialiasingMask":251658240,"height":1080,"hidden":false,"anchorPoint":{"pointX":0.5,"pointY":0.5}},"layers":[{"animations":[],"layers":[],"texturedRectangle":{"isBackgroundTexture":false,"singleTextureOpacity":1,"textureType":0,"textBaseline":0,"textXHeight":0,"isVerticalText":false},"initialState":{"affineTransform":[1,0,0,1,0,0],"masksToBounds":false,"rotation":0,"scale":1,"position":{"pointX":960,"pointY":540},"width":1920,"sublayerTransform":[1,0,0,0,0,1,0,0,0,0,1,0,0,0,0,1],"contentsRect":{"y":0,"x":0,"width":1,"height":1},"opacity":1,"edgeAntialiasingMask":0,"height":1080,"hidden":false,"anchorPoint":{"pointX":0.5,"pointY":0.5}},"texture":"4444B4F15150543D31EC748A05AF7E12"}]}]}}]}